9958 4024 4421 9184 1463 4894 3721 7214 9448 6105 
9256 8367 4089 5281 8102 9652 1288 1305 9728 1324 
2302 2132 6881 1576 4577 4135 7563 7682 6058 9960 
7516 1531 3530 8428 8426 2002 2629 1386 8053 7155 
1752 5241 8694 9565 2364 8720 8386 3982 2761 6646 
1680 8249 5416 7893 8266 8271 9632 3760 2928 8996 
5238 6093 4632 3922 4734 8751 1764 5980 2178 1151 
3135 3881 7377 1902 2074 6419 6162 8388 4268 1104 
8501 1856 7343 3321 7639 9500 2432 3308 4889 9532 
7205 4885 4491 9093 8509 8185 5808 7722 1189 9615 
9608 4314 9788 3262 4447 8273 1510 2730 5305 6153 
8364 2717 4264 4092 9630 5510 4300 3394 9494 3897 
8940 8381 5701 5587 2749 9323 2492 4770 4740 7019 
4095 6360 7648 3820 2797 1906 4374 3475 4526 3638 
6311 7840 3622 6582 8551 5863 5529 4559 1528 3871 
8943 8534 4434 3888 8218 9607 9081 8183 4074 9626 
7298 6743 2451 9160 6694 2813 3427 9498 8237 8822 
6153 8597 2154 2141 1763 4414 1232 7845 3853 4394 
5017 8379 4419 9256 7604 4739 8408 6117 4848 8775 
5179 7592 4594 4328 6474 5269 1265 9530 6107 9185 
6977 4179 9888 5536 9568 2538 9141 7677 4848 4571 
8552 1058 8195 9667 2061 8987 4146 6892 9849 7185 
6220 6930 8901 3692 6265 9655 1966 8082 2255 2116 
5060 9688 4445 2416 3685 5145 2614 3218 6129 2410 
6627 9291 7904 1991 5035 6167 1287 6366 8844 8251 
5329 8630 8725 2966 1745 8264 9807 2073 2075 6343 
8189 1696 1886 8932 4994 6681 3618 2423 5480 3001 
2612 6787 2571 9514 7927 5876 6975 1314 5484 7374 
4197 5677 1487 8394 6368 6201 1012 6165 9561 8598 
9170 8820 2155 2197 2472 1812 3402 7618 9646 3457 
9913 5251 8422 1159 7447 6841 8928 1092 3914 3453 
2218 4543 9580 9846 6313 8081 9231 9563 7761 3214 
8983 2482 8149 8750 5642 5125 7415 3685 1157 2724 
7454 1151 8239 1999 8238 1750 4804 3679 2506 5691 
7098 8449 5634 4113 8866 1325 8045 5722 6706 3392 
9817 7837 4422 5103 1394 4535 1542 9107 3413 6286 
9671 3217 6023 5668 2681 3859 4053 5549 2213 7498 
6373 6246 9105 8587 1875 9862 7732 5237 9123 3073 
6380 3914 7135 1647 4609 3640 3495 1629 2747 6084 
8153 2420 9783 3923 5446 2382 6732 3604 5795 7819 
3748 8176 6846 5201 2625 4633 6851 8729 6293 7091 
5805 3446 7650 9978 6058 8227 9067 6005 3684 6071 
1285 4297 8744 5138 5066 5182 5394 2302 8393 4258 
5821 5338 6174 4892 5990 7261 1193 4093 8196 4149 
1055 9134 1204 6135 7671 1870 3539 3619 5268 7474 
9751 4160 5727 8939 2099 1722 9549 6070 8389 7886 
5152 7185 4013 9685 6781 1969 6185 4300 2045 5756 
4729 5950 5785 9032 4930 2008 8576 4855 4895 2898 
9416 6988 8603 1327 2196 1614 3217 6729 5465 8501 
9957 1575 4486 5101 8362 5675 7679 2603 6255 8942 
4191 1311 2271 5118 5739 8106 5573 5887 2338 2721 
1830 9432 2241 1311 7907 2723 9057 1920 8559 8836 
6866 5650 6436 3953 9137 3598 5905 4450 9424 4180 
5937 1235 3222 1525 7904 4632 7169 9647 5198 3405 
3374 1533 8954 2391 8234 2845 1718 8518 6126 2298 
3530 3492 5492 4550 2028 8039 3539 8302 4908 8703 
6945 9588 6231 7878 9756 8021 5778 6672 5122 1687 
6253 2818 2671 4165 5956 8149 4781 2811 9127 6725 
7864 6198 3299 9129 4574 5689 7178 1353 9071 3759 
1808 6124 3431 7760 3400 7318 1962 6015 2119 7377 
2606 1375 1024 5083 6762 9905 1225 4952 8391 6355 
2932 4416 6921 9833 7834 1027 3270 7150 2162 7871 
6187 7018 7550 3238 6598 3057 1224 7014 9244 2006 
8968 6533 6068 3533 9822 5522 8652 7010 2901 6202 
7950 7849 8286 1610 7056 5140 7717 8146 1233 4101 
9869 8796 4064 8616 7570 2002 2348 5410 9654 1629 
4272 9528 5498 8352 9695 1142 1300 6300 6638 4848 
6892 7429 8096 5270 6354 7076 1942 5781 6431 4965 
1398 4370 4473 6829 3355 1079 1808 6281 5257 4599 
6046 7244 1321 5268 1140 5920 1867 8993 5494 7282 
9609 9529 1528 7265 8893 8504 1641 7727 2230 6607 
3945 7280 6410 9307 7560 7066 5109 9897 1997 4549 
9272 4960 4032 8852 8850 1792 5429 4972 1254 2073 
2348 6520 3654 1283 8605 5727 4386 6830 8486 8409 
7065 5920 6975 2518 1722 7635 1953 4404 7878 4916 
4798 4565 1090 1640 7472 4631 7030 8433 8821 3358 
6390 1868 5622 2529 4065 9556 8946 5968 9826 6617 
9042 7644 7549 2353 4393 1043 8350 9412 2245 6814 
3357 5707 4591 2075 1766 8669 6799 7272 5282 3793 
2782 2702 8408 9939 9935 6693 4037 3526 9287 3425 
8585 9049 9232 1277 7195 3408 2235 9476 1409 2768 
6316 3651 8732 1739 1892 1802 4929 6366 7873 2100 
5759 9886 7335 7535 8621 2910 6250 3518 3173 5940 
9805 4513 8318 4421 3915 2873 9805 9165 4041 8113 
1455 3113 8667 4975 5714 4456 2515 6670 5793 5557 
7268 5520 9027 5371 9119 8385 5986 7107 4520 2704 
9695 1528 5723 2625 2630 8468 6539 2145 5746 6146 
1814 6069 1250 4351 8274 3524 6147 8185 2849 7143 
8906 3925 6736 4345 2449 7730 4927 3932 1974 6172 
2551 1745 8604 5863 1684 7130 1611 8471 2383 6111 
1947 7872 6304 2844 2936 1158 6220 5108 9977 2173 
8840 2628 1316 9762 1074 6994 4798 9747 8026 6558 
6755 4807 3138 2036 9589 2478 2731 9522 6811 9062 
9321 3558 7645 2643 6969 6220 3529 3401 5077 8421 
1044 8290 7022 2574 8966 2158 2470 2965 5660 8603 
4245 1777 3149 2035 9606 4265 4533 7501 3726 5374 
4297 6870 8613 6050 1227 3136 2235 1574 6627 3458 
2473 7790 3186 3430 6373 4134 1258 5834 6282 1838 
7669 5645 8017 8879 9518 8203 2519 8945 7307 4059 
6526 9626 4197 5684 7659 1549 2133 2850 4606 1166 
5459 3365 9283 4197 3098 2317 7208 5729 7682 8886 
1526 9769 4629 2317 3542 9296 6003 5611 9853 4453 
4212 4170 1640 1658 5040 8999 3671 5706 1921 3907 
7772 5155 5080 2574 3306 2846 2024 9255 8373 2116 
7431 5563 6256 1914 1449 6054 5499 9061 8999 6785 
9359 8723 7158 2532 8982 6081 9372 3703 6354 6023 
6471 6968 5116 9118 2881 1406 8155 7807 7451 3801 
2466 9916 7817 5667 2363 4451 3389 2972 3233 4174 
7520 3845 7835 2662 9930 9703 9989 1200 4887 2944 
1769 4648 5477 5634 8346 6388 9579 9381 8914 9452 
4819 8464 1810 3477 3289 2579 2738 9957 6356 6841 
9195 2390 3724 3818 5946 5019 3711 9772 4987 3798 
1121 2899 4237 6661 9819 6875 8469 5831 9911 3807 
3013 2047 4610 4613 3524 3374 9208 9859 6076 9714 
6918 8872 8772 7668 3043 3150 7511 7071 8380 3987 
3596 7796 8630 1431 8403 5243 9956 1022 6472 7518 
3427 8903 4528 6367 4181 4423 4277 5495 7434 8844 
4900 4603 7499 7162 9861 3839 9488 6734 6543 3925 
9683 4663 5170 5294 6730 9151 4007 7467 7758 3110 
4288 7068 6299 8208 8175 9515 3150 1054 8298 6871 
3010 9252 5953 5295 1279 2921 4351 1330 8934 6182 
3467 5336 5699 2864 2732 2349 9731 7618 4252 8912 
6008 4890 2216 3693 6104 2821 4810 2810 8901 1241 
4546 4975 5232 8128 4299 4393 7494 2200 7344 2032 
1187 2636 8459 4656 8689 2619 8372 7220 8623 1671 
9778 7146 8282 8785 3611 8139 7198 5774 7156 6108 
1715 2737 5068 6070 7705 7364 1589 6787 5415 3879 
8842 9205 1235 2591 8771 9179 4143 9989 6270 6146 
2415 2234 8190 8207 3910 4111 7078 3099 3890 6518 
7345 4006 5519 5302 9315 2998 2953 1449 4194 1557 
8927 2774 3665 9345 7864 2371 3089 1908 6480 4417 
8373 5837 9790 4168 3322 3458 3082 6582 1712 7930 
5870 9842 2378 5934 7355 4697 9262 3633 2983 6517 
4317 1551 8609 3306 6762 6669 8152 9962 1232 6639 
4013 5426 4712 1224 9016 4865 4709 1068 2730 4772 
1248 4344 3193 1766 8482 7030 1114 1534 2375 3134 
8554 8630 7775 4178 1675 9999 7618 4390 7810 3844 
7479 6833 6460 6386 8339 6702 9832 4906 5395 4533 
8990 2534 6469 5202 6343 1831 1859 4307 2414 1194 
1852 6611 9733 2089 3080 8039 7513 7687 5013 2029 
5449 4397 8682 3481 7599 5047 8409 6619 2407 3530 
1291 2033 9533 8320 1945 3348 1944 2085 8755 8881 
5303 3388 5769 5404 7115 1059 1820 1130 4419 3812 
1682 2156 7273 2431 9249 8405 3666 4381 8444 8547 
3732 5662 8251 8322 3359 9315 2053 4838 2703 4875 
8767 1170 3671 1946 4085 7938 7826 5849 3994 8114 
1005 3764 7166 2275 9341 2215 5539 7008 9090 1161 
9304 9971 7220 6686 5755 3860 8614 2343 2717 4227 
3355 9286 9266 5673 4502 5929 9852 9070 5470 2699 
4705 8191 4753 8082 3137 5940 1167 4922 6419 9591 
6360 3882 5824 9869 6472 7913 7111 9594 4445 8492 
6223 4660 6911 2299 3954 6744 4778 2844 2520 9831 
3247 9051 9231 9986 4057 5961 6045 4615 8986 1154 
2511 8749 3899 6745 3334 2489 9593 1998 7800 1048 
5800 9055 4860 5306 7859 3083 7970 7323 7838 5739 
3296 1751 2833 3845 5780 1559 1750 5859 4766 1018 
4231 4249 7289 5497 2319 1612 2473 9023 8485 2539 
2144 1181 6448 5341 6351 5944 8114 1923 1736 9638 
5275 5099 3746 3662 6226 3455 6468 8855 5677 5934 
7310 8823 5676 8429 5510 9571 6340 7297 6837 8898 
3091 6181 7273 3308 4535 7894 3879 2953 2121 7827 
8356 4351 9537 6990 5001 5212 5501 6907 9935 6312 
3168 2797 5431 6377 7557 5809 7842 4900 6875 7024 
8252 1974 1372 8045 7439 6456 4330 7125 6025 9630 
1768 7914 9178 2299 8929 6926 4290 7362 3947 6732 
2290 1767 7510 8535 4323 1233 4235 6378 4170 7645 
5348 3679 4688 2857 7109 5982 8207 7361 9479 1801 
7228 1666 3314 3709 1261 8861 8129 9734 6992 5292 
8353 1250 3608 6638 8671 4589 9113 4304 3526 1457 
1204 9418 9437 9133 7860 6529 6605 9430 5434 6731 
6107 5628 4951 3188 4469 1315 9901 5929 4419 1669 
4641 3694 8901 3221 6844 7194 2720 8524 2838 8351 
3642 9208 1351 4103 8335 9491 1968 6911 1388 9079 
5628 8397 4670 5201 1472 7695 6646 2596 6714 3926 
2657 3555 3002 5890 2921 6718 1139 7221 2015 1440 
5854 2705 8240 6172 2244 6313 7189 7806 3461 4585 
1271 3350 3964 7927 6343 4949 1627 2552 5934 1535 
3893 5274 1439 8330 9693 7084 5233 8229 7574 1854 
9523 7440 1626 1449 9199 4474 8252 7095 5531 9488 
7305 4469 6128 7662 5824 1210 3519 4871 1290 8238 
3114 9892 8305 7153 8745 4562 7159 2941 1794 1717 
1717 5022 9894 6346 6253 2972 2550 6661 7837 8254 
4282 8326 9537 6025 2054 3645 2467 4356 2005 4560 
3241 9500 9293 6021 7830 5797 4448 5605 3567 1075 
7191 7965 7304 8071 9334 9524 3096 3476 4412 1745 
6686 2053 6194 9713 6585 3114 7423 8269 1105 5214 
3062 9915 4934 8568 4477 1015 5313 1552 5813 9756 
7628 9887 2107 9533 1483 8269 8950 5704 6044 2565 
4706 9490 5261 4286 5390 2682 7834 3404 4472 7166 
1836 2994 6626 7906 8858 5447 3344 4249 4359 7297 
6396 9587 7203 7896 7053 5345 6415 9145 1199 5991 
6040 5206 8664 7385 9599 7092 2676 8047 6369 2027 
9123 5503 1478 2412 5011 3806 5112 4993 1449 3238 
7402 5619 5735 3435 9596 2621 8913 1570 2964 3271 
6469 5092 5829 9688 6795 3813 8960 6309 7733 9160 
8844 5249 1938 3226 3335 3875 8487 7198 3009 9633 
9796 9435 2514 2738 7649 2470 7105 5926 9339 8535 
8095 9690 3591 1619 3454 1398 4063 2401 5611 5276 
9509 2632 6879 9058 8791 8038 5912 6974 3719 9657 
9251 3233 6557 6688 9288 1750 2392 8347 4201 9804 
8877 2394 3071 1826 6066 9996 8031 1124 6219 2167 
4427 1566 9639 4443 6352 2481 1300 5920 9928 6557 
1423 3335 6846 2946 9993 5838 9498 5187 1936 4054 
6082 1967 8698 2403 6378 8292 6059 1962 5440 7723 
1167 4387 2415 9979 9137 2231 1413 7961 9460 7603 
2105 4944 2118 3010 2608 8908 9159 6816 1656 3597 
8495 5311 9650 6986 4377 4842 7301 2009 4256 3442 
7552 8940 2371 2689 5143 4698 3847 2817 9803 7804 
5750 2047 5049 6865 6730 9797 4205 2013 9545 9100 
2610 8877 1906 4908 6422 4606 3052 3622 2545 8409 
6265 5864 3378 9040 8021 5054 2246 8647 3128 2718 
6444 2464 4816 3253 1561 3421 1329 3935 5790 2177 
7064 6584 8829 3868 4850 9716 4757 2884 8774 7613 
5667 4004 7906 6742 4239 7922 3076 4795 2483 3048 
6969 5736 5132 8846 7925 4895 2069 4288 6670 8049 
3246 6583 7773 7386 1040 3061 4435 9187 3682 3693 
3986 8648 6576 5493 2392 2621 7241 3321 3676 4146 
2259 8559 7230 4167 8330 5588 1293 8950 6977 8386 
2214 5419 2123 6787 1988 7771 9891 9661 2148 7568 
5436 4896 5424 6424 7270 1813 1953 5734 1906 1840 
6007 1895 5276 6647 6808 3875 6102 3407 6507 9470 
3470 6497 8403 2363 2808 2031 7149 3797 7408 7490 
7039 6894 8156 5320 1264 6080 5263 2876 5294 4205 
2586 5229 5352 2911 5344 4156 3423 3132 1473 2238 
7892 6694 6789 3198 9140 9104 1252 4534 4211 2901 
3118 9828 6067 4049 3916 7341 3097 1524 8131 8376 
6309 4853 8719 3111 9955 3259 6904 7661 4230 5294 
8829 9718 9791 5691 6063 9279 5048 6909 8266 5296 
4807 1707 4767 9840 3984 2227 1446 2622 3819 1977 
5420 8829 6426 8569 7078 4526 7677 1712 7408 6665 
2129 2365 9474 5115 6491 9763 4234 2785 4937 7928 
8556 4623 7481 6562 2335 5818 7642 5933 9456 2325 
2184 8064 1013 5216 9395 2228 4350 5090 2464 7601 
2328 2549 3897 2634 9548 1839 7310 3583 2521 6515 
8384 8458 8883 8366 5686 3190 8950 6018 3685 4428 
3948 1057 7154 8688 3411 8258 9458 8184 3600 1844 
7177 6656 3543 5586 8184 6562 4643 1897 7902 7017 
2365 1782 4570 7163 9904 9169 7411 9643 3910 4955 
9460 8095 1677 5797 6556 8232 4895 2162 1935 4119 
3793 7456 8924 4722 3950 9591 4263 3933 9679 3019 
2773 6797 5626 3086 5155 4489 7238 4953 5687 2521 
5895 9522 6319 6568 8540 5848 5377 5859 3595 5048 
9379 3995 1430 9249 7659 8939 5779 4490 1270 4028 
6759 3078 3753 7144 3980 1291 3897 6758 2975 7850 
5474 5323 1820 5302 2249 6590 8077 4735 1631 2373 
5616 2681 3664 3414 6874 2085 7962 9968 2406 4675 
9712 2571 4349 8444 5433 3086 9722 6968 9106 4674 
6261 6450 7333 7991 2621 4201 1865 9962 3725 6381 
5892 1021 8882 7070 1947 2829 2734 9677 1890 8230 
1445 9484 6370 7209 2291 4492 3521 7212 2267 2397 
3850 3238 1272 3190 6448 9548 1147 7301 4462 2851 
2877 1346 8475 5273 3947 9593 4150 4164 6044 5511 
5320 5732 5925 7709 7426 4365 1418 8911 1132 5831 
9065 9946 7747 6793 8937 5373 6547 6159 3765 5377 
2813 3349 3756 1992 1373 2219 4996 1212 1024 6662 
8212 5880 3831 5955 4128 7036 4166 7460 5781 9114 
6829 4650 4840 8700 6187 6886 3770 2429 7637 2286 
6759 5031 6038 3449 5161 5408 7032 8217 7674 4169 
7232 2124 3474 5707 8820 5581 1457 1634 5722 5909 
8144 1436 1853 4124 8941 3888 9103 4451 1477 4813 
8173 8648 1254 9944 1358 1794 4098 9406 2775 1246 
1354 4502 7366 5048 5640 1376 8956 3867 5929 3550 
4633 2642 2459 1970 4544 5539 4884 7240 1231 5981 
2037 3926 8580 1829 7297 9530 7726 4400 7825 4203 
5789 9161 5054 4840 2023 7039 4834 5376 8429 3442 
5985 5866 5446 2908 8370 5513 2131 5104 7742 6048 
2933 4221 5019 4628 6349 8959 3671 8059 3218 3949 
8272 9529 1526 2100 1799 1429 2652 9268 9541 1880 
4384 7405 7648 2990 5152 9518 8877 1887 1329 7909 
8501 5589 1656 3446 7686 6773 6660 4034 6586 4243 
8055 1418 9904 9121 8427 3783 9803 6396 2011 8950 
4117 4367 8345 8268 4353 7600 1189 6827 9288 5480 
9783 7131 4429 8450 7373 2376 4520 6624 8278 1339 
9506 5584 1649 8020 3773 3970 5616 9275 1816 8378 
7713 1266 5928 4110 4238 3998 6762 2047 8181 7436 
7966 2248 2638 2700 7379 6331 4832 4191 8314 6699 
9459 1256 9348 9574 4871 7920 9910 3075 2874 4033 
9553 4342 7082 1893 9327 8634 4954 9038 6159 6569 
2895 1088 6022 5464 1727 8545 5549 7493 6238 9015 
7497 2934 2086 7864 9818 3062 2133 3644 5891 1767 
2088 1971 4459 1123 1588 7495 6310 2788 1375 9585 
2312 4792 7600 1153 3803 8449 7801 8931 3108 3117 
6635 9203 1250 4710 6506 7493 2032 9482 4269 6800 
5132 1374 3310 1954 3467 4446 1443 8827 4235 6694 
8462 7415 1109 7474 9982 4703 4421 3754 4840 4901 
7564 3046 9627 4181 9820 4351 3876 4605 5142 2822 
1243 3913 4457 7968 6636 9617 9332 5923 9949 5648 
7545 6390 1218 6382 2341 3411 7597 8114 7200 2536 
8495 1395 3521 6684 9152 4006 7343 8571 2471 8825 
2690 7862 6022 4226 5018 4160 8823 5503 2858 2175 
4793 1382 7819 9875 3797 4014 1467 8159 4244 9558 
7431 2450 1271 6806 6304 6043 8723 5565 2755 3033 
9597 9290 1380 4902 1801 5234 2999 9777 6414 8691 
8971 2359 2038 7665 4493 7968 6538 6388 9008 6885 
6632 2317 3582 1283 3902 2300 4834 2395 7368 5002 
8487 7607 8163 6826 1539 2854 8060 2992 1226 4279 
6773 1837 2179 7321 3255 5211 6367 1005 8466 1795 
3875 1487 9634 6582 5580 1669 4615 1158 1231 4828 
9987 6155 6612 8810 8346 3203 5911 5018 7676 5744 
3161 7561 5839 7934 2660 9466 6608 1838 2139 4068 
4968 8441 6963 6079 1850 5831 3461 7450 5976 7124 
1005 4585 1295 5989 1001 7171 9727 1198 9471 4171 
6817 7698 3094 5886 9471 8236 5744 3227 6604 7534 
4105 4010 4235 7749 5332 7031 5788 1069 6782 1431 
4433 4256 6278 7328 2022 2730 2399 3409 3748 2826 
3913 2680 3148 4207 7680 2539 1136 1097 1838 9503 
7740 4522 7289 9811 4038 5287 4571 5724 4454 5604 
7667 5906 7762 8483 3975 6685 3496 8609 9263 8166 
7895 7508 2434 7541 8961 6822 8226 8753 4679 4883 
8086 1196 2082 4397 6615 3108 7125 1008 7532 6492 
2515 8727 7965 7751 2643 5495 7680 3190 6904 4535 
2690 9366 2202 3045 5205 1131 5575 8446 7711 5324 
5569 1493 4182 4300 5726 4122 5238 1162 2404 4666 
2825 3639 3243 7270 3309 4144 1064 6473 1098 1527 
6140 9455 7615 2638 5431 4113 7807 9545 2921 4291 
2018 1620 2717 8217 4502 2387 8211 4718 2528 2912 
7514 7881 2645 7620 5438 4040 4844 3867 1695 5708 
9597 4190 5222 3968 1467 9779 9490 3093 4102 1477 
9586 5043 7212 3547 2699 5920 9675 2619 1271 3668 
1153 6702 9794 1096 2025 1671 2129 6640 8278 6346 
3595 6411 2787 1864 8231 1738 7194 2496 6698 6629 
6697 4893 6827 1240 8923 7321 6992 9740 1666 7780 
4193 2662 8966 3699 4617 4676 3864 2169 1913 3408 
2777 3297 7033 7943 5506 7625 3872 8289 5812 9423 
5041 7942 8326 9313 2652 4862 8000 6939 8405 5017 
4173 5746 5319 7124 6512 7962 6935 1034 2851 6238 
9860 9556 7531 1934 5616 7980 4617 1010 8325 9523 
7800 6861 7745 4838 4497 7881 2385 7900 4126 8925 
9966 1227 1070 4026 8794 7119 9942 2566 5909 8671 
8329 1108 1999 7259 2555 9310 7824 2261 8254 4939 
1378 1482 2166 4119 5373 8831 6058 3169 8321 4797 
9358 7381 4189 7244 3570 7990 5012 5817 9953 1064 
1161 1287 1343 5198 2074 7215 9219 8916 6591 6095 
5952 1287 5464 9468 8670 4012 9135 6169 9363 3015 
2292 7395 8076 3305 5825 8650 6943 4756 2242 7294 
1187 1864 7759 1806 6639 1388 9773 9733 1400 9181 
7607 3970 2452 1900 1477 9975 5044 3827 1870 8677 
2061 7712 3136 8400 2233 3436 4527 5645 1828 7207 
2531 1398 4589 4611 9818 5207 5760 3236 5574 4283 
4962 9128 9842 5819 1318 9090 4174 4158 8036 9711 
2029 3394 4386 6538 1662 6886 6416 9792 5581 8004 
8558 9241 3220 1740 5294 5607 8935 3452 9683 9646 
2216 9891 1995 4485 3077 6540 6227 6856 9688 1797 
8303 5007 8838 2640 1749 2725 7885 4536 9640 5208 
9688 4010 6629 1381 8807 2474 9817 1285 8517 2178 
1333 5464 9332 1914 8507 7564 6696 1271 8804 8482 
7553 2158 5102 6927 9115 4180 8425 1608 2984 1753 
5093 2923 9741 6851 1396 3384 1361 2968 2663 8088 
1548 5220 1019 2988 7015 1573 5084 5513 8352 5452 
6614 4886 3066 2088 4473 9609 1134 1664 1234 1491 
6708 5959 9872 6135 8347 9760 7970 3891 9328 9641 
1580 1738 3173 6143 4754 8272 8833 4142 1234 3849 
9156 8457 8449 1802 1771 8847 1954 3379 9437 8959 
4886 9040 4239 2200 9080 2143 8556 9173 8759 7052 
8393 7157 3992 9728 5838 5112 4931 2917 7216 9590 
3880 4481 7971 2081 3552 7506 5882 9819 4179 5461 
5229 5933 5983 8557 2985 5724 7078 4401 5479 7197 
3447 6933 3376 7859 3681 7718 5485 6303 9776 2671 
5454 3331 7602 3545 2276 2794 8096 4233 5195 7289 
7780 2428 9364 7601 7980 9741 9505 9221 9960 6929 
7734 3210 9372 7627 2773 8268 9174 2629 7241 5044 
6113 5935 6428 4207 2936 5642 8139 5441 4950 2144 
3580 8042 6912 1835 6022 4197 9035 1100 7891 5446 
9344 6057 2287 6050 7628 4589 5630 4692 3000 9065 
9123 6152 5140 4766 6151 4301 7307 7533 9693 6698 
4008 3667 4891 3302 9875 6630 3750 8682 2975 9265 
5638 9212 2886 4109 5472 7286 8460 6737 7793 5327 
1453 6751 1758 9658 1234 7378 8595 7358 4908 1820 
5091 3127 1697 4930 3829 5458 3320 9831 8634 2245 
1196 7788 2425 8425 9197 1674 7839 4513 5411 3999 
8910 3350 5249 7926 7762 9563 8320 3413 7000 5614 
8711 9454 4277 4825 4241 2267 7483 8415 4354 7380 
9000 4438 9507 1596 1361 5535 4722 8185 6046 5393 
8353 4972 7379 7681 7531 6037 3116 5118 6966 3723 
6289 9533 3991 8093 1012 4072 8814 3379 5019 5279 
6389 7532 5842 3339 1590 6379 4242 1118 3965 6231 
7723 1235 9848 2013 2373 3514 8593 4270 5988 7612 
1359 7383 1508 4763 4152 6716 9323 7616 5956 1170 
3421 5808 1561 6390 8995 9165 7178 9357 7288 4642 
4631 8711 8422 5624 4204 5419 1274 3814 4429 8280 
4227 6996 8910 2577 3014 3837 1568 6528 4026 8711 
2011 5193 9432 2759 3999 4698 1165 3448 3683 2456 
6140 4762 7434 6639 8186 8797 6186 6190 6684 9751 
5173 6276 3714 6365 8469 8981 7861 6747 2102 4125 
2874 8934 4009 6958 4863 7429 4795 8807 6369 7686 
5253 5522 5737 5527 5382 9641 9488 1721 2947 9466 
4419 5830 4487 9645 2704 8410 9183 6633 8285 5720 
9554 8208 7144 3899 8796 5514 3517 4534 7288 6477 
5307 8084 5226 8691 9292 3896 6735 4890 1973 9972 
3667 9979 4736 3304 7842 9700 7743 3633 7305 5612 
3325 9726 7095 4471 7481 5808 4172 3334 7554 2975 
1463 8681 7814 4428 2216 8718 3842 4281 7161 7434 
7229 1573 7973 2022 5537 7437 1681 2391 4190 4917 
4715 8960 8358 1238 6616 5803 7131 4698 9264 1678 
7435 8817 2286 6547 4902 6772 8386 4954 1536 2608 
4257 4173 1528 4804 3106 2011 4204 3125 4155 1635 
9149 5044 1930 9231 7314 5552 1247 9630 3997 7283 
9172 1978 1360 5713 6170 3538 3248 9518 8844 1508 
9740 3907 3721 7350 8782 7928 5236 1287 8508 3371 
4975 7003 1081 9300 6911 3786 3460 1701 7086 5395 
4227 4251 1516 4641 2147 2068 9681 7548 4211 6897 
1460 2354 8174 4608 7117 5881 5266 8648 6428 4797 
5570 6115 6093 1508 7631 3644 4605 8834 9059 6294 
6012 1202 9914 2664 5111 5980 2147 6542 2881 7225 
3515 2635 7172 3866 8241 4802 7177 7165 8047 3912 
4432 9587 4900 9370 6702 3322 4658 4212 1958 4079 
8914 3119 2601 8640 1231 5419 3230 7697 4817 4262 
4519 2650 4357 9424 8096 6351 8327 9484 4316 6919 
5607 6640 4379 3508 5318 3902 9784 7225 3317 1360 
7743 3485 7561 4160 6118 6185 9408 4012 4715 5846 
8419 8494 7721 9077 2458 4661 3794 7365 3081 9660 
3188 7857 8827 1703 1977 6689 2186 9021 4038 2483 
4976 6026 4991 3629 7141 6599 7647 9291 1461 4576 
9170 9235 1509 2523 6619 8585 8259 6825 9835 5321 
9877 1129 6785 2918 4029 5909 8004 1183 4469 3437 
6123 1307 2216 5420 8868 9774 7901 6106 3544 1360 
5208 4661 5829 8967 2360 2356 2652 4836 2211 1548 
4481 2024 9404 3999 3609 2507 2339 6019 4822 2515 
2021 8172 7035 5007 1396 1535 3682 8742 4987 8731 
4840 1946 1521 8880 2803 8227 5448 3210 6156 7765 
8932 6513 4770 7230 7663 5150 8537 5456 9135 7221 
3673 1935 3110 9212 7305 5999 1240 2462 8390 8802 
3469 8683 6759 8028 8745 1253 2851 7914 1734 9603 
1574 4210 2161 8150 4511 2890 8736 8984 9647 8086 
7563 3663 4022 8179 9843 8003 4055 2772 8096 3740 
3233 6249 8614 4472 6911 8289 2933 5952 2485 8882 
9625 8285 6086 8783 1903 3831 9431 8596 7207 7458 
3933 1882 3798 6244 3739 2642 2300 4178 3969 9648 
4277 6226 4598 9234 1091 4219 9833 1230 2851 9421 
1998 4046 7625 8137 2624 9373 5929 8489 9152 1556 
3909 2353 5406 1903 2520 5879 1272 4301 3767 1778 
3099 8381 5296 9537 8510 4443 2817 9038 7978 8607 
4741 1702 1635 9628 8493 9227 2459 7634 1889 8317 
8512 3837 6077 3700 8649 8026 5647 4232 3085 1032 
2322 6239 1019 5047 9347 2315 3601 3846 7002 9287 
4634 1913 6375 1960 9591 9976 2994 5503 5119 9074 
1683 2613 6979 2862 6059 9657 4416 6887 1365 4289 
9662 1289 9218 6615 2188 3116 6003 7998 5817 6337 
3230 3169 2188 8848 1937 1175 2196 1443 8413 2920 
1230 5408 2294 3859 6918 3668 6661 8635 1963 3347 
1358 3360 3381 1184 4634 1553 4934 5657 1652 4637 
6723 1340 9035 4000 5316 3942 1355 5399 3254 1278 
6181 4274 5746 9876 5134 6816 2664 6896 7589 8493 
3780 4224 8703 1031 6444 4724 7060 3723 1282 1989 
7899 3249 1585 4130 5475 7490 7635 2276 4570 8930 
8322 6614 5083 5989 9494 8960 9680 3343 3126 8273 
5656 3781 5848 1179 5528 3871 9639 7992 9710 8284 
6564 1061 7368 3882 4975 2875 7989 5729 4297 3842 
4209 6476 4343 9919 9993 6026 3486 7705 5182 2457 
7360 4881 8784 2768 6312 8101 1612 3016 7506 2835 
1564 5531 8319 4615 5853 3649 2365 8845 9951 8455 
8370 1068 7246 8794 6186 5492 1189 2939 9934 8605 
4788 4569 7319 2612 8871 9138 9601 3972 4564 5137 
8283 7455 1615 6287 5754 8462 4489 6045 9123 6660 
3953 3050 9356 5257 9319 7528 8152 5628 2053 7497 
8906 7261 3938 7815 4972 3613 9289 9656 6090 8828 
4057 3861 2798 2151 5450 2502 2201 2147 2494 6701 
8468 7494 4603 5973 9911 5348 7432 4274 5597 6287 
5829 3835 6899 7072 1635 3849 8011 1188 5705 8737 
3840 8274 2200 3088 6056 5915 3719 1359 1140 4467 
3326 6821 5324 2823 7819 6663 9269 8515 3626 6407 
8332 6041 7742 3174 5138 7469 6963 3743 2242 5188 
2696 7330 7128 5240 1239 8610 8829 8009 1634 5827 
6963 7344 2676 8802 8801 8049 4212 7619 9030 9355 
5655 7249 3800 1087 2077 8889 1770 4711 3171 7629 
9422 6928 7675 1596 2729 4282 2425 9233 5663 6763 
2704 1409 1122 1755 5128 5091 8034 8617 2623 1457 
9951 8550 3794 3180 7001 8900 6405 6005 4223 4350 
5179 4281 5968 8904 3349 8614 3431 1521 2065 7984 
1312 7269 7584 1641 5253 1870 5474 2379 9302 9195 
4541 3857 3706 6757 8263 3232 6417 1203 9765 7211 
3805 9719 8054 7917 8160 9435 1757 9143 3849 5580 
3398 6091 4010 4885 3810 6644 2061 2483 4628 5826 
4014 9763 6531 2825 4089 4550 7414 8814 5055 5822 
5511 2177 8733 3452 4548 3498 3230 8239 5840 5562 
3725 5692 7722 4490 4129 7214 2813 1273 8410 6470 
1118 1488 4019 6937 8624 9990 9350 9421 5907 2327 
6502 1289 3417 6130 1730 2521 2565 8753 8781 9144 
4650 8176 8436 5945 4470 1768 4767 1593 4769 8344 
8236 4960 5887 7386 9251 7888 7977 3773 1006 4849 
6238 4736 9875 1862 3068 1190 2681 8667 9888 3642 
7932 8084 7770 7842 3088 1124 3430 5514 4998 4774 
6190 7839 5931 9215 8462 8853 5318 4986 7267 6278 
8973 2972 8800 4752 9036 7821 8573 2105 1309 4317 
7001 5471 8702 8044 4583 9073 6585 4044 3429 2625 
6353 2645 4420 7216 1825 6618 5284 9542 2080 5972 
8565 6202 7395 2688 3923 4131 6412 5770 2523 3313 
6258 1794 6510 7382 3839 1190 4835 8989 9586 3239 
1230 1361 4606 8785 1122 2135 6599 8553 2348 3529 
1633 5493 4255 6724 5539 6620 4964 2800 1749 8713 
8406 6010 9765 7553 5988 9254 6032 7554 1137 1283 
2260 5081 2068 8940 8745 5615 8288 5065 7801 3604 
8041 5763 2481 2930 2780 5629 8354 5157 4759 8387 
9792 8519 3108 6207 2037 3507 9086 6362 8854 8674 
3134 3633 6318 6263 6901 5473 8142 9930 9440 4929 
6255 8849 7989 4018 6556 4558 2136 8677 1013 6290 
3874 6184 7369 5014 1280 3707 2444 8697 3448 7562 
1969 1940 9502 5421 9872 8934 6601 5621 7263 1115 
2339 2564 3503 6990 6244 3135 4949 8937 4772 2270 
2536 4470 2935 7505 6201 8961 2966 8920 5403 7796 
3344 8503 9898 1326 5201 6827 4797 9999 8727 4573 
5084 1631 7870 7323 5895 6983 3805 6854 3236 1630 
3328 4450 5957 4980 5210 9720 2322 7763 8922 5943 
2802 3146 5386 8741 8409 6632 4600 4458 2611 6116 
5160 7043 9803 8955 1123 7364 2968 5053 7565 3922 
3247 5675 4504 7393 8946 3440 9986 3707 9567 5359 
8624 1020 1399 9585 4199 6568 5358 1135 7673 4714 
3475 2870 7953 5327 3208 9442 8311 9050 2311 5249 
4692 8779 4964 7574 9186 4596 5178 8924 3717 6653 
3418 3752 2132 8778 7535 5534 3328 9373 2232 4662 
7766 8491 2216 7141 3852 4563 7994 4736 9420 1980 
7660 7468 9611 7637 9378 1517 1350 9961 6928 9230 
9396 2326 5894 2931 4879 3859 9247 8512 3614 2951 
6390 2071 7268 5627 8333 8805 1073 9459 8117 7988 
6029 8380 8982 1377 5660 4692 1546 7519 5052 5274 
4365 9077 6538 7523 1874 4111 8969 2080 2788 5690 
9472 3530 3539 5509 5781 7830 9733 7539 4784 6042 
8703 8724 8424 4123 4956 4036 5998 2533 4890 9270 
1575 2478 8876 4186 3607 5042 2754 2273 6281 1230 
4035 7366 7851 7661 7190 4910 9405 1766 5219 1638 
3370 8124 2371 3571 9627 8362 2697 4027 4096 1383 
1631 8189 6736 6961 7378 2564 6748 4440 2981 7592 
5726 6015 1013 7774 3257 1003 8343 4817 5500 2044 
4703 1011 2372 8935 3082 1065 6537 8412 7161 5927 
9298 2660 5960 5896 3158 2038 6231 1019 8075 8687 
2566 2772 4523 6837 1449 7645 6541 7726 4574 9510 
3034 1299 3734 2864 6735 9056 3770 7998 6877 8911 
4945 1929 1516 5570 8715 3441 7971 5644 8991 1534 
2981 1373 2642 5786 2030 5863 4732 3019 3391 2697 
5775 8092 1552 7016 6263 6421 7447 3614 8960 2204 
6319 5622 4402 9909 5938 9123 5160 1752 5005 7804 
8212 4513 1592 2681 2554 9254 9435 2929 1813 6512 
6294 1197 3986 5705 4799 1072 9200 4445 3553 1125 
5634 1198 1184 9683 4777 9655 5836 4685 7047 5067 
1632 4265 2890 6946 8134 2564 8051 2363 7743 6939 
3951 9830 9411 2389 9878 6267 6185 8358 1248 1013 
6512 4717 2462 9964 8816 4406 1365 3920 1792 4723 
1328 7911 2883 3628 1319 3357 6175 9067 7381 3845 
3589 7824 5478 1422 4184 8418 3677 6991 1173 4743 
2521 2997 2791 1307 4732 7998 2711 2252 1110 5166 
9774 3542 8287 5895 2477 8959 3541 6700 2260 5005 
2008 7621 4053 9415 1262 6023 1169 1751 1772 7566 
1521 9307 2100 8851 4528 5446 3295 5202 2286 1328 
3465 7205 2631 9238 4563 5617 5574 2099 9834 7988 
5235 6773 9891 6026 7956 7887 4575 8852 3967 5673 
4661 6425 5463 1841 7583 9427 1339 8714 6839 1470 
1239 6312 6677 2593 7156 4194 3866 1851 1622 2679 
9175 2367 4504 4157 4692 3048 8251 4513 2462 2425 
5698 4076 2644 2068 9483 2090 5674 7358 2594 1618 
8533 9802 8784 5470 7056 4151 5064 9246 9452 6234 
7942 9296 4880 1307 1225 8118 4835 7655 1753 1796 
2307 7302 8767 4696 8516 4364 3736 4427 1598 3641 
6205 4091 5177 6205 4371 4856 7523 9581 6870 8036 
2979 4475 7798 2659 4063 8919 7483 7836 5114 5130 
3476 9958 5122 2486 8905 6600 7199 7444 4585 4327 
8826 3323 5419 8806 8157 3348 1846 4168 6045 2340 
9800 9129 5704 1363 4136 3923 9678 1718 7479 1373 
3559 8969 4223 9533 8467 5125 2886 2456 6762 9649 
9337 5160 6451 8368 9569 5776 8049 9219 5800 3400 
1707 3473 8574 8208 9206 5428 3542 2223 8350 4328 
9624 9490 3024 5323 9002 7989 8222 5738 6249 1553 
2007 1260 9444 8819 4066 3047 7684 1174 5509 1022 
8905 3351 7007 6370 3925 3917 9609 9969 3008 1000 
1246 8238 7762 2267 4090 4268 9871 1585 3264 9773 
4029 6212 6887 9539 1273 5147 7340 1673 3261 3612 
9330 1013 7335 7902 6996 1740 7972 2230 9013 9981 
7835 1568 3408 2899 7020 3876 7534 4997 8305 2644 
5036 8084 7257 6578 2761 1571 6044 5467 8146 9542 
4672 5259 1852 3471 2232 4984 5038 1416 4075 7104 
5723 6499 8539 5770 5517 3162 7154 9297 9973 2091 
7295 9020 5188 3483 1163 9230 5452 5219 9795 2785 
3206 8952 1025 3549 4223 2117 3484 3235 5498 2134 
2193 9148 8909 6829 3078 3030 9741 2782 9973 1040 
5550 7014 6360 2849 6401 6566 2170 1354 7590 8482 
6962 7892 4275 3693 5619 1469 2556 9716 8751 6115 
3210 5421 2941 1868 4286 5022 9799 2768 2713 2746 
7364 9001 8500 7875 6379 2902 7606 9686 5506 4434 
4665 3466 1558 1816 7424 7123 2467 3133 8348 8780 
1608 4294 5806 8610 5714 6753 7460 9325 7518 3346 
2095 1837 2089 4751 3872 3774 5205 5599 1968 9825 
3251 3015 1338 6569 8326 8086 8287 5421 4091 2922 
1447 6473 4668 6620 9193 6668 3902 9701 8711 4041 
4079 7092 5875 7158 5782 6088 3259 3002 1399 8236 
4516 4071 2776 9816 3203 6196 6209 4952 1982 8336 
4742 2140 9364 6584 9996 3971 5889 8281 2327 6315 
1472 5727 5696 8594 1115 6990 3054 6918 2595 5600 
8903 9539 7663 4269 3201 9559 4538 7035 2808 8291 
6662 5778 4399 5786 2757 8106 7458 3848 5479 8414 
8616 2563 5315 1597 2827 6904 1595 5950 8546 2375 
3888 1621 9516 2393 2658 7386 4463 8034 1557 3482 
2498 4695 8356 2788 2205 4202 4518 8529 2061 7584 
5163 8976 8680 3688 3772 7071 4351 3829 1192 3794 
7267 5922 7894 4510 6435 2085 2235 1577 5661 3359 
6751 8893 5171 5703 2175 9804 8284 7641 4914 3932 
2665 7336 5339 8419 6200 4289 8104 1197 2084 5587 
6931 9125 4216 7476 3333 4186 9185 2767 8868 9520 
6405 9886 6141 2547 5590 9946 1713 1253 9900 4325 
2307 5075 3454 9793 1341 1791 5687 5856 5793 2749 
5381 8411 6541 6581 5674 7776 7620 2243 6684 8633 
7586 6467 6664 4451 9596 8776 2063 6324 7123 3368 
5510 7135 9666 6398 9180 8320 4424 7621 4899 1452 
6167 9391 2521 2190 8646 7104 6373 1173 4220 9774 
9737 3444 9407 4709 5851 9549 9784 3561 7561 8036 
7950 9110 4121 4900 7534 4593 9758 6903 5778 2217 
3851 3658 2456 4547 9962 9892 6618 7101 9081 3691 
7918 3615 9788 2766 4789 2607 3213 3112 7820 7763 
7005 1298 8561 8055 2988 3706 1227 4101 5443 4658 
4746 8316 8241 7499 2847 6622 3920 4178 4830 6830 
4029 8978 1137 5766 4600 6999 7927 9643 3607 6418 
2117 8674 8878 3473 2981 6307 3503 8632 2906 2400 
5921 3353 6133 1647 8436 4150 3274 5719 8633 4895 
1582 5623 5201 1053 4248 3853 5014 9410 7171 5319 
4676 1251 3571 1362 8037 9388 4466 1758 4650 1442 
6619 5544 1464 4662 8523 9991 4893 2805 9552 1977 
9919 5348 8455 1499 2962 7132 5934 7018 5494 9648 
9286 9101 9621 2695 8315 7898 3038 5678 2376 4839 
6105 9807 5536 9574 7922 6462 3643 2482 4691 7839 
7732 8121 6724 9321 1490 4467 6832 9977 4844 1903 
8368 9050 2225 6686 4414 4931 8618 3534 8523 5515 
1972 8571 6264 3934 2189 4559 6518 9757 2653 8475 
9433 4206 1448 5457 7398 5940 9558 3003 5579 8240 
5940 1425 7322 5767 6823 1969 9796 3212 2187 8426 
2029 7155 2972 5332 1249 2800 9918 1639 2277 3912 
8974 3730 9675 4475 6171 3981 1790 2895 2444 6124 
3885 9388 9839 5290 3093 8294 3063 9462 2489 6186 
8082 4679 2110 3076 6028 3946 5794 1971 5751 4540 
9935 4902 1178 4455 3038 8841 8911 7385 8648 3073 
6989 2720 4515 3631 6174 6281 3979 6286 2490 6721 
1752 7429 9737 8360 9743 2944 5405 9316 9726 1245 
3562 7951 8104 8419 7793 1449 5895 1331 5887 5810 
3676 2298 5718 4028 7999 7701 4132 6584 9796 1362 
6559 1007 1239 7819 1428 5231 6614 8016 4239 3857 
6812 3830 7628 3560 2030 4075 2465 8486 8988 9390 
3553 2940 3970 7056 4731 1119 6363 6862 3108 9082 
5021 4765 4745 6467 8967 2870 5213 6455 3524 9600 
4763 7425 6928 5347 7152 8407 4329 8813 1700 9788 
7179 3217 2333 6179 2072 8522 9652 7306 7624 9393 
2981 5806 8002 5240 7675 9955 2580 5274 6906 2071 
9091 3599 7653 7096 3218 2304 8433 2992 6288 2558 
2808 6956 6936 9086 9895 7371 7975 4194 5916 8698 
6514 7946 4864 5155 2503 4199 1828 4209 2019 9893 
5382 2534 9830 5250 7273 2565 3815 8379 4158 2203 
1701 7097 2071 2825 6906 5060 4509 4831 7790 1743 
3719 5597 8651 6260 6483 3921 8873 4157 6124 9772 
2335 6098 6080 7676 6269 2967 3727 4275 9070 5843 
8983 7726 2383 3792 4984 8845 5455 1407 1059 2275 
9429 1516 9180 2660 6649 3051 9886 2287 2180 2907 
3417 6240 3890 5019 7202 4325 9972 5324 6540 5216 
6108 4352 4695 1534 4811 1390 4490 4407 4905 8083 
1998 6217 8703 8029 4096 7427 4977 2890 6984 5998 
8448 4120 1967 9535 9742 9652 5062 9540 6590 1163 
2273 5369 2266 2593 4144 4369 8609 5479 4207 8240 
5739 6401 6623 2564 8586 1326 9583 4212 6421 4148 
1402 5629 4146 2001 4142 1439 7306 5001 1172 3387 
8577 9576 9017 6051 7571 5643 5555 8504 9867 6890 
6650 1557 7827 2122 3203 2480 9790 4652 6127 4881 
3988 6010 6101 5964 9957 3076 7652 9635 8996 4091 
3517 7597 8882 2575 4983 8836 8934 6442 8085 9210 
5885 3828 6878 1005 7939 1664 9284 9494 7709 5468 
1288 5313 4922 8089 2969 6301 1550 1352 7622 8627 
1360 2381 9709 3894 4390 5608 7645 1162 6958 9797 
4638 9627 2062 6551 4569 9170 4262 6813 7553 1881 
9459 3060 4829 1792 5814 5893 5922 7663 5402 3047 
4226 9283 8274 2025 1151 7412 8483 4910 6324 3491 
2437 6362 6325 7262 7242 4811 8052 9698 8871 9013 
8440 8369 7448 4085 6689 5592 5897 4077 7236 6090 
8631 6009 7561 5968 9269 9727 2895 4537 5693 4719 
4396 8366 4752 6730 2499 8231 9032 1896 4592 7971 
8124 8636 2590 5706 1666 2294 7249 3379 7335 3213 
3576 7118 9139 7845 3943 8408 9248 6186 5307 8164 
7759 8143 2993 6995 9635 6775 5464 8906 7957 7125 
3064 6171 8175 2668 7613 2655 3414 8274 4675 5835 
3161 5652 1603 3108 7272 9546 4599 1441 9324 4390 
6613 9645 1859 8576 1645 8398 8266 8025 4878 1242 
3422 1317 2727 4156 8716 5719 3076 4554 5684 6646 
2580 5934 3235 2720 2445 7802 8751 6997 1184 1574 
2556 8197 7663 1575 8490 2858 9810 9356 4737 4690 
2971 8020 8307 6759 8026 3278 7574 8740 8509 3392 
3466 8017 5849 2319 7222 5765 4396 1120 4836 5679 
8804 1527 1918 2200 8429 1947 4100 7638 6393 6386 
4957 7374 6882 6816 9749 7110 5903 8995 7987 4740 
6869 9307 8697 1121 1878 9533 4961 2788 7965 1857 
5324 8910 5228 2041 8753 6186 2503 6757 9770 3810 
7678 2605 9829 2006 9503 6863 3404 8042 6041 3647 
4723 6065 1510 6265 1224 3469 5387 7411 9640 4242 
2570 2734 6015 9215 3666 5315 2343 8334 5534 8444 
5600 7195 6836 7591 3579 2119 6525 9930 6680 4331 
2200 8733 7298 8421 7876 8668 3844 9016 2359 4901 
9136 3604 1796 6114 2060 3220 9174 8421 4707 4908 
7440 7825 2285 2847 1182 1056 4856 7956 8199 3032 
7436 6550 8322 1922 4817 1007 4577 8669 7263 4434 
5807 2739 8825 2250 2274 5928 5645 1902 2066 8841 
8083 3678 3792 6264 4755 3012 4417 7436 2821 2954 
8978 9214 2604 4466 9249 8452 5861 5585 8604 5096 
6161 9332 5621 9938 8569 6240 3721 7515 2675 3034 
8956 8391 8224 9879 3817 2634 1574 7086 8966 5625 
9330 1678 3078 1223 6265 5766 6827 2225 9136 3126 
5026 1414 4499 3531 7138 2467 2565 4314 8079 9036 
5737 8030 4309 3546 9741 4399 7554 9032 5750 3813 
3795 9551 2181 3378 8367 4513 5663 2038 8957 4080 
7878 9935 8672 3360 7186 2725 9135 7764 1206 3237 
8833 7614 5524 1351 4061 6758 8510 5409 3875 6943 
6877 9732 8144 6431 2067 8333 9286 6512 6670 9496 
8696 6238 7424 3104 3897 7004 4805 5557 3676 2722 
3079 7249 7279 4440 1149 2412 8932 2840 2907 6768 
1437 5142 3892 4315 4970 6204 3647 3758 6167 6580 
2716 7277 9995 3500 7970 9894 8666 7380 9484 8706 
9215 8529 4999 9971 2680 6246 4233 4024 6224 1696 
2905 2557 2729 2714 9880 5618 4798 2440 9276 2886 
8060 9497 4886 5059 2120 4775 8468 6199 8370 5870 
3749 1301 6179 9407 4136 1695 3231 7075 3006 4086 
2146 8077 8530 4360 3716 2622 2045 9291 1275 1676 
4219 7338 9000 5366 6069 7268 5254 7040 3702 1623 
6754 4421 2247 5118 5539 7156 4214 5340 7916 4046 
3069 6701 5945 5646 9840 7809 3870 3162 5127 7405 
4928 3975 3431 3585 4924 3437 9225 7546 6011 2090 
1538 2401 6063 5725 3231 7118 7940 8670 4160 1126 
5569 2947 3633 9386 4096 4516 7484 1086 2648 5826 
5712 4975 2056 5981 3464 9544 5607 9294 1299 3269 
1100 8621 9218 3144 2963 3301 1676 3978 4681 1835 
8820 1037 5545 2991 5615 3243 1231 7108 7456 9051 
3580 2220 1809 9118 5665 4456 8902 9677 7250 2161 
1119 2685 7669 9560 5201 2732 2502 8791 6758 8337 
5545 3740 4110 1655 5268 6168 3099 4095 8221 3670 
5458 5428 1337 1688 6022 4857 9735 2696 4573 3600 
7815 7608 5010 9755 6427 3406 1080 6554 8783 6865 
7785 5968 6583 4073 7157 1141 5886 4113 8434 7481 
7935 8131 2065 4217 6506 3132 4971 4920 9428 6202 
5165 7759 7261 5626 6990 4898 6840 4729 7932 7774 
3883 7944 8608 8358 9517 6987 7666 2166 8547 3581 
9406 9361 6965 4942 3499 6673 7709 3935 3777 4156 
1165 9285 3704 7476 9440 4306 2677 7102 7940 6692 
3411 5426 5527 2688 2538 3572 1531 2522 8734 7524 
5500 3884 8846 2255 9159 1428 2304 8594 6978 6184 
8096 4939 6924 2231 4549 5222 1952 2209 7461 9655 
5676 8133 9484 1816 5212 4120 7432 9452 7903 3685 
9206 5259 1147 3189 2736 9699 1012 4879 9515 5928 
3843 3898 6425 3474 7144 4266 5455 7004 2884 2574 
6680 6886 9421 8675 2395 5004 7782 4599 3590 5112 
9580 3328 2487 3824 9302 5576 3002 6939 7730 2690 
3323 9552 4504 2992 5186 7046 6425 1667 8838 4207 
8001 5961 2731 5543 5714 8047 2116 6996 2266 8085 
6072 6267 8725 2759 8241 6351 8529 9777 5353 7288 
4330 6080 4523 8702 8977 2142 3824 5440 6046 8698 
9078 7808 4330 9922 3601 6974 8363 7671 8248 3516 
3956 7813 2338 8612 6784 9612 2176 4600 1986 8803 
5859 5980 1103 9578 9878 3508 9995 3061 2885 3337 
9367 2990 8716 2954 8865 6030 1542 9309 7007 1916 
1707 2944 4520 7579 1883 5028 7325 2056 7655 6037 
7978 4050 2979 9256 7556 3577 8756 9710 4732 1738 
5144 5142 8420 6097 5544 2948 9860 6048 9752 7819 
4539 3333 1313 8268 2921 1284 8254 8348 2700 5385 
3305 2062 9929 7373 2240 5429 1152 2663 1933 7234 
9666 1332 8572 8263 3871 3801 1590 1425 9677 5896 
5446 1392 3987 1260 7171 2960 5835 5770 6482 9410 
8962 1373 6909 9928 1545 6917 8310 9542 7694 4818 
1020 3616 2324 7352 6039 9311 3584 1535 3041 8028 
9466 7318 7736 2109 4059 1132 9844 2988 1474 1232 
4635 3562 4319 1154 3497 1782 4970 5637 2719 6536 
6000 1844 4514 9047 1463 5987 8743 1759 6296 2939 
8040 3432 2010 8884 1585 4229 2159 6339 8859 3860 
7887 9818 5523 6563 9453 4177 6664 2308 5375 3528 
7064 9717 6754 4506 6586 1956 5577 4365 9499 5204 
8046 6189 4410 9787 3225 3963 4054 8739 7148 9783 
5217 4165 5178 7263 3843 9545 6744 1150 9739 3676 
2931 4053 1757 8568 3808 2039 7605 2198 8969 5223 
8411 8933 7414 8074 9391 2773 3726 6353 9603 5457 
5748 3277 2768 3813 2376 7085 8020 1318 4058 9585 
8394 6419 1262 7253 3643 7837 6648 5585 6174 5731 
9087 8524 7681 5970 7666 9354 1751 1937 6541 9983 
3313 3292 1828 8141 6869 7790 3488 7091 3082 4329 
6152 3049 6462 3137 7743 5307 7677 1093 4258 2981 
7675 4242 2991 7227 5383 1056 5964 4928 9747 6151 
1128 5457 1482 5081 5439 4753 2228 4788 3773 2560 
9811 1186 7956 7863 6355 1431 5179 9333 9029 7295 
6906 1138 8472 5813 1715 5037 4016 2268 1432 5449 
3313 8930 7379 8391 8962 1821 1101 2873 6491 6959 
8242 8930 7137 4905 2292 9508 6977 6723 7383 6848 
5616 8336 9589 8648 4945 8233 4180 6415 5138 5584 
1599 2020 9198 7089 3886 8943 4883 8434 2179 7690 
6983 4653 7014 3751 7135 8672 9676 7750 2650 9403 
2164 3880 8989 5091 6144 3273 9029 4753 3539 9154 
8319 4573 1999 4333 2808 2004 9736 3562 1273 9801 
2256 7677 3707 7629 9607 7645 5218 1026 3942 3342 
9768 1853 6751 3247 7415 3038 3109 7294 5824 6529 
5100 8039 5109 1180 6938 6281 3624 4276 3102 1960 
6224 8716 5532 1880 4926 7270 8285 5918 6554 9882 
9647 9640 4782 2273 5838 4271 1565 3709 4823 7447 
7035 8939 7111 3029 8803 3829 5503 6272 3607 3101 
7457 5671 5238 2575 3347 3205 7715 8821 9063 4296 
9962 5923 1664 4460 4917 9164 4421 5188 1802 9305 
5119 3803 4227 7295 4683 5488 9507 1674 8425 1327 
3905 6693 7155 9858 3657 9439 5669 3482 7539 8863 
4565 7180 1565 7113 3122 7757 5507 5555 9253 4836 
8949 6347 3706 9843 9355 5682 4282 6257 5182 4260 
7735 7551 9672 5187 8633 9899 6808 4827 6432 9388 
5053 1213 7386 5465 6927 8577 1464 7232 6633 8039 
4385 9124 3789 8808 4916 8784 9738 7344 5042 4167 
5190 1263 4866 6410 4141 5944 4810 2335 6751 8516 
9685 9511 3140 8765 1720 9611 3684 1856 7445 3487 
8053 7400 3925 6963 8489 8063 8574 7226 5480 1315 
7262 8007 7358 6130 4529 9063 8652 8204 1613 6176 
3097 1292 7811 5780 5852 7598 2453 9703 7579 6787 
4849 2645 9496 6072 3000 1168 2109 7098 7776 8316 
8956 1165 2186 4414 7581 7660 3608 8999 3612 6524 
8305 9662 8477 3702 2576 7471 5630 4628 7797 8766 
1324 2378 4585 3055 4448 5677 4739 8069 3819 5298 
9716 4001 6095 7543 6592 5103 2834 3605 2555 3997 
8130 6168 2086 7705 3600 9841 4329 4073 9369 5994 
1565 5778 2610 4046 3885 2180 2238 6882 2694 2239 
5434 8448 6831 1494 9009 4111 8642 9554 5544 7807 
4656 8121 3053 1985 7902 7803 9050 8525 6396 6248 
6771 5691 4360 9567 3941 3236 6230 2449 4659 2259 
9447 4215 9885 6660 9157 9174 9109 4860 1958 4360 
5811 7336 8710 5198 1926 1211 5745 2750 5073 4059 
5541 1656 4385 1739 5948 5984 9782 7820 4767 1122 
5380 1688 1298 2812 5204 7061 5643 7574 3373 7964 
3216 7872 3322 2137 3000 5998 7840 2260 5592 3226 
5870 7809 9948 9500 2164 9417 3856 2715 9392 2696 
5110 8088 4395 4277 9638 8864 7028 8089 4833 7773 
6148 8569 3347 3214 3006 8393 6173 9742 8588 2655 
5516 3826 5874 1440 5458 4389 2233 5536 5142 5016 
3916 5174 8241 7450 1219 1667 5773 5263 8769 7462 
6136 2246 9096 6634 7158 4762 5875 2860 7911 5432 
5108 4465 9429 4931 2588 3274 1640 5849 2686 3018 
6597 8016 3745 7378 2393 2713 3751 9679 6884 9305 
3324 4583 3014 3812 2423 7070 4601 2723 5917 1034 
8462 9621 4190 4557 4595 5094 1440 5830 4518 7587 
5277 8973 3579 6135 8308 3742 5682 6792 8754 3622 
1687 7069 3055 7883 8804 1197 6255 2214 3706 3752 
3204 7410 1577 6847 9783 5294 7658 8869 3736 5280 
9661 9896 9448 9998 3137 2398 8902 6808 9702 7714 
9403 2585 6970 5196 7402 5485 8865 2213 8306 7213 
5736 9555 8463 7479 9642 9753 2887 5161 1661 4343 
7239 8128 4942 1801 8020 4954 8234 6486 4942 5778 
1779 8421 3470 7965 2556 8844 4427 2023 5993 7350 
1938 1955 8251 6460 1272 2845 2791 6093 3711 8940 
7780 2398 1092 3593 7381 6635 8312 2533 4455 8291 
5885 5304 5401 9312 2486 5984 4293 6007 2568 2747 
2892 4715 6452 9564 5354 9693 1985 6264 7362 7219 
5146 8808 1303 6172 6947 6631 4730 9353 5180 3335 
6803 3664 8816 8230 2511 8368 5832 2848 6074 1353 
4103 4529 6380 3001 2244 9808 2386 1371 7009 5015 
8637 5045 8969 4143 2122 1047 9215 3448 7650 2418 
5137 3040 3542 2481 7928 2702 1345 4270 7736 3956 
9276 5175 7871 6974 4463 3721 6189 9963 3262 8082 
8653 9913 9453 9106 1694 5989 9729 5359 8399 5845 
1094 8754 9697 1395 5638 4715 6755 1804 6504 1421 
4352 5069 9811 6458 4868 5629 1788 1995 1479 4328 
3020 4898 1623 7474 6314 4809 1301 8274 9276 2851 
2783 7052 1082 4064 9370 8826 6787 8641 3231 8946 
7049 5028 6165 6165 6265 6142 5779 3628 2211 4346 
3872 5753 3891 1440 8578 3054 2086 9510 6860 5374 
1556 7256 2371 8867 1151 1631 6491 4702 2752 9858 
2051 4196 5976 7546 2989 1018 6685 4620 9735 4773 
9117 6018 3780 5182 9281 5194 1725 5122 8926 5188 
9278 5896 7670 1381 2685 1549 9903 2015 7732 1170 
2301 7408 4897 5096 9316 6612 6985 1738 1749 7092 
9858 6696 3713 2740 4849 1222 6784 8161 7608 1330 
3448 2388 4101 2697 3748 9864 5901 8601 3357 6351 
7872 1561 7044 2402 6783 9421 7553 2971 9122 8244 
5987 1934 9611 4555 5062 9553 1571 9870 2526 1354 
7574 1360 9740 9135 7334 5844 9193 1392 1755 3151 
8826 6918 3335 9822 6649 2065 9683 1023 3339 1264 
9920 3291 4961 6238 5803 3342 1197 5243 3067 2914 
8990 5218 3323 4993 7300 2460 2127 9326 8339 9641 
4560 2789 8844 4841 6737 2460 5372 1162 1240 9448 
9846 8408 1803 7628 9962 6377 6057 3494 3525 9249 
8462 1693 7216 1985 9914 5967 5298 1142 4344 6085 
5863 6655 2839 9860 9493 2699 1479 7887 1465 1603 
1922 6985 9048 7642 1060 5348 9394 1655 3696 2321 
1744 5271 2634 1446 4736 6727 5690 7852 4357 1249 
7941 2858 3895 2614 2566 5139 9395 5725 5343 5195 
4577 3983 1438 7616 7695 2029 5681 9827 7691 9054 
4159 1892 8512 2596 4947 5181 9738 2348 7666 6080 
4759 8880 9094 3849 7519 9459 3245 6805 9977 4302 
9523 2353 8255 7221 8031 5835 4478 9059 8749 8701 
5490 5922 4378 7185 7296 7548 3502 2494 2721 8639 
5357 2377 7744 3953 8961 7443 1389 8883 8352 6966 
5138 2048 8074 6192 8839 5714 8405 6325 5381 5293 
1043 6951 7145 8469 9520 2363 8817 2562 8759 6302 
6421 9754 1533 4747 9801 1719 1414 3163 9909 2773 
6236 4011 7232 5488 4209 6955 2324 1777 6366 5270 
5939 8722 2012 1948 5684 9487 6617 3588 9549 3419 
3629 6967 9120 5769 4002 1967 8272 5460 8562 7380 
8014 2870 6836 4114 4600 3060 5739 8912 7877 2698 
6313 1244 7104 6914 5062 4966 6400 3483 6057 9042 
4004 4239 7808 3957 7210 6200 7352 8857 3326 2040 
6923 4439 1461 3623 4596 5338 7558 1207 3232 1304 
6711 5574 2117 9660 8866 6807 8175 8147 9482 8629 
8869 5894 5845 1533 4605 5238 9284 8653 4085 1789 
2735 2956 3229 3618 3817 1567 4984 7396 7551 1005 
5025 5693 6437 3702 1225 1553 1536 8256 7182 3702 
9158 1895 1209 2333 5156 1499 8458 2331 4665 5859 
1348 7537 5434 7312 9829 8609 2881 8187 6899 7493 
2413 7006 9807 2701 8788 9512 1445 2822 9994 8605 
4278 2176 7999 1806 8185 9826 5406 5265 9833 7056 
1539 6678 3751 6492 5907 9058 3064 8576 7012 3771 
2556 6902 5647 1116 7121 1917 6544 5555 2364 3358 
6620 3102 6558 4253 8336 2407 3675 4052 7045 5760 
3619 5797 9021 8818 8518 1440 9874 5411 6916 4826 
4102 9707 3974 5748 9526 7145 5658 3166 6597 8320 
7007 8636 4452 5299 5479 7114 1036 2668 8451 1537 
3811 1037 8427 9106 6642 2075 7611 9034 9025 5921 
8771 6600 8914 8161 8469 5456 6825 9376 1987 9292 
7224 7395 4017 8517 7419 9530 1890 9830 5779 3533 
2128 4434 2389 4717 5600 8800 9640 5434 4387 5720 
3649 5505 1685 9285 9592 5000 7045 7739 5174 4472 
9041 4700 9236 7310 3227 9733 3487 3485 1233 2018 
3315 3784 6112 6130 1717 8011 7377 7255 9807 8211 
8194 2378 8043 6150 4274 6248 8635 4510 8861 5390 
1074 7677 6398 6617 1757 9399 7439 2141 8196 7806 
6582 2183 3150 1814 7089 8597 7763 6858 9547 5389 
4087 4156 5867 9032 2287 3755 5173 9215 4854 1935 
4764 9159 4050 4184 1292 5635 1873 8066 1200 3746 
4227 3952 8227 9711 5531 1125 8431 5159 4152 1107 
5739 5129 5038 1021 6225 3140 3586 3636 9215 1337 
1475 3812 3282 3072 1466 6816 5902 9662 2839 5391 
6899 7079 7427 9160 6223 2946 3052 4813 1942 8900 
2740 4991 9344 8448 1364 2264 6505 7225 5781 6190 
1135 1489 4884 8533 6502 8487 5868 9523 8156 4791 
8144 5878 9513 6074 2136 1642 6058 7850 6407 4221 
4060 1753 4627 6074 4759 4829 6718 9747 1185 9907 
8099 8804 7527 8327 8966 1553 2999 8977 4585 6753 
8406 3824 1853 4809 4365 7554 1722 6984 1820 6721 
9284 9819 8684 6442 2361 5743 8635 3848 3381 4814 
6584 6739 4949 5041 4310 5458 9131 7668 9287 8866 
2865 7231 2006 9743 8888 1340 9232 2750 3887 4913 
9076 9074 8428 3427 3506 3253 2205 5313 4731 8875 
8401 5951 3269 4390 6640 7544 8120 9418 8717 9005 
5058 2989 6943 8667 8480 7657 6177 5936 3738 2687 
1966 9635 3877 1274 7509 5435 2559 1018 8389 7566 
4869 1434 5504 4368 3993 8045 4809 8200 9419 3988 
8674 9143 3006 8673 9964 3082 6287 2003 9767 7837 
6127 9835 2949 6050 9344 4959 2057 1215 9046 2231 
7689 5008 6494 3973 5353 7928 4659 3683 5854 8325 
6994 5858 6439 8899 1605 1993 7446 2778 4996 2601 
5353 2418 1872 5941 2976 8052 3238 2440 3748 3222 
8964 2323 2644 6596 8995 1894 9607 6762 5144 3324 
2398 6817 1076 7038 6719 4386 2561 5632 8222 1251 
8243 3601 2294 4790 9755 3812 2442 3897 6006 8757 
6018 2674 3963 4525 9534 7067 7141 4465 8943 5451 
2644 5607 7992 5581 9881 8897 4365 1737 8810 3978 
2793 3459 3998 1854 7382 1271 3016 9761 2822 2496 
5693 3528 3835 3822 1417 7812 8737 1995 3434 8175 
4772 4909 6293 2852 8099 9356 8652 1994 2292 8935 
4752 9704 1267 4679 5155 8604 1520 9534 3384 4802 
5885 9469 3005 9136 6865 5510 6376 9321 5188 7617 
3478 3590 6529 6669 5739 4826 4375 2727 3515 1389 
3074 9189 4630 6434 7765 8597 4133 5721 1078 7960 
9039 6738 3480 8645 4108 2116 4269 4057 7161 6910 
5220 7703 4537 2351 8564 6288 9983 6597 9463 1746 
4821 4425 7671 6043 7380 5911 5484 6492 6771 8256 
7255 7606 3496 6878 2538 4035 8718 3558 3347 4273 
2965 8274 4261 1479 4532 4390 9634 4906 6232 6864 
2785 8219 3000 4174 2580 9522 9449 7843 1555 2783 
6463 2280 5704 8637 4097 6014 5204 3433 6282 1732 
8158 4132 8937 4698 2472 5236 7368 9991 4436 7821 
2822 7846 5895 3948 2048 7021 7560 6641 1873 5631 
6864 1274 8053 3052 9468 4447 2953 4960 2774 2864 
5873 7508 6283 7380 5993 6168 8021 9225 4125 4687 
9602 8821 3734 5625 5377 6524 7007 1610 1808 1345 
9785 2279 6018 2921 9738 1271 9766 4589 1664 3372 
8187 5711 4244 2093 6715 8112 6162 9453 8935 8458 
6615 5922 6384 2370 6507 3852 9712 2419 7478 9899 
7563 6530 1072 7109 5045 8009 3387 7814 1896 6806 
7181 6995 6986 5290 3231 1310 3603 7993 6210 2812 
2216 9734 3522 4982 1382 2383 9232 3804 7200 9586 
3954 3731 5256 9881 3366 6777 5601 4539 3240 4572 
2392 1344 4202 2085 2651 4505 3711 6177 8316 8556 
3478 5226 6215 8219 6040 4609 3661 5716 7399 5947 
8796 1755 9595 3511 1269 5571 1405 8836 1083 7358 
1962 4212 7620 3146 7972 6573 8273 6754 7122 6587 
6947 3342 8250 9643 1400 7154 6720 7534 8750 8562 
9459 2651 8023 3044 1117 5316 7123 5595 1115 5564 
2723 1241 2698 3722 4341 6197 5496 3132 1264 5263 
2273 4773 7743 6704 9142 9838 5204 1270 3250 7790 
2480 6968 8175 6633 9877 9009 6146 5655 8826 9789 
1019 8488 9180 2773 4502 5693 8929 6144 9223 7015 
9520 3112 9725 1524 9913 1410 8801 9272 2396 4581 
3552 4137 9699 3139 8990 7898 1107 2894 8509 7585 
9971 6565 6435 2526 2119 9563 1009 9708 8876 4516 
7265 2257 7492 9544 8940 7907 8478 7055 7161 3233 
3877 1347 1587 2500 3461 9341 3545 1676 5343 4514 
4378 1279 3242 7818 2856 5827 1150 5097 1085 3552 
2356 1357 4775 2126 9242 3229 4977 4708 3005 2947 
4520 9006 8510 1626 7649 5252 6788 2622 5660 1620 
7227 3419 2908 2839 1919 8626 3373 2948 2198 2353 
9176 1384 8661 7917 1768 3427 2044 8623 2786 7387 
5057 4234 3317 5889 9150 4609 4075 2701 1823 7857 
8653 1571 9662 6922 5673 2931 4562 7254 4625 4785 
3651 8479 4068 9307 3579 1626 6445 2320 5153 1973 
5925 6229 6371 3718 3769 9384 3770 2701 3041 5586 
6248 8867 4531 7481 3661 9526 4411 1994 1036 5292 
1420 4381 5730 6192 2517 3537 6574 2492 9524 5732 
9409 1951 5479 2389 1602 9312 5733 8266 5139 3264 
1030 8728 5713 1774 5522 7207 3753 1037 3628 2235 
7399 5109 9483 1013 3932 2441 8651 7040 2242 4058 
4983 6321 9719 2162 5063 7726 2959 4650 9507 5374 
5770 6207 5431 9630 3708 1949 6332 4979 7033 6905 
7998 2814 8542 3637 9257 8804 4087 1358 1324 6813 
1560 6927 4533 6190 6658 3241 7402 1228 4485 5446 
2674 9845 7359 4229 5055 2523 7159 3639 3714 6264 
7157 1559 8159 9452 2566 8723 7501 3147 7981 5780 
7433 8445 6158 1640 3616 2378 5031 7264 5956 7253 
8989 2197 6189 3879 9236 5864 5176 9244 7267 5037 
7121 3136 7889 1531 2723 1144 2170 1234 7847 2382 
8649 7503 8315 9049 2523 3492 4280 1147 6598 7121 
8081 8794 4953 1030 5267 7989 8167 2687 4985 2473 
8779 3905 3471 9733 1248 6455 4767 1457 8370 1429 
6767 3910 1813 6137 7782 6406 4701 9709 5422 7202 
9491 4476 6800 7492 5200 7813 3724 8493 9301 6563 
5133 7451 7601 4225 4133 6151 2615 5566 1987 8538 
6192 6384 8494 5609 8183 3207 8007 6834 5256 7201 
4151 7544 4106 6324 3297 8171 2327 2793 5476 2573 
4599 4338 6118 4464 3972 8135 5884 6591 9258 9030 
2849 6694 7828 2421 3935 2658 7993 6962 9206 1618 
5871 6795 8314 8082 1378 3090 4124 2491 8691 5196 
8852 7613 6243 7789 1118 4970 5684 4015 2854 6025 
6945 7067 9355 1804 8560 8834 2080 5197 6882 9524 
9351 2120 4154 4631 2824 9761 9378 8378 3819 7255 
4377 2656 9756 3800 4285 5673 6813 9423 9280 3746 
4207 7162 9722 5283 3370 5051 1381 4915 3844 8063 
4985 7317 9651 3278 4784 4289 4402 6841 8223 1210 
8512 7048 5906 8151 8418 1219 1852 1995 2264 7040 
2963 4569 9809 8967 2624 7836 3128 8829 4341 6409 
4336 3981 1280 6320 8394 7418 3906 4809 8038 9523 
5497 3959 2947 5908 8372 6856 1341 1969 8093 7360 
2851 1019 8055 3916 7471 4694 3503 1345 2735 5533 
8512 3626 8890 3017 8982 3139 4474 3469 2144 9592 
6993 8641 2649 3630 2789 4691 1066 1825 3201 9566 
1597 1563 2204 2787 7703 9431 6005 3375 3746 8438 
5569 1669 8314 2627 3908 5296 1695 8308 4474 8546 
4949 5902 1554 1580 1810 4635 7799 7150 1626 5526 
7378 6489 7356 2654 3248 1743 3845 4530 5135 6327 
2993 9307 2404 4485 5026 4855 4813 8609 6085 5773 
3929 6390 6024 7101 6308 1539 6001 1511 8766 2605 
7578 9441 4541 7350 2297 1808 3575 3229 9367 2048 
8365 6104 2029 9492 4111 9459 6113 2692 9610 3228 
5121 5118 2026 2872 6456 8922 6367 9826 2694 1636 
7864 2675 5649 4724 4283 3314 2331 7043 2730 4528 
7965 5184 7842 4579 7792 7825 2587 3642 6492 6898 
5069 6050 9672 8336 4776 9876 3910 1484 6464 7439 
9553 1794 9566 6725 8318 1963 6790 9488 4566 5259 
3868 8255 5433 3388 4409 4997 2748 4567 7120 5083 
3559 9647 5063 5120 2515 3183 5086 3332 3106 2888 
8105 7614 2737 2054 4978 9403 1945 8279 2369 5337 
2097 9899 6740 8325 9760 6501 8147 5600 5523 5542 
8217 8434 7993 3044 7669 6205 5401 6337 5516 4310 
8433 7914 4256 5993 3166 9023 9631 7898 4374 3641 
1543 5532 4462 8865 2525 4694 7868 2888 8116 2536 
6184 7144 7707 2270 4831 4998 7959 6706 4452 8077 
4486 7518 9904 5979 5999 9737 9844 1702 5885 3083 
8839 2274 7811 5802 9738 9209 2078 4287 3082 5797 
5635 7572 6927 9779 3761 4086 4792 8286 4773 8388 
9039 2139 3021 5924 3262 7285 1849 1189 1146 2646 
8735 4687 8319 8622 7414 2075 3352 1050 2198 2502 
9216 3751 9717 8289 1054 7233 8800 2497 5125 4568 
2587 7138 8989 9473 6924 9049 9876 5883 6472 1135 
7506 4107 6388 8280 9011 2108 3701 9328 3620 3424 
7514 2283 1376 2773 4621 6387 3489 4151 7537 6253 
4746 3475 7844 9733 3679 5359 6237 2309 2676 5852 
2303 4274 3270 6775 8185 1405 2221 9802 6799 1214 
3656 9701 2511 3107 6522 7334 4937 4948 9182 7404 
5990 3703 4159 8490 6448 8766 6681 5260 6340 6201 
3872 9327 7391 2568 6820 1821 3011 9825 3764 4500 
1537 7210 1824 3734 3881 8027 2631 2904 1669 8128 
4565 9750 4206 7291 6624 8896 9728 5281 5298 8154 
3257 2730 5755 5875 6448 9547 7028 2211 7760 9922 
9619 2968 7338 7700 8155 3808 9634 7948 2505 1341 
9254 9021 5265 8965 1399 6341 7209 6532 5549 8573 
8447 4007 9349 4606 8747 1054 1504 4810 7271 7359 
2120 7486 1798 5247 2662 2147 7290 5985 4483 6288 
8298 8264 3733 7045 7878 5181 2112 8846 5845 5434 
2875 1295 9012 7748 5458 2251 5567 8418 4461 2695 
7335 3257 6840 7204 9861 8718 2201 8132 8471 1775 
8157 8997 9184 1991 3043 2544 6509 1841 2523 2269 
4779 6136 1143 3208 9949 6308 2765 7442 4410 1878 
3520 8441 7130 5409 7202 6965 1978 8180 5249 6589 
6733 8094 7103 1311 2454 5218 6453 5188 9195 4732 
4573 4180 9851 5929 8799 8718 3420 5949 1782 9406 
9281 4332 7300 9877 8125 7867 2731 5330 5461 6146 
2659 5339 8849 4314 3889 8116 5966 8866 6709 9114 
3308 7395 6760 4682 5140 4612 4543 3036 7892 3648 
1178 1372 2389 8350 5939 8667 2936 7846 9899 1464 
5449 8697 8510 8790 8470 4999 6473 3937 4904 2242 
7382 6996 6056 8438 2197 3682 2327 6069 5663 7129 
6969 5500 5750 1876 3277 6482 7828 5160 7088 4019 
6728 2915 9773 1964 5984 3148 4064 8999 2763 9627 
2935 5682 3590 3015 5832 2538 1634 2777 7418 9377 
2956 4942 2500 3594 6381 5118 3463 1924 8247 8950 
7678 4545 6188 5378 4811 8732 1912 7366 4459 5058 
4397 5276 2084 4535 6598 1780 6585 6172 6483 4537 
7927 3172 7746 4289 4096 9953 3502 6447 6190 9315 
1526 7312 5484 6563 7597 9890 2472 1598 3411 8711 
7884 8810 7903 8997 5977 8980 9171 3579 2931 1372 
3857 8836 6487 6359 4901 2273 6409 4828 6669 8752 
4850 2235 6913 2493 9076 4604 3806 1835 9898 6786 
2387 5423 4509 1863 9209 1272 2568 7236 6605 7945 
3487 9018 5742 2071 2041 7076 1094 2148 4392 7162 
4609 3574 5905 5576 4133 5077 9191 3527 2256 5382 
7127 9287 7746 3862 2834 7150 2420 8069 3503 6548 
7991 8578 6341 2608 6288 7906 7490 7913 7738 6768 
7152 8175 4143 7943 7159 8146 5760 1188 8395 5096 
7393 9494 9124 4401 6953 3692 8114 9450 7799 3165 
3710 4694 1231 9858 8754 5712 8027 4190 4870 3872 
3457 9385 7521 1242 8637 5772 8627 2363 6228 1808 
7251 8829 5287 6643 2887 7061 7883 1048 9525 7369 
8200 6180 9622 1674 1266 4783 4686 1715 1563 2181 
2374 4104 8109 4628 5684 7751 3693 5342 5611 1465 
5844 5404 9297 9998 2770 9991 9952 2599 6922 2209 
1827 9300 6872 5432 7623 7972 9170 7950 2844 9214 
3631 6901 6768 4062 2131 1237 1563 5575 3942 2220 
6322 5285 9770 8272 2885 9174 7123 5913 8340 3806 
6769 6498 4596 8069 8628 9186 3043 1445 5183 9045 
8620 2294 2318 5679 1325 8941 8015 2992 7789 3004 
5730 3917 2850 3129 2393 8092 2157 4535 9987 3530 
7359 5026 5505 6169 2667 1181 1546 2228 1641 8726 
2644 9007 1574 2672 2987 8472 8131 7302 3963 8223 
3111 8128 7464 1903 9304 4598 2326 7182 3182 2499 
1142 9783 9940 8842 6477 1924 8525 3916 3523 5480 
8203 2937 4197 2922 2448 2617 1296 7981 4044 2185 
5647 5536 5747 6994 5834 1003 8362 3289 3565 3067 
2096 1370 1675 5002 6821 5504 4940 2134 3898 5716 
6741 3956 3411 1617 4377 2087 6879 9839 9086 8424 
7848 7803 8786 2866 7492 3591 1255 2158 2054 4604 
4374 3907 3775 5811 2614 7277 7321 6645 6004 3379 
6867 4169 5721 7833 3869 1881 3877 8262 8963 6780 
2430 7502 6965 6054 9954 8687 7668 5156 5117 5732 
5484 6248 7234 7056 8667 1998 2533 1732 5985 1070 
6222 8605 6592 4007 2561 8735 9185 9170 2908 3772 
7089 9944 8277 4446 6676 6364 4749 6616 1687 1518 
5299 8820 8185 2668 9820 9799 3949 9584 6557 4683 
5650 2504 9007 4336 4768 2772 7546 3106 8552 3162 
1563 5531 1446 5219 7795 5096 8303 5108 3401 2981 
7986 7191 3780 9744 6352 7894 3482 4765 4169 4934 
3287 6114 4316 8595 8820 1081 6510 5734 2117 9146 
5698 9018 3463 3057 9041 7079 4738 7760 5414 8122 
3931 2661 9426 9089 7372 8835 8347 6203 8246 7993 
8696 5452 1467 8948 9731 6386 3601 5126 2762 9009 
5371 6413 2345 6663 9349 8130 8175 7122 9370 3990 
7388 9967 5664 3646 4339 6330 6883 3240 7483 1655 
8236 6201 9185 9692 6267 1531 9217 3221 4748 5625 
9614 9185 4518 2642 7460 9331 9853 5601 1095 5577 
4824 7932 2311 2344 6050 8464 9976 5320 7556 3340 
1926 6597 2487 4974 4692 9837 3638 5045 3508 2999 
1617 8212 2930 5350 6496 9904 3645 8145 3190 7491 
1923 1042 5047 7557 8376 7642 6615 9000 8668 7157 
8079 9448 5856 4277 8192 8860 5335 9047 5975 1166 
5352 1110 3606 1300 5540 6730 8715 7870 7150 2317 
4902 4258 6136 3160 6201 9651 5655 5076 9827 2730 
5761 6098 6012 4751 5443 2174 4645 2119 5061 1488 
1725 2323 3207 3881 1546 2079 5400 8595 3557 3593 
5032 4082 9722 5151 1780 9992 8875 7499 6264 8508 
7143 3278 5864 7135 1160 4234 1947 6241 9951 4251 
2908 5168 4449 2937 4627 8170 4747 8904 7024 4097 
7054 9140 3684 8422 4128 3441 8860 9323 4485 1081 
9615 9741 7669 1987 1377 8282 1219 2685 8390 1189 
1119 8228 1353 9586 5923 2957 9248 9205 9921 4843 
4327 5607 4382 1468 5075 9077 6697 6104 7220 5071 
6297 2668 6538 6703 9241 5089 6477 3015 1355 3258 
5499 6981 7427 3226 1891 7573 3747 1767 7630 3521 
9848 5167 6995 7117 4612 2484 6485 5528 8115 3497 
3374 6813 3177 8679 4333 7975 6031 8341 6540 3314 
3672 9989 5756 2173 6478 7216 1345 3672 4310 7493 
5628 7296 5058 3601 4611 6991 9682 6637 4341 6813 
2461 2076 2496 8217 9241 1634 8338 6054 9385 1085 
8944 5188 1907 7944 6123 5423 9494 4016 1802 7053 
3857 7268 1468 9015 1170 2929 1617 6973 1556 5559 
6276 6793 2234 6147 7868 7673 2032 3413 1423 8946 
1389 8118 7068 3070 5303 7494 6993 3824 2294 2597 
2013 9904 2600 6205 9666 7017 1206 5748 1732 4157 
5992 1906 9223 9366 9665 1220 6727 9647 3331 2095 
8818 8429 1983 4725 7912 3277 4920 7561 2983 7636 
3718 1314 1097 5472 8858 4911 2722 4887 2678 8753 
3756 4535 5408 6187 2579 4268 9673 9392 7730 7277 
5165 2154 6145 1486 2299 7736 1954 7463 8414 3885 
5708 9784 2958 5984 4913 7343 6436 6166 7448 8846 
7165 1265 7909 2488 3211 6084 8605 5613 7263 8194 
9812 9166 1052 7249 3629 7832 5410 9902 3286 4954 
8090 6904 2390 8444 1146 6260 5060 1804 7554 5111 
2720 6933 8779 8432 9876 4294 1523 5865 9094 7875 
5049 4774 4139 5439 1906 6563 8028 7755 1318 5787 
2802 2450 2198 5405 5154 1130 5165 7758 4662 8556 
7409 8639 9193 4139 3964 8206 8271 4685 9120 9895 
2629 8063 7819 7310 4716 5619 1861 2362 5912 9710 
8719 5953 5529 7453 1948 4704 9200 6474 3657 3388 
5427 7413 2625 3676 2566 2684 1605 8512 5931 4349 
3456 7145 5984 7994 4881 8332 6229 2845 9208 5362 
6538 1682 3288 3935 4665 3974 1195 7064 9090 2922 
9879 4135 2814 2664 8330 2469 6040 1353 7622 2963 
7299 4824 8575 2284 2713 1534 2206 3524 9476 6463 
9501 1796 8353 4640 8900 3580 4131 4162 6733 2249 
5371 6438 8073 7101 5677 9034 5154 1904 5748 7987 
3778 8919 2416 6133 1273 5610 1990 1305 2076 6676 
7324 5815 5368 6340 5951 9425 5251 7233 8113 3630 
4842 3121 9640 8374 8242 5367 8229 7077 3443 4916 
7122 6296 1722 8051 5666 7176 6217 6082 2015 1956 
4923 2157 5920 7105 9288 4643 3883 4636 2222 5321 
4073 3885 6455 5042 2131 9565 7011 7397 3515 9945 
3485 5409 1066 3283 2535 3997 6495 5994 5071 9608 
8711 5019 8808 2388 4025 7971 3601 8390 1601 4882 
7236 2686 6373 1791 6228 5096 6439 4316 8303 1030 
8242 1631 5581 5970 2727 5524 4951 6530 1929 5711 
1674 1513 9501 7222 4634 1130 8597 5362 3937 2234 
4701 6211 5869 3124 4479 7910 1354 7872 4788 4023 
6662 7179 1958 9864 1175 9722 5764 3842 9101 7498 
7988 4081 1203 4210 5726 2194 2463 7296 6695 4288 
8040 8538 3438 9696 3720 9091 2414 8155 3264 7255 
4577 2168 6639 1218 6040 9938 5086 7376 8822 3894 
3493 8530 9577 6273 8506 5401 3088 1418 4933 3691 
1080 4047 4139 5124 8481 1968 2389 1450 7044 9095 
8537 8684 3059 8186 8223 3748 8383 3963 1912 5112 
2284 8459 4676 3614 3055 4736 7295 1167 5698 1372 
4919 4367 9246 5474 3965 1243 6500 4804 9027 7924 
4087 7618 3742 5323 8227 6517 4948 6252 6985 6032 
8242 8471 1139 4290 9575 6645 3846 9032 1639 8664 
3254 4852 3787 9544 1924 4656 4641 6282 6998 5334 
1739 5330 4502 9318 5660 5618 8902 1126 3834 9349 
8418 8326 1025 3679 8806 6114 9187 8636 5249 2765 
1406 8899 9333 2849 5021 5799 2496 2441 4474 9500 
4535 9082 3979 4068 7009 4895 6612 3336 3528 8178 
1246 4052 5535 3037 7401 8473 2414 3439 7529 9134 
6283 9595 1501 9387 9283 8203 4180 5581 5874 4780 
1758 9656 3882 7753 8863 9726 5881 5020 6585 8009 
5219 3078 8682 3643 2466 7850 3919 3529 4215 1653 
1468 1461 9915 7488 9860 1919 1666 3278 1844 8453 
5286 7975 6684 4279 3546 6216 8466 3697 9179 5147 
4593 3494 9000 3435 1025 6736 2296 7298 6475 3028 
8990 7927 1740 1638 5941 6324 3058 1998 9504 2514 
9647 1468 2991 9436 4827 2763 2019 2792 5547 6221 
7129 7684 2653 6228 8002 5896 1971 8480 4839 7318 
3808 5370 2190 9798 1588 4834 8001 1685 4200 9928 
9264 5887 7371 1325 2846 7001 3216 7333 2044 9062 
5453 2215 8964 2567 1559 6519 7444 6996 8935 6588 
2875 5223 1877 9848 6775 8418 7640 6742 9237 3786 
5638 4668 3827 2320 4946 7916 5228 8851 1841 1533 
9806 9068 3628 9844 4307 6029 4937 8070 6599 5773 
2777 8996 4938 2955 4279 7835 3132 3223 8271 3742 
9019 6324 9820 8867 5813 3980 5555 9954 5574 9478 
4502 8084 2525 6163 3953 2161 7002 1029 2674 1313 
6237 2924 9730 6198 8809 1117 9810 7191 3866 2629 
1636 8549 8115 1260 7722 6903 5645 1735 4050 2282 
4865 9422 2332 6171 3678 8415 5191 5909 5215 7474 
6335 9347 8629 3555 9295 9148 7474 2906 7340 6833 
4708 9941 7179 1996 3015 8462 5883 1603 2329 9332 
8339 6640 5415 5584 1502 6987 7210 2901 1356 3464 
2276 4500 9126 2913 6550 2331 1912 8958 3889 6121 
3358 7906 2054 6901 1968 5347 1435 5899 2878 6014 
9447 5385 5353 6124 6215 4283 9907 9294 1523 2119 
4169 1259 6958 2078 8886 9454 7177 4316 3658 8512 
4556 7054 3289 3767 8589 8660 8626 7492 7555 1165 
7797 7032 6917 7918 4185 5582 3676 9284 1107 8294 
9160 7340 9887 2208 6392 3787 7930 5053 3643 8339 
1555 4939 5382 6823 7159 8325 5078 1103 9760 5379 
7380 3406 2436 2515 3886 5951 5939 9292 2904 1088 
2697 6119 7162 4529 6288 4733 4155 1970 6185 1483 
1589 4170 3603 3735 5241 4942 7940 3998 2694 3506 
7558 4317 3130 8172 8862 2693 2545 2401 5256 7651 
8748 6446 1151 8454 9297 7855 7608 6474 6660 3417 
7711 6620 8866 3920 1944 1766 2679 9256 2514 7421 
8682 9010 8844 4286 5062 5144 4039 1723 3870 3839 
2830 5550 7338 8881 8469 1297 9977 3887 4374 9024 
2777 3239 1275 7677 9919 9505 9272 1465 4837 5956 
2073 4840 9861 6926 8820 4480 5994 8882 8687 2775 
3653 6860 2650 4962 7918 8744 1026 1780 5176 5160 
4003 2408 3871 1189 9379 2482 6957 4462 7626 6422 
5664 3130 1766 5227 5861 8792 3074 2703 4785 3160 
7431 2406 4536 7693 3656 7698 6389 5301 9155 9063 
2498 1439 7327 4812 8050 9543 5133 1736 4279 4482 
9958 2023 9739 2941 4478 5586 4181 8316 5008 1299 
6345 4054 2459 7011 1352 6929 5368 5894 3052 5546 
6514 2941 2898 7767 4096 4251 3480 9010 6946 4335 
1151 7776 6712 3231 5189 1658 6964 4004 5459 5205 
4781 2067 1294 4805 9151 3878 5048 5189 6284 5522 
2498 1585 2425 5750 5073 2078 6816 2016 2789 5935 
1725 9057 2343 3318 6597 8010 3772 3469 3093 7796 
6156 7904 3891 5698 1816 1101 9257 8630 9333 7896 
2738 4533 9898 3375 5952 4343 7878 6150 8350 5690 
5773 6619 8126 1974 7629 4937 3847 3677 8568 4727 
8838 4315 2519 8485 2059 5337 2316 5615 2477 5764 
9746 5855 5127 2960 7381 8700 2315 4756 5622 2060 
4787 1849 6836 6369 3719 5585 3629 1690 6305 6989 
6944 8629 1369 1153 6405 6779 7923 6218 6722 7308 
9018 9239 1911 2127 6473 9387 5569 6331 7162 6933 
5214 3117 5502 9182 1501 3646 1491 4291 7883 2378 
2803 4879 4299 3566 4785 8893 4168 5816 8577 6757 
3105 5948 1844 9647 1872 2810 7998 4791 5761 5883 
4395 7022 9311 3022 9037 4424 4062 7259 1135 1425 
2579 2476 1116 9080 8324 9354 1992 6256 7371 3492 
3117 4656 5066 4291 8765 7406 4309 5578 8434 3492 
1600 2711 7043 6637 5400 4811 7508 6297 1143 9571 
8144 6535 5385 6032 5831 5722 1064 2465 3884 8525 
8529 5758 3077 6987 1203 6482 4395 2735 7646 2834 
9262 5342 2253 2034 5311 8390 5950 6241 9213 1703 
2596 1883 2296 6464 3290 8861 8589 3734 8094 8924 
1343 8015 9509 1165 4799 8086 2524 6913 1576 2967 
9627 9063 6415 8450 3236 3289 2497 7435 5778 8124 
2564 2651 5082 1326 3857 4235 9385 3288 5156 3882 
4387 1138 7303 3235 9546 6963 8236 5527 2132 2961 
3223 5862 6076 9412 8200 7171 3156 2685 6191 8338 
8156 5236 8154 4046 4808 7048 3678 3043 1768 5004 
2993 1873 2104 4258 5658 9440 6656 8460 1110 7433 
7827 6590 2886 1580 3873 8961 7713 3706 9684 9513 
6201 7482 8280 5791 1475 1687 5292 4159 4693 2495 
1480 6554 5026 3611 6816 5476 6224 3708 6610 8449 
5112 8100 1831 1826 9672 8325 6145 4035 6108 5389 
1085 3354 2194 9950 7873 9319 3043 3489 1316 5085 
9909 7163 2378 7755 5484 4525 6362 6949 5732 7380 
5631 1081 8200 5393 9419 1287 4563 1437 9608 8789 
9803 5131 9368 6952 7998 4576 7259 5961 8362 8084 
5440 9195 9011 5245 1126 5860 4345 2297 3398 6612 
1547 8979 7286 7133 9430 1709 6839 6308 3799 1842 
2728 9001 8152 6454 4871 9235 4371 4954 5182 2445 
4605 4907 8326 9127 3156 9952 8426 9453 4204 3530 
7079 6895 1371 1042 3588 2924 3686 4768 2130 3024 
8701 5910 3031 9921 5528 8829 7479 7818 7334 9000 
9956 2489 3284 8286 3936 3297 8462 7943 2254 1682 
9675 2362 3207 9102 2743 7311 3908 1390 4796 9332 
5700 3684 9462 3844 7977 9436 7187 4130 9102 1040 
9492 3805 5400 4495 1635 2073 6350 2378 9920 6724 
4875 8135 6111 1927 9505 4694 3351 6654 7301 9317 
2474 2311 6250 5457 8657 9548 7590 1139 4913 3259 
4542 5454 8136 3975 1385 3189 4262 3915 9163 6102 
1186 5763 9031 2007 3556 6783 4571 3655 2091 4606 
7729 2534 9295 7837 6260 7528 9596 8002 4706 6936 
5500 2216 4794 3622 4975 6041 7342 2717 5996 1259 
5536 8799 4249 4037 5284 7369 2969 9516 8588 3344 
7474 8984 1206 5425 3718 3917 1457 4931 3024 9595 
7406 8435 1243 8354 5850 7350 4452 4266 9731 6578 
3350 3685 1324 4837 9653 1175 4289 7106 5419 6903 
6466 6773 3644 9307 5907 2431 1232 4030 2626 4074 
1024 7492 7337 5443 7308 7261 7420 7057 6808 1267 
6495 5868 4142 2437 1033 5739 4972 9430 5605 2332 
8195 5838 7976 3760 9068 1533 7882 1863 6957 7512 
7350 1622 8992 5843 1047 9451 1491 9508 6959 3800 
9048 2861 5654 8215 7814 3487 1112 7082 4050 6313 
6255 5655 8715 4417 9963 5821 4977 7279 4064 1431 
9790 3137 1562 2674 2488 4580 2747 2016 5608 2860 
3666 8273 7609 4932 9863 9889 9359 4046 6915 3731 
2266 7965 8034 1037 7691 1289 5628 4575 2420 9036 
5515 6899 4730 2617 3203 6907 7131 3857 7573 2349 
3365 2603 9058 9557 7030 8254 8613 1329 5485 6765 
6214 6469 4672 2440 3516 7760 3631 6203 8506 8413 
8339 6554 8283 1071 4917 6792 7680 7741 1673 1516 
1733 4620 7688 9865 9192 9942 6120 4345 5958 1809 
4697 9063 7305 3254 7116 5856 3615 3566 3652 6937 
7811 2928 2956 6295 7388 3506 5894 5001 8428 9111 
5671 4346 9084 9374 1679 6782 6145 6561 8781 9623 
7304 3105 8177 8142 8684 9220 1703 8038 6421 2264 
6515 7154 3090 1557 1741 8539 6415 5543 3845 9131 
9549 9192 3930 9088 7529 8408 6740 9670 9810 3345 
8916 8910 4713 5167 2696 1501 9569 6815 3786 6073 
6735 4017 3869 3944 9135 6911 7037 8371 3270 5315 
5076 7813 5739 1661 3326 6119 9306 6685 7341 4528 
5929 6037 5725 5551 8894 2883 4048 1148 1188 5236 
4531 8482 4870 7680 4931 8338 8954 5624 2342 2111 
8984 4931 8552 6503 1793 7244 9186 6869 1002 2937 
1212 1718 2715 8465 3809 2365 2777 9815 9653 5192 
5450 4429 8691 5271 6574 8915 1278 6296 1904 6387 
3013 7132 9649 5477 9982 3883 3926 5162 7589 7565 
7089 8069 6254 8613 2612 2975 9292 4233 7685 5738 
6031 1165 6536 2512 2263 3753 3011 4944 3545 6355 
4853 7303 6670 3540 3248 2172 8936 1262 3239 9629 
2220 5562 1982 6043 2750 6051 2271 6179 5145 3714 
1774 4670 7299 5197 4928 4021 6656 2118 5057 6543 
4910 9114 6948 4924 8070 9850 5656 6738 9085 2145 
9673 9563 4657 5875 8568 5283 9193 3925 8176 5638 
2773 8561 5344 8533 2474 6321 5973 1948 5731 3657 
3549 5865 8073 5440 6133 6723 5030 6204 6327 6807 
2761 3768 1160 6585 7625 3587 6877 6671 4266 5462 
8685 9317 5766 6069 7908 1705 7001 9729 9775 8309 
2594 2975 7180 9105 5448 7404 8697 4387 7021 8356 
2780 8807 9654 8631 3471 5505 1385 7457 5852 3446 
9775 4899 6920 7104 6394 5584 5239 2031 3835 8197 
1455 4313 5970 4637 1209 5292 4464 6689 8992 3071 
9364 1230 6179 5577 9172 6692 2480 2673 6240 3574 
7748 9930 9329 1323 3374 7999 4226 7523 5111 6095 
9858 1361 8966 7760 1776 9505 8438 1351 8415 6441 
3137 3195 2673 9741 7794 5851 4246 9426 6460 4100 
8462 2833 3474 5147 2126 9766 1688 9181 5517 2678 
4732 4689 3104 2098 8717 2765 6684 4675 9029 9986 
2124 9166 8694 3871 8357 7338 4610 6690 9182 3108 
3213 8667 8566 4050 7257 6443 2187 5027 5083 1306 
8214 3929 9789 8322 2741 3240 7939 9588 1524 3828 
9390 9462 2439 1874 8361 9988 4868 6014 4626 9401 
5791 3980 1368 1860 4240 9764 8982 3338 7193 1100 
2135 3951 1719 5010 1097 5804 9287 6553 3428 3176 
2655 6461 6973 4272 1635 9293 6375 7643 1706 5885 
3628 3006 6150 8270 2266 1397 7683 3700 7166 9282 
8929 5545 1657 3849 1399 1328 5585 5610 4647 4234 
6852 8964 4669 5241 4400 6351 3196 2199 6898 1999 
6221 6690 9409 1787 5024 2787 1167 6943 7672 9809 
5429 7722 6539 7969 9630 4342 1352 9192 1841 1868 
7729 9173 6300 1220 4861 2875 6737 5188 9390 5509 
3465 7626 9509 6962 5720 3747 4936 9007 4536 7688 
1597 9451 9131 5681 2615 1650 5324 4103 7886 4716 
6796 4956 5244 7294 2695 6724 5248 2429 2989 9432 
2768 9836 9737 3763 2772 2317 4344 5825 8193 9674 
1538 8917 4611 5460 9611 1595 4639 7340 9052 4366 
6273 5234 2869 1405 7712 3303 7959 8130 7600 2836 
4782 4650 3044 5460 9735 7935 3016 8844 4240 2617 
2018 5912 3348 8086 9208 2999 3784 3273 7552 8516 
8967 4790 2804 4340 6223 6649 4413 7001 3925 2302 
9067 7268 2758 7484 7440 6131 4155 4236 7673 6067 
8933 6912 7280 3731 2231 1940 8218 1307 9051 6549 
8195 4074 9648 7270 8433 7792 4863 4685 6249 5767 
8294 3560 7072 3847 8056 8487 6241 1627 1590 6957 
2851 1384 1598 9526 4256 8292 2979 3474 9053 2079 
9572 9303 2488 9722 9311 3708 4514 1427 7056 8150 
2719 4644 3649 5493 1585 8217 7210 4222 6285 6050 
8211 1185 9617 8264 7637 7512 6061 3739 5420 4435 
1173 3701 6192 7873 1324 6773 4411 6420 1122 3217 
8317 7219 7859 4655 9758 5967 8762 8366 1656 2807 
2179 7715 5595 4578 4806 6267 3911 9439 5387 6738 
7020 6756 3361 2665 9678 5655 2796 5324 4354 9746 
2999 9932 6431 6156 4881 1253 5099 1821 7311 8384 
7187 9888 4607 4258 7003 6465 7250 7937 6965 3333 
5152 2569 5683 8097 7101 2996 9585 8151 9615 3943 
1275 6721 9320 4142 2895 5461 3620 7266 5998 8997 
3070 2426 7287 1610 9787 8181 5764 6552 8341 6455 
7811 5796 7616 3159 8400 6477 6176 3160 3482 2569 
1850 1840 6463 2604 7561 6098 8133 7929 2091 2923 
7685 5346 2630 4594 7331 5902 4549 5808 7363 4961 
2052 2527 5756 8245 2798 6783 7765 9059 8054 5000 
9724 7117 8835 4880 8078 9505 4836 8670 8715 4423 
6357 3109 6467 9842 5057 8453 7296 7158 6872 2253 
4456 8588 8717 1329 2704 5657 3350 5626 4533 2629 
6270 9716 4377 7903 3930 2530 1649 3805 7167 8513 
6685 5033 1564 8409 9656 4598 1785 6250 8483 5644 
7801 5355 6632 7970 7476 8089 5499 5551 1580 2545 
7922 8174 4722 4959 1018 7465 5385 2032 5625 9346 
8462 6950 6421 7587 8668 6158 3951 2846 7994 6250 
4020 2959 3380 7476 3684 6274 3266 8947 5944 8696 
7190 9543 7629 4738 3894 7487 5369 6631 4006 9992 
3394 8609 5845 9164 4304 6452 3318 2901 8340 9254 
4865 2756 3354 2078 2447 5292 5039 8913 6547 7512 
9103 7661 2242 1804 9900 5688 1118 1396 5679 9953 
6975 2297 8928 9818 2316 1145 7187 9131 8864 6962 
1925 8052 1858 8812 4916 6067 7422 6904 9247 5542 
9458 5600 5985 5740 1345 6698 4807 8963 1301 2810 
9776 5387 4409 7143 4111 4386 3357 3666 4707 8888 
4939 3801 6937 6800 5292 7168 9519 1262 5091 7419 
1252 2278 1132 6632 6309 4053 1292 9675 2601 8167 
9566 3978 1982 7810 9069 3813 5293 5804 3700 1408 
1757 1771 9069 1799 6407 1890 1632 8685 1324 2201 
6661 4783 1434 4793 5249 3467 4650 4871 3629 7795 
2281 5775 4535 7431 9053 8230 4702 7178 2444 7860 
1234 2191 7724 9809 9379 9746 8074 7866 2401 1399 
6092 7072 4629 2507 2444 1494 9308 8011 8070 7549 
4659 3004 5655 3335 7190 8555 5715 6661 3359 1878 
8067 8852 4846 7186 8417 6221 5341 1736 1015 5292 
2233 7755 9254 9735 2668 3181 5702 6259 7781 3633 
4671 9873 8263 4775 3142 2194 6990 9576 6790 9633 
1479 7149 3127 5524 7472 6746 5362 3289 4284 3049 
8315 9447 1234 4857 4435 4046 9920 1312 5855 2343 
3703 4467 1009 4216 8756 5113 8666 1233 2871 6294 
2420 1186 2364 3201 1257 8819 9638 8633 4653 9516 
8708 3885 8476 2876 8930 2224 3971 1751 3672 6610 
7558 6204 5334 5435 9763 2815 2013 4038 4360 7518 
2828 7754 5723 8950 3784 3033 5033 7275 8690 8934 
9224 2704 8500 6637 1426 1012 4187 6490 9709 3667 
5557 2288 5701 6115 5607 7964 7863 8231 4577 1078 
1274 5765 2545 4095 1328 1800 6005 4692 6413 7032 
7437 7432 7582 9739 6595 6509 4521 8706 8926 3275 
6718 6974 9219 7300 3570 8545 3950 2758 6681 7588 
8483 5686 1031 5153 8212 7556 1744 4284 1732 9079 
2366 4622 9049 7192 4756 8353 2031 9545 1703 4937 
1201 7048 6558 3860 5801 1708 6136 3812 6988 6306 
7703 2224 9760 5473 2106 7572 6493 6888 7265 5306 
3075 7683 4883 7909 7912 7889 4953 6378 8213 6631 
3448 6517 4066 9414 7413 4402 8617 4310 1753 6054 
3810 3245 1296 3393 4610 1895 4745 4619 4700 5910 
5921 7110 5231 6543 7624 6044 8485 4307 7607 1083 
7043 7046 2511 1563 6547 9303 3876 2976 1401 5069 
8088 7051 1191 8781 6696 1160 5899 5932 8504 4010 
2213 9352 6405 3963 2018 9423 8723 9202 4109 2434 
9876 6023 7082 5162 1818 8779 2879 1298 6062 1362 
3436 2578 3437 6352 1318 2908 9921 4519 2673 4104 
3257 1880 9761 8341 9816 8594 5118 4889 9440 1352 
2234 8525 5029 8241 5499 9232 3869 7872 4615 9606 
1170 3943 7297 5161 6702 2809 1139 8803 1644 2083 
5898 5175 8676 2826 2885 1245 2647 7275 7777 9154 
8077 4457 8638 4429 2256 4324 8662 1029 3462 5890 
5593 2497 1181 5748 6261 9170 3960 3266 4038 1212 
2933 5441 4721 4744 8171 9252 4220 6200 6011 1272 
2108 5355 1932 5735 5973 7981 3331 2792 8976 9931 
4762 7621 9912 9127 5426 6648 9667 3708 1812 6517 
8029 5143 1878 8273 3414 5952 2547 3563 3750 1559 
1416 2346 5106 5587 2904 9751 9886 4859 5261 9267 
9736 9329 9102 2836 1504 5870 1208 8048 8653 5507 
9547 7177 9104 8425 5258 9403 9919 4736 9817 5892 
5139 9401 3372 4077 5005 1013 2253 7397 8681 8246 
6082 3532 2753 1032 3062 6829 5365 5677 8459 6979 
2890 1264 9789 7094 6762 4931 5587 8400 6626 1447 
1432 7471 8269 7736 5632 9561 3695 3379 9385 8386 
7759 3312 7975 7253 3850 9988 8470 1187 6703 7810 
3148 7782 9148 8764 1755 9495 9797 4619 5391 5473 
5909 9663 3228 6754 1211 9303 8299 7057 1002 1728 
4189 1624 9359 5326 3879 2557 8965 7909 5337 5277 
5442 3648 9504 1684 2765 6290 7666 9432 6796 1075 
2631 1112 5907 6522 8942 6694 6786 9393 9642 5991 
2505 7528 4537 3042 6010 1955 8677 2559 2896 9993 
8643 8643 9364 6418 5959 4128 2936 9831 7485 9796 
5011 4048 5560 1073 1245 8943 1449 7307 1233 7372 
9209 8743 6700 3411 8909 5483 5510 3504 1948 4840 
7321 1214 7193 3110 3263 4784 4634 6463 2137 7278 
4142 2625 8596 6232 8683 3466 2911 8819 2397 4080 
1095 5347 5496 8042 2759 9974 9840 7014 9244 6638 
7763 3472 1448 2474 4024 3370 2220 5308 7167 4326 
5027 2211 2047 6509 8234 4721 9426 2478 2535 5632 
6053 2639 7823 2954 4424 7240 5234 6772 8203 8949 
9615 4480 2335 3584 4647 2859 2566 6245 7730 4367 
1093 7961 2306 8754 6191 4505 2426 6181 3218 5184 
7459 6879 8130 6581 9857 8801 7730 1341 7256 1247 
7755 7504 7195 5982 4742 3210 7072 7551 9135 2019 
1266 8952 4014 8480 5988 7710 9407 1671 5445 5220 
1152 1331 7845 1937 1930 8653 4801 7011 6607 4776 
6054 5689 2544 7735 9767 9120 8391 6577 1251 4755 
4131 7065 8407 3762 9243 9549 1758 3032 9055 8005 
4572 5908 5690 1429 8646 1447 9243 8862 3497 1233 
4197 4505 7911 2592 6446 1390 3415 4221 2323 8259 
1136 6818 5982 8487 3308 8187 7490 1640 8525 1728 
5888 4679 3572 2632 1289 3057 9085 1760 8123 9374 
7586 7525 2688 3521 2796 2766 1317 2583 1684 3220 
3696 8619 5516 8637 5253 8619 8878 2936 3495 4568 
1254 2283 4515 3852 2087 7396 4652 8552 6660 8019 
8474 7863 3870 1391 3895 5236 9454 3818 6218 9099 
9856 9273 3347 3012 5537 7505 5104 6605 2549 8874 
8609 6538 6798 6609 7021 9235 8943 4708 9891 9320 
7293 4410 9562 9454 5870 8333 2256 5192 7967 7673 
8959 6368 4671 6288 7031 4324 1470 5707 3514 2161 
2079 6472 5558 2793 8750 9094 4343 6288 7931 5628 
9756 3162 7530 7447 8204 5425 9438 9848 6262 3124 
8927 4081 6139 3608 1180 1087 6144 9591 3700 2789 
2866 8352 5761 1386 3499 8087 6345 4201 7811 7560 
3511 8503 3561 1515 7698 3478 9085 2297 1642 7680 
4382 3131 6855 7164 2503 8302 2199 1969 7579 3723 
2557 3360 6286 4507 7467 9688 8482 8729 7363 8549 
7596 1404 3756 5720 4707 4894 8057 5540 7583 6926 
9806 6988 5737 5542 5564 1993 3265 7250 2713 4482 
2863 1077 7980 3031 6438 9711 3048 4437 9926 3651 
6070 2395 7471 8786 4091 3793 8935 1923 6363 1593 
5994 3035 2173 8010 5046 4526 4499 2108 5502 5026 
5402 5585 8637 9369 1593 5242 4817 3721 6063 7817 
3640 4087 4382 3590 6640 4132 2560 5354 4227 9308 
4299 2136 8789 2725 2004 8959 6084 4270 8090 6198 
3936 5469 4769 8738 1340 7000 3860 3617 4958 8271 
1581 7217 1104 8988 8325 8439 5710 4396 6102 3479 
5707 2158 6208 1800 9390 9300 3756 8292 9378 8782 
5571 7708 8046 4806 6802 6892 1086 6202 5938 5789 
7679 5613 2642 9643 1904 1750 9404 1606 5631 5082 
4925 8698 1980 4901 5649 2291 4976 5619 4519 4398 
3499 1078 6506 8868 8132 7833 7418 7151 1587 1185 
4605 5040 9513 5734 6804 7170 3918 3076 3101 7024 
9797 7383 5019 8793 2149 1241 5635 8025 7447 7068 
6829 8996 1650 3095 4138 5840 1519 4910 2474 3398 
4972 7808 3875 7828 5292 4353 5329 6113 4747 8992 
7915 6892 2002 3370 3652 5573 9804 7880 6106 9534 
9928 8249 8758 7160 1204 8073 2071 8259 3594 4726 
2168 5310 9386 1760 5713 4588 1558 1999 9944 3206 
1020 3879 3595 4110 7934 6852 5286 3286 5385 5144 
9736 3233 9731 4451 3729 5073 9453 8242 8085 9012 
9747 3960 8812 2240 9676 4625 8228 4461 8883 2746 
9534 7730 1784 8191 8823 3225 7891 2494 5724 2140 
7248 3310 1788 4606 2660 5217 2591 1931 6319 9735 
8701 1057 7080 6053 6871 7134 9800 1126 4169 3600 
2575 8340 1248 8564 3060 7115 7934 3441 1440 6058 
5027 4168 7275 7151 4512 4240 2723 4495 7230 7118 
2508 8469 5310 7379 4344 4630 5604 6309 7734 5459 
1989 6569 2420 8030 3268 7847 5978 8305 1318 1303 
3647 3388 4588 5249 5522 5296 5880 9739 8940 6396 
2692 7666 7615 6214 7921 9344 2972 6785 9504 9757 
8044 1680 2697 7130 7531 2920 3955 3900 4978 5060 
9030 9869 7432 3909 1842 2858 6833 8224 5758 8461 
8160 1555 5622 4581 5180 4985 6047 2240 4441 8150 
2030 5381 3192 8770 1653 9292 5944 2120 8570 4526 
2708 5703 7708 4506 3209 3955 6576 4171 1093 7664 
4142 6123 2901 9267 8340 5643 1301 4726 2953 5387 
2235 2176 5148 2823 2099 1801 1897 6814 5871 7944 
7726 3818 5516 5590 7223 6282 5340 9598 4570 4764 
2861 2625 1441 9870 7629 9008 3435 5332 2280 3953 
6687 9920 3470 3512 9634 1653 6380 6210 5759 2153 
2154 8242 4200 3722 3661 2107 4848 3752 1098 3649 
1817 1801 7014 1856 4436 2481 4742 1237 1461 8789 
8758 5633 7584 1397 9223 9101 4099 1550 2892 3539 
6700 2043 4005 1076 4894 1847 5494 1143 3850 4522 
9505 8664 4657 8584 6387 7147 7513 2768 2341 9115 
5921 8817 4781 6090 7959 2020 3479 5181 2444 9227 
6178 1994 3868 3770 3995 8188 8426 4484 3114 5924 
8890 2482 2035 1773 3309 6323 7479 3637 3463 3427 
6263 5283 5686 6042 9966 5198 8050 9855 8948 7833 
6272 5267 3680 8076 8772 7241 1201 3448 4007 4296 
8330 3568 5131 9422 9273 9638 2577 6566 4913 2269 
2539 8201 7932 9361 4467 1337 6112 4550 1785 6645 
7124 5053 7776 8134 4488 9614 3459 8373 1039 8851 
9067 6121 1718 1258 8593 1343 4062 5489 4168 3977 
2203 7440 3537 3121 4160 2192 3941 2549 9755 7554 
8594 4362 9690 7728 3872 6122 2283 6903 6251 5176 
7895 2521 9224 5339 3536 9595 4685 6379 2626 9363 
9945 9782 4769 8421 4684 8462 7187 9906 5814 4036 
1266 5082 7188 7877 7256 7858 5424 4959 3909 9556 
4680 3227 1655 4395 3153 3047 5083 5486 1059 1492 
4250 4083 3930 9470 8776 6396 9833 2538 6855 3240 
2839 2320 8268 9861 1004 7698 7845 1263 5562 4039 
7167 8709 7546 1930 2558 7760 9147 6731 7988 6530 
8260 8873 2927 7346 4376 1169 8216 3097 5244 9561 
3184 9325 2619 3792 8964 9168 7935 3191 5667 3217 
1145 6172 3726 7917 2818 1598 8847 2992 2123 5793 
2370 5841 2659 6108 9689 6688 6547 2566 1661 4675 
9945 1665 7168 1811 9939 2872 1831 2160 7402 8796 
2347 4421 2746 3794 9065 4770 7422 2217 2439 2496 
5921 2316 9925 9829 4174 9599 6373 9943 9205 3689 
6956 5252 8103 1506 6557 2178 9334 7404 5708 3272 
3700 9044 3012 4181 5135 2524 7055 7674 4389 1672 
3727 1634 6499 1875 8405 4484 8712 9779 7853 8832 
5105 6181 2022 8165 6522 6243 1599 6360 8491 8373 
3164 9072 4186 7485 7054 3175 1108 2833 6209 6641 
4987 2428 1880 5020 3254 3182 8743 4060 2467 8099 
9672 4601 2277 1158 9849 1013 6360 5672 1732 6968 
8609 7273 3188 2531 6908 7666 9748 3265 2934 2042 
6623 9905 7306 1951 1231 7266 7072 4359 7100 8879 
6630 5942 5311 4072 9037 7817 1130 6350 8278 9006 
8617 2158 3514 9838 9080 6317 9367 7763 2374 4258 
3250 7388 6367 7417 2119 6644 3669 9496 8828 5484 
3782 7637 7741 9113 4963 2839 8870 3521 9572 2633 
5335 6310 5072 9098 4960 5637 7781 8936 2109 9546 
6292 7919 3559 4971 8367 8838 5572 3767 7932 1478 
4727 1231 2393 1795 4944 4744 3501 8093 4766 3136 
9269 4388 9869 8153 4900 8899 1973 6123 8947 9180 
1622 1979 1389 8402 4964 2972 8473 7011 5743 3957 
3557 4106 4251 8899 3560 1676 5970 5811 2244 8587 
7417 6576 1298 4816 1494 3971 9059 8630 7115 6819 
7920 9502 8881 7936 3141 3357 9325 9412 5876 1425 
9004 5761 9051 8896 4011 6017 1541 6966 9456 5208 
3242 2918 3171 7376 7385 8748 9038 7593 4676 7237 
1906 2450 5973 1319 1837 8867 9845 1824 4046 4589 
1628 7602 7111 7332 9983 5418 3343 6981 1564 5294 
2167 4570 6409 3800 4041 6636 2960 7578 6511 5172 
6184 9683 6326 4453 9997 4095 3357 9684 1167 2627 
1137 7731 1195 4751 6102 1462 6535 8984 3274 6750 
8463 9807 2556 9537 9359 7971 1105 7529 6463 8680 
9021 9914 9581 1491 1444 3882 8073 8235 7937 7108 
2059 5665 3912 4098 7326 9113 7983 2564 5377 6836 
5716 3319 2353 8981 4126 5438 3433 2244 9177 9266 
7900 6507 7730 7305 4977 4969 4321 8693 7112 5982 
4395 7249 8804 3608 3442 5561 9542 7597 8179 7133 
1619 7678 4275 6049 1793 8576 1622 2976 7473 6749 
1905 1190 9931 1336 6264 9502 9034 1321 3633 3209 
3149 1658 6912 1208 3490 2125 4458 5678 8754 9371 
2707 5093 1392 9561 5193 4137 1230 3729 7618 4920 
6455 2564 7531 6793 9095 9995 7027 5450 3815 3497 
3624 2245 7870 5874 9542 9320 4259 8472 9359 4543 
7930 3666 7179 9987 6934 2739 6670 8227 6294 4783 
4612 6203 4358 2921 3420 9930 9857 4460 8477 8967 
7145 6972 4951 9960 2680 1196 7866 3212 3976 6576 
6991 1732 9587 1990 8763 8547 2657 7355 7788 6090 
3300 1697 2471 7549 8042 8246 9131 8158 2029 4538 
7779 9638 8209 3067 4154 9725 3620 3415 3182 4497 
4033 1113 5180 4698 1589 7754 1265 5973 8937 4704 
9257 4578 2945 4953 6768 6264 5422 1852 6918 8744 
1700 9617 7857 6716 8490 7181 9721 2793 5907 7675 
4149 5003 6990 9393 8258 5130 4601 9772 3911 1079 
3516 4661 8163 6733 4435 9721 9363 9160 4334 7644 
7118 9688 7514 7652 4680 5710 8850 3877 7922 8050 
2984 9074 9455 6627 7731 2971 1820 9428 6119 9523 
4991 6129 5676 6460 7525 1140 5364 8807 5697 9846 
4583 6424 7648 8489 9972 5372 9081 8086 7807 8652 
7504 4771 7317 5586 5612 8834 6190 5518 6263 3301 
9049 9603 4733 9281 1278 1506 1922 2699 2870 1009 
7517 5993 8118 2793 6169 8299 7713 5084 4440 3326 
3432 1546 6488 9928 2396 7688 6947 1059 6066 3297 
6469 1823 3478 5687 6746 1039 8193 5008 3127 2627 
2499 3777 8807 7305 6917 7871 1639 5689 2922 1087 
2234 2968 3228 2906 9679 3749 5487 8878 8003 2839 
9154 9673 4625 7952 9264 1051 5415 1303 9732 4492 
3227 5766 3628 7488 8084 2517 2044 4610 4849 8174 
8115 7553 6953 4335 2975 4666 1663 9390 5343 7653 
5594 9750 2491 6947 7522 2961 2419 4815 1342 7061 
6937 8968 2997 1624 1542 4696 5945 8795 2814 6979 
1895 8409 1629 6484 9484 3892 5776 6707 9177 3465 
6837 7971 9444 2014 8095 3797 5099 4595 9866 9979 
2563 8593 2081 7124 5766 1187 3751 8244 9385 9246 
4624 7388 4789 5430 2301 3652 8884 2669 7398 9925 
3175 9684 9748 3142 1088 6104 1822 6454 4784 6302 
9988 4093 9140 1943 2620 1783 3449 1993 3742 2104 
1762 7794 5092 7082 5641 1914 7870 2219 4633 5548 
5617 2821 2610 8168 5827 4766 3267 1186 3319 2917 
9340 3025 9286 7006 4731 5130 1302 5388 2011 4357 
6170 9451 5624 9258 3845 2193 4074 8930 1347 6941 
4635 1086 7280 8731 4358 9056 6452 2834 6817 3889 
1289 1794 1807 6243 5336 4475 8584 5804 4258 3313 
9407 7721 4848 5873 1918 4415 8424 7372 9173 7364 
3588 2910 7175 4884 5764 4370 3854 6188 1842 8255 
7739 6503 1451 1237 2740 7226 2624 2182 3312 5385 
2289 2651 3735 9437 5496 2034 7843 9306 7925 3555 
8222 4406 3422 9043 8247 2014 1735 7207 4256 2937 
1507 2403 6646 7337 3513 6231 2810 7472 5873 2087 
9182 9859 9824 8764 9226 3274 8598 3381 7825 4399 
3897 6159 6090 4462 1197 6941 9840 6256 6019 7738 
5016 3540 1869 3126 1713 4611 2879 7419 8746 7012 
5797 4194 7271 3863 5177 2482 5100 1206 5586 4493 
2775 4643 3800 2677 8202 7152 1019 9135 9313 7629 
9209 9770 9715 8778 7338 6502 1202 7492 2355 4229 
8762 8971 3073 4038 3059 7405 6914 4560 6379 2513 
5836 9838 9887 3242 5085 7013 8650 4222 7608 6033 
6839 1986 9173 2998 5964 6822 8479 7756 4972 9296 
8637 9672 3937 1432 5426 5865 7802 9339 9735 6262 
6462 6605 1293 9008 7639 3638 9736 4479 1658 2828 
2736 6056 6598 6264 9780 8720 2173 9450 7629 3628 
4463 2942 9449 7738 7788 4542 6344 7089 1734 1587 
4117 9447 3898 6130 5217 4132 9378 5515 8816 5942 
2954 7578 6657 3549 2962 7753 4630 9461 3461 2317 
2625 2455 6932 6201 7642 8838 2827 7212 6279 5314 
7727 3131 9523 3991 3292 7641 9726 6433 3642 6817 
8968 1079 1525 2848 2329 9938 4187 7360 5726 7168 
1156 4620 3402 2286 6151 7156 5764 5523 9135 2908 
2314 5655 3235 5828 7410 8742 9826 2741 1497 9869 
9942 2938 3961 3499 3564 5081 7916 4969 5260 6767 
7715 9192 5632 7960 1022 1302 3242 8129 4244 1233 
3897 8390 5255 7944 1316 9836 5439 7182 3004 2545 
4185 5431 2252 4065 8621 3993 6647 9670 5140 9685 
5559 7628 7122 7542 8778 4386 7642 6087 2699 6070 
8915 2951 1413 4669 5248 9920 4196 7850 9211 3554 
2612 1001 9347 8232 4068 6608 1487 6197 9558 5459 
1712 3139 8823 6354 2494 9223 6171 6694 1967 7329 
7950 6989 4343 8889 9672 9143 7410 2429 8934 5226 
2319 7256 6479 8587 5216 1001 1807 7028 2058 7659 
5316 5685 8287 5408 8841 8245 7223 7270 4784 5799 
6588 9709 9945 1786 9027 3131 7491 7657 8070 7309 
6125 4503 4129 1960 6578 7566 9043 8380 2129 4895 
3482 9898 2175 7513 9135 4248 7203 9001 9172 9709 
1759 6404 4130 4309 4155 5458 6842 4169 8392 3311 
6468 8781 3368 4152 6449 1140 9584 9362 4896 7610 
9010 8726 6379 2321 8535 8129 4392 8201 7798 9065 
2154 1870 7103 4261 7337 6057 9106 6829 6445 3702 
3613 4616 5208 3692 1498 1185 2514 8036 9453 4886 
7841 4639 8207 1238 5818 7007 2407 3457 7639 8584 
6880 7307 3855 9047 3023 7975 2533 7161 3335 5358 
5458 2592 8253 4012 2842 9402 6204 1504 1367 7634 
5304 6928 5921 2577 9956 9511 2793 1073 6046 9103 
7625 2405 2647 9195 4324 9925 2129 3716 9610 7716 
6881 2246 9966 5132 6070 8922 7755 5084 4592 1067 
6635 6074 2591 8961 8304 8793 5365 8277 4035 8179 
5505 8579 1498 3267 6363 1612 7424 4804 7807 8825 
6514 4144 5243 2654 1537 8715 1475 9916 5373 4739 
9492 1557 4062 7781 5300 1883 8821 4441 6080 9884 
8673 1295 3146 9876 9097 8530 9842 4182 8758 9446 
2496 3300 9736 1067 1644 8260 5981 5620 5599 4859 
1727 8064 9573 4091 4662 4129 5148 7497 2251 4461 
9794 8827 2349 3704 5342 9871 7651 2827 3072 9742 
1394 2166 1426 9523 8601 4165 4498 6370 8795 3568 
6763 4195 2886 7352 5865 1666 6190 2900 3844 7915 
8509 8272 8167 4211 6564 2147 2545 5454 5670 9449 
2790 8416 6106 7603 1310 6967 8957 3267 3348 7099 
1091 9057 2455 1691 8760 3838 8471 9883 8436 4729 
5102 9811 3528 2170 4045 1906 8168 4703 9986 6263 
5187 9096 3238 6467 4373 9388 1944 3287 4683 9703 
1861 5867 2394 2263 7981 5746 2576 9165 3495 4863 
6645 5085 5193 4289 1357 5615 8974 9453 9199 7497 
3048 1214 5228 2601 5500 3676 8460 7244 9953 8423 
5337 5459 2804 4365 8547 8327 7395 9921 1228 1460 
3814 7218 3589 4691 7306 8096 1383 2638 5384 1322 
5324 6805 7609 8988 4628 1065 9462 7851 4279 6728 
5397 1673 9740 8386 1083 9392 7331 1886 8116 5677 
9646 8847 8152 6132 5874 9413 5759 6546 5353 2541 
6698 3818 2938 3622 3475 2864 7149 7256 5306 3593 
2754 4529 3535 4871 9217 7598 9294 7355 5722 7286 
4924 8203 9762 3494 5938 7471 1005 2998 1171 3956 
2703 7005 8820 2370 6548 2032 8785 4881 7366 7362 
3940 4164 1882 2439 9010 1033 8914 7595 6006 8682 
9600 2470 1566 1161 5994 3346 3749 8368 3568 5809 
7754 3718 8443 9736 5062 4252 2337 5336 2362 9093 
1883 5796 7787 8999 1842 4545 6768 9103 7842 7386 
8276 5039 9116 7766 9832 5436 9634 9372 6484 7460 
9111 6796 3009 3332 1905 3238 6365 1971 7964 9919 
9166 6287 4126 4082 2501 3980 6091 6010 5666 8118 
8881 5828 4942 1429 2141 8090 5672 8579 7541 5307 
2320 2543 1726 8079 2379 7422 7734 4025 8667 8190 
2979 6054 7810 7326 1435 4346 8724 3251 6627 2520 
8239 3722 5249 9300 1759 3094 9908 2520 8361 7244 
9798 2152 8246 6911 7566 9916 2620 4018 1174 1159 
1172 2810 6419 2945 6856 6160 4694 9762 2591 1870 
9210 1052 9368 3001 4922 4370 8707 4974 9006 9657 
3400 1090 9871 1905 6352 5353 2980 1942 7479 6448 
1285 4603 4974 7659 8697 5864 2376 5753 3194 4215 
3824 1154 4387 1120 4084 2759 3614 4653 7594 9984 
7547 8383 1926 3460 5292 6829 7145 9634 4213 6830 
1860 8576 6714 5937 8069 6444 6949 2428 8648 8227 
3139 7234 6743 6119 3173 8587 3852 3230 1967 5722 
4026 9768 3295 1439 2901 2355 6946 8281 3236 6770 
6325 8713 9717 8423 7007 5382 7470 9928 8233 7018 
1172 2048 9405 7341 2419 8365 3453 1924 3096 7947 
5234 7883 8588 1907 8738 4593 5909 3643 9084 5917 
5002 3078 1248 8349 4255 2576 3106 2210 4711 6495 
9797 4176 9216 7156 6225 3848 5245 3772 6783 1511 
5387 6499 8803 6062 9302 2102 8790 4007 5847 4435 
4262 7367 8245 1947 3730 9259 2701 6042 1653 8490 
2575 8184 8502 7164 7739 1989 6459 7010 1723 4220 
2519 5032 5037 5782 5853 9368 9747 4267 1511 5738 
8412 3462 3142 3088 9413 4962 3267 5116 2874 8059 
5657 3811 4561 4265 7790 9585 3248 4848 5788 9061 
9782 1637 8796 8319 6122 9290 2284 6965 3082 6813 
5385 8901 6596 9053 6690 4816 6415 2736 6626 3385 
4873 2936 8742 7788 3204 2508 6105 5752 4677 6970 
4600 2277 9278 1876 2727 3594 1671 1936 8985 7260 
2673 8640 4120 2468 2409 6637 6467 1837 1217 5878 
4532 3889 6548 5957 3482 2231 7107 1220 8806 3169 
8623 1286 3305 3887 2793 1626 9396 4048 4523 5492 
4663 7152 1634 8291 2980 3852 2915 8719 2526 1662 
9817 2041 3667 6578 5802 9928 9359 5542 5521 4674 
5236 3657 3473 9263 4237 5052 4012 2895 9611 9873 
4995 1072 8212 5260 1553 5818 5364 2322 4606 4153 
2367 3683 5307 2391 7111 6773 9613 4417 4412 5899 
6023 9134 9011 3468 5562 2967 8883 2801 6320 7416 
8744 9855 6467 5181 4413 9810 4485 6481 4723 5624 
1718 3562 2587 2155 3326 4783 2418 6001 7357 9504 
1128 7777 5807 4186 1143 1661 3600 6761 1832 9499 
1268 4202 3853 6073 9641 7482 1290 4298 2251 8597 
1115 2758 8748 5516 9340 7970 2846 6961 4601 2664 
8518 8338 7378 2071 9773 9521 6769 8822 2776 8032 
8875 7073 3531 5692 3722 2491 6329 9461 2967 1255 
8676 7398 8959 3500 9001 6558 1548 1476 5712 1545 
1768 7135 8239 1129 7777 5301 3324 5577 5447 9526 
6153 3633 9078 3712 2857 1712 5125 7370 8680 1647 
1512 5093 7364 4674 2099 5750 4383 5091 8524 2675 
8405 6641 5214 8378 9843 5671 8377 9453 7588 6696 
1138 4243 6833 6352 6505 6378 4814 8719 6503 6639 
8902 4825 4095 6528 5649 5658 6500 2841 1888 2818 
7744 9933 1258 2859 2980 6701 4184 3243 6678 5395 
7437 3130 5047 7207 1593 5022 4920 8116 3005 2796 
5027 2412 7050 3967 8021 7340 4700 4306 8358 9335 
4405 5719 9657 5169 9557 8143 1314 8443 1812 5427 
3768 6176 8059 5478 2741 1987 5123 3253 2173 8615 
6988 9493 7036 5056 2828 1488 2544 5944 7200 6137 
7206 3410 7445 8442 2674 7677 4333 5916 3863 9215 
2405 3425 2569 9842 5186 2690 4758 7372 6371 7081 
2922 4011 9164 8806 7132 6056 7913 8137 6235 7170 
1777 3318 6506 3459 9456 9619 7386 7688 1768 3563 
1602 8681 1084 3597 4051 2356 1886 9050 5432 2756 
6524 9726 3447 5777 7147 3718 7860 4388 9598 5334 
2924 9540 8694 9003 6442 9800 5428 2684 8377 8297 
9424 5357 9617 6450 7788 8674 2457 1293 3978 3545 
2379 2307 7699 2044 3915 4077 1987 4072 7338 7751 
1040 9600 9217 9257 6453 1951 4812 4392 3245 5385 
2522 7020 5317 4594 6464 9321 4901 2516 3702 8203 
8432 2410 5397 4076 9098 3344 4438 8745 4607 6302 
3478 1729 5159 2726 5300 7572 2590 1828 5917 6424 
1817 7441 8956 2370 9137 4602 6946 2302 3756 9484 
5194 5271 6979 9472 6342 1745 6112 4576 2748 9510 
4374 4023 5442 9530 9547 4641 6265 6188 4056 9927 
3961 9223 5590 7177 2831 4775 1454 7558 7724 2872 
8588 3990 7625 5973 4026 4707 4794 9436 5986 7639 
1941 6225 2212 9786 8717 3064 1747 8574 6557 1534 
7626 3939 1708 9047 6680 3759 2261 7347 9844 4135 
1922 9568 8938 8484 6958 2764 6429 3426 5364 7144 
6377 4073 5433 3066 7956 8564 9727 2200 5755 4000 
2617 2595 6880 4244 2854 2338 4422 5483 4240 2858 
2393 9613 7681 7154 2500 4910 2839 5227 2949 2234 
9378 1104 6375 7637 7255 3330 8007 6195 8063 9616 
7839 5786 6188 9641 4865 4198 5493 5445 4590 8735 
8746 2728 2031 8926 1053 8551 5045 7223 1565 5856 
4968 6598 9253 2154 2253 4588 5532 9726 9263 8413 
2680 4214 1700 1623 6996 2122 6248 1972 1067 9011 
6079 9725 2247 3015 3122 1073 9796 7868 1579 7465 
5665 5120 6324 6038 7360 6272 7395 5387 3556 7533 
8620 2530 8264 1934 9387 4139 7382 5119 9027 9208 
6815 9841 7196 6377 4028 8918 7521 2515 9563 3657 
3829 6628 6711 5174 9035 8530 9045 2190 9356 3837 
9490 3194 9319 2537 6583 1273 8068 6373 2338 2169 
4920 4009 5246 7839 6298 6682 2279 2461 4684 8769 
7227 4060 4266 2166 9150 1459 2053 4546 2984 9627 
2257 4038 2593 5148 6192 7724 3441 7451 1778 4573 
1159 7876 1284 6294 6617 3196 4533 2367 3632 7351 
5442 5132 7373 4172 9388 3470 1931 9897 7949 6726 
3945 8253 3117 8283 3777 9753 9600 2322 4437 2265 
3833 9804 8591 5957 1469 9982 4589 3452 3352 8436 
9519 6065 7737 6371 9491 6970 5699 7873 3509 6006 
7298 3205 8148 6202 5681 5520 6209 5824 4252 4356 
1734 6202 9242 9717 8760 5595 8110 2579 9939 9480 
2260 2335 2809 1552 1720 4802 8739 7178 3954 4817 
4914 1046 8259 1195 2780 8649 5838 2809 6761 2048 
9712 1743 7801 3023 5769 5979 5127 9764 5032 8093 
6943 5437 5646 6593 4038 2194 8330 1064 8797 9860 
7553 8982 3095 3291 1824 8355 1724 7404 4688 9535 
9796 1482 1543 3707 3936 6883 2718 7003 4785 3887 
3190 3091 8441 5127 9871 9910 9591 8207 2358 5888 
7892 2141 5705 7368 7465 3145 3351 5702 5105 5150 
1397 2705 3273 2080 5281 5598 9153 3566 2595 5006 
5761 9698 3295 2473 8576 7454 5230 8780 9242 9407 
8025 9245 2276 9848 6221 6084 1703 9403 3746 6881 
5208 8594 1066 6710 5329 5518 5964 7090 3117 9788 
9476 9114 9554 5943 2642 8063 6577 6065 6001 6665 
6970 2691 5083 4940 3403 4433 3370 8445 3601 2401 
4806 5774 9903 3927 2162 3177 7079 8766 9849 6520 
2141 2242 3973 1130 3632 8104 6841 2286 8978 1778 
6078 9212 3028 3789 2613 1220 8301 9758 3206 2159 
9190 2391 2098 5746 4898 7003 4641 3359 8479 4100 
7478 2463 9958 1154 2723 7214 3695 5080 7169 9194 
6624 4926 4744 9206 9022 1906 3656 7198 9394 7400 
4406 7472 3821 2397 9577 3473 6218 1280 3807 8862 
3191 4186 3493 2200 5385 1023 5687 9958 5697 7304 
4913 7792 1241 5859 3405 5976 8262 4853 2311 2154 
1305 1569 7974 3401 4071 1101 9811 2299 3168 8869 
3470 7385 2810 2323 5022 7689 9449 6358 5333 9512 
8243 9993 4469 2875 5651 5565 4968 1994 9568 5221 
8966 4097 7642 6335 8926 3655 5595 6388 4999 8579 
1664 5182 1245 1860 1646 5006 3362 9474 2811 9994 
3273 7562 1768 5098 8869 5861 8617 4533 5685 7830 
3309 4947 9166 5707 1380 1947 5295 4266 9171 3760 
7885 8863 1809 5987 2522 7975 7045 1842 3097 5034 
6950 6022 4544 9262 3003 5180 5152 6891 5553 8163 
8005 8651 9899 5587 3276 5415 6440 1938 7911 2452 
4755 1093 1215 6081 4733 5963 2355 2085 3194 4068 
1689 5797 4455 8463 5267 6424 9450 1029 1019 1022 
4769 2116 5320 3794 9450 3619 1941 9136 4548 1237 
3066 7134 1928 9729 8783 2729 9385 7611 5341 2439 
8093 2535 8207 5139 3554 1204 7518 3040 5979 7641 
8989 5780 3619 8042 3697 1452 6076 5426 2110 4426 
8602 9520 8086 1394 3520 4313 9454 2659 2568 2921 
9261 2786 5285 9262 4101 1730 2188 1854 1272 6548 
6965 2237 2081 2449 2585 8395 5664 6188 9730 5033 
9026 6716 8907 9443 1816 2295 8129 7143 7604 1372 
1885 9243 5949 7641 2963 4449 3780 6652 8337 8826 
8011 8268 7747 1752 4243 1234 5678 9868 4762 5131 
8239 5083 5906 4117 9239 8672 3485 7364 1631 9254 
1532 9701 9350 8622 5773 5379 3804 2527 2692 6418 
7372 8805 5561 8956 4957 7143 1889 7427 8105 1444 
9005 9436 1844 1828 5722 6385 6864 4028 4392 5158 
7993 4297 7140 1686 6703 5063 8998 1591 1579 5258 
8487 2946 4022 9053 3828 9989 8989 9980 9976 4115 
3751 6508 6895 5564 8470 8251 8622 2298 8466 3330 
5854 4493 9406 3703 1101 8348 1150 7344 5997 3232 
4093 1957 6156 3468 7490 7535 9356 1330 1126 7350 
7777 6860 9211 7357 6720 1129 7228 3045 6921 1538 
9329 7471 3272 5925 8507 2911 7538 2650 8487 8361 
4212 9240 4837 8960 2050 8881 6610 2000 1340 3192 
6202 7755 6498 2526 5113 3772 4361 3874 2867 3553 
3361 6410 6797 8801 5463 6782 2255 8189 5881 8008 
5947 5293 1332 5101 7972 4600 4115 2759 9323 3110 
1768 4320 4391 9995 1473 6919 8215 5811 6413 4416 
1727 9833 3202 2862 3410 1724 3954 5089 7008 6430 
3093 2843 9514 9491 8455 1221 2394 2399 9850 8752 
2204 1327 6960 4063 8247 7036 3876 2192 9572 7204 
4960 5345 9169 2125 5231 9439 4823 4016 1793 3983 
1825 6411 7961 2596 8299 6496 2964 1865 6503 4940 
6703 3995 5237 2902 6576 9010 8999 7152 4324 2506 
9743 4478 9240 1644 2936 6321 4506 2133 5877 9400 
6796 6507 1834 9292 6056 4772 4240 3792 5015 1314 
5831 3912 5757 1211 8970 4728 4217 7350 6724 2500 
3521 3446 5107 2663 2266 2642 4675 6223 8861 2708 
6257 2434 5996 5043 1175 6442 6125 7122 1796 5183 
7561 8524 2245 6954 5619 4250 7468 6230 4599 9666 
1135 5050 3159 4579 3061 6472 1616 9534 1361 7745 
6671 6030 8482 8066 7456 1933 7764 1216 2699 3661 
4055 9837 5546 2015 2641 8449 8046 3240 8783 4615 
1756 4257 3300 4888 2345 7533 4841 6829 2739 2485 
8374 1403 9216 6185 6090 8106 3770 4504 3680 8736 
9883 8232 8358 6739 2771 4302 3838 7681 4846 2459 
6864 7237 2233 8611 4425 3002 9187 6428 5707 6127 
5357 4475 4785 1608 6310 5568 5883 1078 6844 2190 
5999 4827 3750 1478 4881 1035 1809 5381 8721 7108 
2223 7490 9788 6393 4971 2422 4643 3106 5257 3600 
3721 2530 4518 8846 1686 4142 5279 8986 6290 9327 
2662 6966 3234 9643 7958 4508 9253 1872 4087 3211 
3439 6547 5511 5120 3298 3108 4044 3912 5629 4043 
9114 8051 4344 2085 5508 3057 9329 4698 2110 4326 
6688 2701 7675 1853 5913 9738 7777 4462 9709 5890 
2873 6670 3989 8649 1230 3801 1519 7458 8710 8871 
2132 9920 5561 7652 7594 2240 4979 1191 2944 9986 
6296 2706 2539 8284 3966 5804 5580 8420 9766 2059 
8438 7129 9519 8126 2717 8956 4270 6238 1020 7030 
9893 3313 4057 4765 3860 6628 1880 1531 6228 6253 
5385 2621 4498 9179 7526 9912 6290 5368 1278 5381 
6843 3146 9395 4948 8742 7625 5799 6226 6391 6043 
1840 2622 8563 3649 5923 6941 4775 7325 9361 9773 
8925 6832 2256 6214 5062 8806 8431 6838 9508 8038 
4914 2019 7732 2998 2681 1228 6991 8225 1132 1355 
7641 3553 1188 3187 1746 6461 2486 3832 8847 5019 
1620 6884 4032 7166 6508 7958 1861 1487 1678 7483 
6364 9400 4167 8515 1353 9044 1985 4797 2194 5389 
5578 2369 6632 5617 8204 9917 4210 6561 7895 8267 
7224 5028 2798 9965 2000 4693 8574 8793 5785 3188 
5207 9795 9475 8534 8520 9985 8602 9598 7282 4073 
9476 8848 4100 8624 2804 9486 8638 7699 8686 6421 
2985 6456 1432 5653 4729 8225 5545 9786 1528 3813 
2501 9232 2253 7707 7504 3409 9532 7311 4582 7165 
4394 4117 5539 5251 4030 9908 4150 9101 5393 7524 
9866 6739 6718 6827 9902 4381 4151 4489 8695 5053 
5811 3135 6495 8779 1845 4833 6827 1997 2068 2773 
1181 7396 3632 3992 4606 5914 9683 6221 9402 7866 
4856 4570 5070 5795 9058 9513 6081 9352 3601 2781 
9051 6025 9033 9232 9133 7143 4060 2331 3988 8307 
6191 7403 5974 3264 5329 1650 4232 5540 2088 7326 
4792 9768 6122 1516 2783 2000 4781 2361 3741 3935 
3181 7851 3517 6739 8143 9695 6007 8320 5464 7810 
9936 3160 9005 5597 5046 3219 1319 8113 4779 4625 
8276 3116 9769 2970 1095 4879 4006 2710 4005 7482 
9772 9641 1351 5627 4713 7402 7920 2220 4634 3258 
6193 5891 8765 2089 2021 5409 1755 2556 9793 6604 
1221 5658 8024 5041 4046 2337 8442 8547 2787 6642 
2960 4386 7600 4898 1297 4229 3068 5922 9221 9935 
9257 6412 3623 9314 2853 3261 6367 1781 6402 8611 
8708 7790 2173 1868 4771 5150 7118 1299 9898 4457 
1694 1409 1665 5967 7138 8794 6241 6501 7730 9511 
6030 7709 8792 4969 6708 7657 7019 7915 7775 6791 
2169 4091 4075 1807 8796 6696 4707 6144 1486 5396 
4224 6847 2472 7814 4148 1214 5949 6772 7664 7450 
1137 9632 5730 3335 1728 4036 2008 4355 5227 1778 
9941 9663 5303 8936 3752 3438 5232 4180 8494 2256 
6889 5786 5317 2540 8964 3052 1633 6222 3416 7086 
2913 4973 6128 7061 5863 2694 6333 6570 9434 6409 
5961 7691 4163 4303 1176 8372 9212 9291 5852 3074 
3124 1310 8986 5075 9329 7417 4975 8192 9955 9444 
4220 4555 3771 2988 6330 6977 2523 5328 4612 5451 
6401 1579 9865 7484 1048 7263 1280 9164 2944 8379 
6909 6266 3226 5141 5529 7838 6957 1099 6321 8189 
7659 3772 9011 3556 1243 2629 5884 8631 7104 9950 
6843 8833 5591 9862 5456 6155 8316 9802 2922 9254 
9726 2410 2727 6019 7521 2340 4879 2896 9668 4106 
1134 6597 7559 8539 9979 9090 4516 8313 4147 4039 
7737 9881 1671 8586 5070 5652 6228 2237 9198 2573 
6572 3228 5384 3953 6416 6591 2966 6200 9828 9767 
1814 5790 5626 1069 6427 2912 2864 7325 9433 3734 
1069 6233 7412 5808 2379 5239 9671 7386 8286 2940 
7604 4553 3490 4682 5325 7989 1016 2765 3324 2328 
7745 3568 6676 4650 6732 5792 6053 7825 2110 4368 
3617 2565 9601 6690 5588 2485 2717 4427 6264 3782 
3345 8089 5490 3760 4735 3477 8072 8184 4480 2914 
7595 5613 9046 9213 6995 9427 4574 8576 6669 2136 
2475 2931 1223 4147 2836 7389 9613 2890 1001 4570 
9354 5176 2024 7765 7190 1550 9635 9196 6039 5248 
5515 4095 7310 5829 2355 8866 7094 6584 7580 8990 
1459 9149 5482 6208 8522 2210 8292 7105 2884 5361 
5033 8325 9739 7435 8794 5354 3030 7361 8690 4906 
5073 1475 9665 4881 6740 5258 1598 6889 8444 8289 
6464 6122 2109 7142 1639 7355 5008 8812 6608 5315 
2575 1854 3196 5302 1425 5843 9492 5167 5469 8572 
9937 7088 4711 8714 9334 9755 6680 3487 8867 8676 
3270 2626 9831 4859 7415 9961 8827 4014 8440 5684 
8057 9069 8365 5726 4852 6989 7390 9959 4759 6618 
9508 8118 9024 6414 7375 9598 6340 2596 6567 8432 
9998 2345 6601 6571 7262 9492 2734 4647 9883 5533 
5665 9674 7626 1798 2457 9226 4096 4082 7463 4605 
7334 8142 6058 9215 4106 8559 5609 1258 4315 3422 
6860 9111 2510 1632 2550 3706 6119 3586 1997 6953 
8904 9628 7956 5371 4211 3324 9834 6331 8291 4448 
9052 4020 3017 5574 9597 9824 9498 3000 3843 3173 
2285 8921 8991 9930 1726 9848 5597 3249 1497 1720 
2947 5917 3888 7351 1690 8368 1699 1774 4559 2247 
9133 8851 3310 5636 4367 8295 5793 6999 3369 5234 
6836 2101 5338 4476 1912 4624 6316 7686 5276 5882 
9549 3719 1451 9022 3183 6086 3433 7565 7230 8115 
8820 3585 9487 6362 7440 1515 7801 1969 6201 6295 
8642 1496 9618 1001 8124 2041 4607 9335 3430 9436 
7000 7572 5951 6925 3137 4726 3947 5655 9436 5452 
3076 9849 8943 2435 2436 7473 9576 5420 9661 1268 
9313 2080 6223 4999 4713 3710 5589 5985 8374 5567 
5508 4391 7597 5987 2103 8502 5583 4588 4232 1715 
4278 9412 4353 9660 5063 5435 8739 3852 1165 3194 
2241 6367 5125 7537 3544 6445 4134 7191 6515 7313 
3909 8874 1519 1603 7279 4481 9381 4712 9675 3959 
4473 5222 7802 2838 9250 7661 8445 8484 7171 8815 
3689 1168 4740 4504 3974 1205 1458 3218 7310 1801 
9796 1551 1674 5926 9193 1024 1706 5771 7188 8514 
7909 5018 5015 7306 5275 7427 2341 1401 7777 7323 
7154 6175 5474 2508 9817 1620 3953 5164 5410 7780 
7020 3463 5598 3573 3643 2187 6616 1407 3675 9818 
8522 5018 8357 2362 6653 5740 5670 7772 7382 8299 
6458 4596 4158 9172 1779 1055 5778 5645 6410 8881 
6649 1940 2186 3427 1866 6689 4679 6678 5927 3585 
6757 9238 8541 1220 6734 7088 9308 5558 5387 9258 
5875 1545 9702 3333 9917 1984 2590 6542 1362 4565 
6186 9824 8789 4008 9365 1417 4481 6132 6082 2058 
2018 4297 7422 8035 4238 2614 3427 5088 8613 7656 
2957 9496 9338 7235 2149 9696 7236 1958 2785 5982 
4067 2871 1290 2135 5904 1322 5482 9536 3232 1451 
9877 7087 7856 6961 3500 1905 3457 3593 3149 4123 
8311 4632 4639 9742 4920 5079 9078 1140 9667 1640 
4197 7063 2264 5266 9389 9387 9617 8227 6304 5173 
4492 7178 9898 8215 1307 5978 9578 1065 8122 9022 
5635 3891 7287 1082 6402 7296 5091 5450 2889 9540 
8274 9199 8370 7995 5017 9159 7160 4454 1045 3382 
8156 2657 3360 2477 7889 5119 6734 3428 4270 2619 
7512 7742 5840 8572 8263 6636 3138 5750 5827 2404 
7328 1501 8523 8830 3470 2350 9112 2045 6763 5689 
9398 6624 7897 8685 9260 8864 5916 1509 8342 7632 
2000 9217 9162 4403 1428 3574 6441 2957 9130 6815 
8859 2090 8695 6931 4366 2481 8584 9685 9738 4147 
8791 1652 2816 8518 3712 1946 6885 3472 3573 3718 
7276 3379 2066 9899 7359 5973 4875 8882 9588 5660 
6728 7978 8488 1665 5356 9032 7003 8396 8275 2439 
7811 9378 8887 7106 8914 2971 8686 8835 2213 5622 
5031 6243 7811 6752 9766 9621 7895 9123 5511 7740 
4344 3356 1708 1214 3846 6258 1233 9153 8023 1941 
8200 5519 5815 3032 2171 3865 5737 6510 4515 6036 
4215 2357 7631 7119 1074 1014 4238 2651 9001 5420 
2830 9575 7476 4199 1186 5353 1748 6649 5651 8657 
5524 4435 9252 6974 5250 3713 4329 6778 8753 9867 
6949 9616 2180 6032 1935 8147 3769 9782 6631 7203 
3903 9544 6598 8575 4628 4694 1380 9573 5333 5168 
8353 2556 7447 8407 8446 1050 4208 8353 1104 7796 
8724 1047 1027 5858 7048 5088 4255 6165 5193 7127 
6332 6100 3281 7220 8839 7280 9773 9901 1761 2060 
5779 1586 2239 9636 6047 6115 1134 5075 3529 6931 
4606 7765 7839 6922 2254 8071 5978 5514 1251 6950 
8925 8739 4248 7018 2519 4146 5880 7419 1015 5545 
7044 3603 8294 8005 7770 6974 2371 2041 3898 3090 
5331 4109 4077 1747 8850 4885 6773 8445 5789 5238 
8501 7356 2695 1229 5945 8890 5185 8465 2271 4536 
5930 9666 9713 8302 3434 8214 6967 7547 1287 1682 
9324 9397 1331 6513 9906 6686 1492 9224 8456 4669 
8268 6307 1515 9887 7739 8676 3888 2967 7307 5277 
3200 3116 8714 5672 6387 2017 5999 7458 1601 5089 
5558 7136 8034 4028 4778 3829 5532 5655 5911 4546 
3808 2190 2609 8948 3712 6675 3653 6020 1771 7106 
3830 7095 3422 1662 8962 8470 7749 5219 7007 4769 
3492 6650 9824 7563 6613 6823 5717 1961 3381 6796 
5063 2334 7330 7159 4231 6443 4663 3266 6524 1836 
4403 8447 1026 1258 8713 7311 2228 5462 5679 9889 
2301 2919 7855 7977 7392 5338 7657 4305 3421 9492 
9459 2456 2157 5264 8530 2218 8928 9685 9777 7615 
4301 2829 9719 6299 5153 6211 7467 7254 7029 8852 
2076 6762 3097 8841 8496 1318 3297 8478 1664 2703 
4155 2180 4493 9781 2174 5863 4866 5453 5092 7024 
2266 3743 5924 6065 1207 6943 5613 3079 6341 2957 
7610 6780 1271 2803 3167 8025 3782 8392 4738 3787 
4601 8337 7665 6993 9275 2740 5297 5300 1187 5098 
5724 1714 2485 5036 2397 3502 4642 1943 7869 1787 
8608 9871 4906 5709 5176 1348 6587 7289 5095 7692 
9454 6257 1150 7676 3738 8004 1690 6086 6992 4493 
5482 6741 2692 1749 7010 9063 9594 7751 9636 5161 
7374 7240 4358 8979 3048 8732 3267 8430 6208 2880 
5860 8576 1141 9166 1145 7729 5096 7109 6226 7425 
3001 3809 9990 7986 2199 6034 2538 1252 1114 3587 
8768 4928 8763 6312 2516 1734 3278 6471 9080 9904 
9721 2678 3457 1411 1616 3778 8938 3148 8864 1525 
4187 1640 7830 4682 3486 4039 4568 5746 7331 3670 
2235 2023 2659 9401 6917 7798 4560 9377 7529 7535 
5485 3896 9588 7658 8277 9241 7614 3946 1427 9073 
4428 1996 6971 5371 6748 7040 3353 7955 6060 8948 
6841 2542 6155 2451 1823 4723 1352 1099 3190 9307 
3376 2277 9904 1468 8246 9692 7178 7302 6290 2226 
4164 1050 6321 1071 1916 7118 6338 2078 2063 8467 
9051 3703 2938 4883 5110 9158 6880 3234 3255 9625 
8387 7239 6239 7364 4145 1717 7860 1174 4680 9403 
8675 5659 3568 5440 2125 5448 7153 2083 8779 9702 
1104 6085 3920 7570 6710 7987 6964 3649 8020 4654 
6295 1152 6322 1308 4489 8703 5915 9706 5218 3835 
7861 1916 7829 8648 9983 3026 5302 5362 5687 6793 
2722 4069 8038 2284 8080 6104 9793 5228 1208 8629 
7007 3300 9276 8577 3898 5686 9807 8205 2926 7464 
3175 9368 8019 1655 9995 9784 1010 2654 2953 7431 
8768 4634 7749 2904 6977 3479 5691 1274 3788 6961 
2281 2030 7410 8232 7189 6910 3610 7630 6093 4611 
2867 8763 7435 1050 2884 8887 9597 1319 6659 2351 
7994 1747 8021 9134 7025 5402 9610 9427 6761 2912 
9961 8681 4099 8669 3643 4372 3165 2267 8985 6697 
9721 1189 2260 1646 7800 1081 2008 7870 7526 1630 
6201 9969 2815 9803 4801 3852 2367 2047 6848 4735 
5169 6145 9189 1172 9721 4101 1786 1663 3012 9209 
7812 8769 6068 8443 2556 4956 2190 9906 8164 1574 
2387 7179 1662 8634 3206 5731 8185 6115 4195 6383 
5753 7342 6562 1105 4326 9198 3824 2556 9071 2394 
3809 6190 5190 5284 1577 5400 1831 1527 4483 9534 
1178 4777 2442 9473 2576 6748 6602 7856 7632 4864 
2601 4290 5267 5477 8643 2962 4935 7460 8409 1522 
9545 1142 6398 5025 1226 3402 5206 3289 2372 5089 
3561 7563 2735 9087 7770 9466 5204 6754 7112 3245 
5738 9885 7279 9628 8076 8626 9787 6528 3587 6474 
1164 5329 9172 3692 8850 4650 5899 2990 2072 3007 
6087 1986 5779 3253 4683 4468 4713 8176 4734 1341 
2712 2847 4240 8989 6569 2131 1136 5626 4370 1782 
4923 7444 4614 9020 2364 1516 9781 8900 3643 8523 
8172 1449 9480 9122 1813 1483 7277 7020 6093 6028 
7084 2759 1556 3207 5133 4690 5860 3762 9374 6189 
8383 9224 2213 1604 1825 1562 3767 3199 1595 8260 
9758 1179 1234 2527 9796 8463 4804 4545 5519 1985 
5854 5546 9704 5788 4937 4966 2256 6634 5653 7989 
8997 3963 1073 5701 5262 3039 6757 3042 1071 8302 
8554 5070 2345 3105 2646 4434 9008 5662 7531 8589 
9792 9391 7455 8553 3567 7952 3342 2166 3556 2701 
7110 2195 1559 5173 3090 3192 3399 7907 3378 2428 
2205 4604 7092 6072 4727 4195 3844 4757 8815 4996 
3295 7104 1008 4678 5290 3376 3626 4391 2058 4352 
3074 3447 8926 1005 9230 3760 2458 3108 9347 9469 
2094 8109 5463 6248 4856 1665 1252 7642 3977 7794 
9254 6923 1453 2354 2442 4699 1443 4494 4337 3764 
7090 2772 4740 3888 8219 3732 8208 7766 8699 7906 
1459 9018 9984 9897 2419 4503 3133 7222 1019 8847 
1742 1510 4916 8518 1070 6792 8995 1376 2006 3149 
9339 2795 2538 1915 8298 4494 1704 2995 1193 9718 
2254 9838 6999 1579 5140 9114 5502 9696 8007 4756 
3120 3853 6802 9190 6459 1424 8248 4649 1573 4836 
9955 1980 6630 6030 8236 2395 4682 8629 5480 2361 
3732 6562 3157 2854 9706 7334 8729 6357 5546 8852 
4445 4321 3305 5842 9218 8105 5640 7863 6670 4827 
9231 4712 2001 7433 2443 8746 5357 2404 4964 6196 
4793 3536 7186 8914 2246 1173 7257 8177 4718 6766 
5934 7394 8737 5932 8904 8109 8279 1807 8185 5355 
1600 9314 9030 9980 9572 3979 5599 8426 6757 6888 
1319 1214 8384 5163 3348 1443 5474 8145 2294 4338 
8225 1124 8792 8031 5597 9143 8849 8312 5825 7074 
3041 4763 1803 5893 1488 9226 2515 2710 8906 7696 
4240 7007 9223 3614 2027 6139 2162 6137 3179 4522 
3072 3547 7016 8387 9824 9133 9565 6800 9050 9824 
4808 8496 8326 6436 2687 3483 1047 2662 2744 4659 
4730 4561 3100 8144 3756 1224 1522 7433 1425 6902 
4011 7493 7071 9913 5560 9458 1915 1167 7207 1233 
1464 4026 6680 5533 6396 1686 8598 7192 3342 5502 
8905 7505 8997 1390 7694 5669 4426 9638 1786 1392 
9741 2590 3775 7813 3874 3018 3666 5466 4454 8678 
5698 6918 9126 4775 9139 2429 2193 6521 3772 4219 
4021 4709 5131 2469 2496 1126 2952 4611 7886 9430 
3142 8038 3285 4416 6418 7676 4654 9310 7887 4740 
3422 9291 3967 4369 5176 9188 7074 2222 7722 4801 
7843 3715 9003 6647 7416 8619 7887 7313 6297 1612 
1383 7092 9235 5441 3078 1182 1732 6477 7594 4190 
6916 3477 9411 6920 6320 3597 4571 5367 6307 5305 
3399 2922 1498 3292 2332 9133 5073 3413 2253 6664 
3232 8272 1302 7158 5938 4981 9326 2917 2204 5822 
9373 3857 1843 2156 7856 7596 1316 4730 7369 9678 
1452 6983 9311 8789 2402 4121 5061 2401 7088 9704 
8256 1267 2093 9010 9001 6867 3692 2737 3751 2832 
1157 9924 5625 3084 8434 1525 2789 9623 2565 6889 
4263 9421 7636 7888 1131 2554 7413 1721 5070 4212 
3127 6226 9772 8507 8084 5454 2098 4881 3905 3868 
2568 4886 5543 5511 6697 7180 2875 6392 6888 6513 
1801 4114 8892 7698 6272 7238 8846 8608 7565 6435 
1984 3543 1234 5939 4504 1662 2728 1991 6298 3164 
1726 7156 3866 6814 1458 9961 8795 3883 6752 4829 
7389 5332 4994 8878 6867 3546 9462 5562 4926 1641 
4662 3991 7712 5024 1101 9894 7611 1974 6516 3733 
4211 9325 6361 7727 6270 6342 9835 6611 9186 9206 
6175 7489 6851 2823 7827 6271 9309 5905 7948 2256 
3579 9234 7538 8180 4536 7472 5840 4483 8888 9894 
6125 2286 1889 6482 8401 9655 9645 8980 4620 7580 
4624 6104 4743 2088 7533 9171 2682 9876 5301 3238 
5861 4665 5394 7500 8013 6413 2719 1110 2710 9247 
2566 5634 8589 5748 9300 2442 8707 7828 1754 2503 
8081 8892 3964 1100 7205 8649 5082 7655 1783 9045 
2147 2875 3940 9902 7228 7915 6347 8919 9687 1302 
1817 2221 9126 9053 2592 7680 4390 3792 6161 5687 
6243 6185 8651 9939 5277 2258 8618 7397 2571 8139 
9835 9925 3773 6234 5674 8726 2867 1777 9670 9292 
3391 7586 6874 4711 2135 9564 7423 5967 3631 4607 
1122 2760 9714 8120 9099 7625 8496 2803 4461 8167 
8257 9965 9046 7848 7302 6842 7047 6437 1206 8405 
4168 6664 3381 4299 1148 1303 7149 9126 5911 5178 
6377 4357 3231 8268 1739 8835 1152 5616 6622 9106 
6364 2234 4136 6352 5315 6984 4556 3680 6353 1089 
5909 9294 9755 9810 9403 6974 2195 1551 9518 6145 
4298 6250 2354 7866 3620 1763 5029 2026 2152 8121 
4416 7781 3495 6444 9435 3242 1543 3758 9652 5135 
9394 6755 9573 1449 5271 3402 7999 2913 2877 2193 
6667 1712 1814 9446 9570 6385 9031 1598 4385 4004 
1615 3384 3584 5656 6650 3289 7132 3092 9246 3075 
9475 9594 3918 1151 8551 7004 4129 6876 2198 1027 
9907 8214 3594 2303 9131 9762 3084 3530 2711 4097 
2579 5370 9882 5256 8746 5631 5596 5795 2225 2333 
6891 7002 6728 8213 1052 2489 8571 9242 4755 2246 
1623 4301 9352 2868 2856 9450 2224 3595 7981 8471 
1679 8953 3161 6167 1301 9860 1311 4797 6089 5685 
1686 7022 6129 9590 4170 8668 7023 6783 2592 5059 
6199 4450 3900 5110 3179 1150 6683 4227 6165 3485 
9892 6247 2574 2495 1101 3860 6374 1051 2619 7529 
4643 4525 9474 8495 9117 2111 3580 9033 6340 6618 
1382 6680 5677 1215 8025 4499 1143 2900 8309 9208 
5382 3667 6373 5702 2807 9008 7375 6397 8030 7182 
8449 5756 2536 4419 3936 7999 2820 1266 5657 8699 
9313 4407 5770 4430 2476 4170 8450 4319 6047 9372 
9941 5925 8693 2557 3485 6019 5973 3281 5075 8897 
2443 9437 2226 1492 4383 5207 2403 4114 4437 2112 
6757 8562 4630 7421 4280 9594 3735 8992 1558 9890 
1307 9896 7233 5731 6751 4362 9851 6363 1700 3498 
5611 1424 3926 7632 2806 3505 3229 6723 8322 4507 
6449 4460 6980 2934 6291 8270 7970 7401 8400 3581 
1398 1118 8132 7299 9114 3134 7156 3728 8427 4505 
8056 1167 5314 8954 1206 8034 6211 2645 2600 8169 
3569 5218 1850 3007 1520 4477 1820 2270 5329 3366 
7638 8863 3593 3941 4699 2657 8667 8207 7985 1245 
5353 9908 2685 6165 8456 3969 7042 6222 1544 9956 
4942 5463 3062 1998 8131 7764 9857 6485 2657 9209 
4232 1769 9098 4875 4683 2817 8041 5098 6615 5219 
4226 4410 9631 7790 3833 3225 1216 5657 4965 9066 
5468 2133 7883 9877 5190 8448 2203 8299 3570 2443 
8087 9619 8595 4245 3508 6956 8804 8439 7570 7672 
8182 7351 5901 2389 1726 9353 7306 2029 4297 3628 
3672 8223 6133 5055 3496 4607 7082 4112 1191 1878 
2871 2421 1139 2037 2324 9185 3811 8705 3843 6581 
5913 5816 3019 4152 7410 5192 7271 9148 6101 2555 
2524 6462 7229 8806 9876 9714 8535 4803 1239 9624 
7560 6453 7130 8500 8961 1336 4897 9714 5088 7444 
5261 8528 5316 7286 3315 9251 4057 8264 6386 7962 
9391 9454 7159 7998 1531 2825 4587 4252 7571 8053 
1565 2178 7703 4004 7975 2715 7610 4218 1278 7869 
8500 8995 9580 2459 7551 9210 4258 9126 9900 2443 
3996 9312 4810 6789 5723 9431 5088 5676 3667 2819 
4756 3545 8025 8836 3609 9043 5020 5351 7159 7361 
7497 2044 9154 3373 2562 6144 3457 4069 6183 1939 
5761 6693 3008 8595 2727 9280 6456 9373 9719 1198 
5142 7279 9810 8677 5848 2682 4528 5200 7771 5988 
6844 2750 2465 4028 1363 7951 8060 8455 8245 9098 
7585 6083 1895 9578 1922 9562 4079 7909 6841 2598 
4117 1918 2110 6909 8625 1107 2060 5136 3532 5672 
8076 7576 3331 1557 1649 1449 5295 5197 5063 7498 
1282 2965 4899 3622 1192 4062 5113 4127 2385 9775 
5736 9648 5872 9836 1872 8168 6421 9770 8165 8771 
9929 1358 4034 5829 5417 9978 3791 1613 7992 8276 
8453 7450 9394 5926 3988 3014 6927 2440 1930 3607 
2685 9443 5523 9423 6041 6490 3556 1127 5299 2675 
6639 9765 3415 4447 7724 9035 6504 4024 7448 5770 
9780 8245 5498 2616 9988 1397 6567 2124 7663 4259 
2448 1169 7039 3888 1155 1502 7675 5187 1896 6989 
7728 3544 2266 4307 3304 9213 7413 4359 8517 1212 
6985 9203 2676 3276 5560 1859 1612 7480 1414 8653 
9929 8591 4068 4103 4567 9735 5208 2219 8003 8314 
8088 1715 5550 4289 5796 2194 4334 4521 7605 1830 
1041 4286 3899 8383 6611 6306 5282 2547 5129 5674 
5415 2258 2371 4232 8730 1332 9147 4972 1973 4352 
2778 4773 8921 5890 6466 7612 5318 1816 2073 4467 
7861 9176 5824 2345 8835 2707 9270 5973 4630 1840 
9883 2701 5879 3166 7234 4071 8543 5843 7121 3696 
2687 1701 5458 7438 5970 9435 2843 7441 7013 3331 
1952 8952 9935 7778 5458 5850 3105 9662 7709 6897 
5450 6637 3461 2654 3269 9498 9533 5500 8177 4539 
9450 9824 9184 6682 5969 6714 9335 4926 4018 2880 
8261 3970 3404 6724 4538 2572 9510 2285 1807 5875 
6263 1988 4784 9075 7393 4968 6515 8161 2801 3234 
5216 4297 7072 8163 2052 1296 4597 3233 2853 1694 
2863 2447 3937 9507 1542 4389 4067 6765 1375 1284 
8654 3737 9419 1470 6616 5218 7453 7822 7075 7014 
4772 3858 4245 4492 4705 7878 8575 9821 7295 8697 
8838 3695 8778 4297 2760 6928 1293 2140 1615 2149 
7044 6706 7404 4939 4689 6631 7907 2437 8445 3216 
4443 7942 7731 5721 7925 2498 9806 9384 1578 7514 
6760 6407 3272 1063 5799 6069 7003 2705 5869 2698 
1320 6301 5722 9622 5250 7081 2833 1628 7369 6208 
1419 2937 7307 5899 6653 7557 8150 2256 2314 9986 
5017 1875 2979 8365 9484 3980 2967 7052 3319 2596 
4057 1118 8580 5451 2810 1730 4936 4902 5609 3198 
6301 6554 8408 2925 2591 8356 4798 5560 6330 2116 
4564 7750 7303 4747 4935 2178 6339 3090 9036 3182 
5078 2017 3097 4883 3384 2510 6046 5617 8915 4733 
7684 6979 3997 1520 4675 2124 8710 3100 6495 1632 
1392 3492 4414 6500 6016 4037 4588 9967 8959 2497 
8060 6145 9565 2089 3091 7980 6403 8335 2457 6915 
5933 9022 7336 5417 5509 8169 8030 8451 3044 5773 
2258 9046 1589 5755 3945 8932 7812 2799 6605 1306 
7231 2382 7941 9381 1644 3788 4326 8157 6111 7920 
7839 3627 8137 3895 6779 4168 3370 3559 7354 4156 
8307 9373 3947 3875 6986 2253 4535 7286 3243 8975 
5000 6979 7877 1137 6162 8585 9753 4643 9860 5526 
9434 6373 3290 6029 2518 2204 2630 8995 9425 4653 
2567 2526 9663 3435 8633 9648 7113 8448 2573 9363 
2578 5360 4664 9435 8544 4954 6051 4791 9003 9960 
4520 4680 9616 1444 2429 1390 3895 1044 1123 2095 
5796 5327 5325 3275 7600 5142 9891 5177 6572 2369 
1457 5595 6786 8850 8514 9611 8339 3923 1775 1133 
9431 1672 2786 8181 4168 6408 5589 9960 1782 8445 
2456 2376 4332 6157 2940 2201 5649 5664 4443 1541 
9777 3787 7157 1808 8326 7680 3087 3797 4543 4471 
9803 8900 4396 4904 5111 6205 5682 9036 1794 4225 
3545 9039 4905 5779 3664 8368 2291 4578 3988 3819 
4657 2513 9193 9291 7279 4405 9986 4685 8797 3654 
1922 4975 9546 9337 2167 8318 2331 6066 4224 7309 
3973 6531 3145 1779 1829 7935 2639 4526 1032 2085 
8473 2199 6979 6327 4582 3866 9202 1349 6663 2868 
9600 1123 8050 8880 3742 1646 8657 4639 5329 9851 
2081 2086 2741 1390 8303 9314 5215 3210 7534 7769 
4837 2783 2759 6201 1323 3037 3439 9234 1029 9109 
1578 1126 7293 1186 7972 3321 1717 1556 3213 7943 
1334 4056 8839 2145 7064 8190 2346 1381 5986 1015 
9928 5493 4284 3811 8310 7480 1199 7199 7837 2142 
7738 3362 2138 7323 5496 7829 2874 6913 5705 8933 
7078 6582 4776 8066 3102 9407 7111 1093 4368 7456 
5804 8263 8288 5599 7440 4377 6150 6845 7623 9758 
5321 6506 6859 3527 5345 5480 4512 9243 7629 4090 
9145 8359 6976 8995 4538 4587 6710 4493 4945 1555 
1992 9883 8137 2993 7777 6796 8876 7477 5147 9760 
9397 3539 2271 9510 5772 6966 4508 3422 2298 6045 
8542 8703 3313 3780 4834 7581 2477 8565 7556 8956 
7183 9680 8876 5474 5402 6722 5378 6118 8063 5123 
4927 9120 8033 4155 1274 1915 9653 5006 6096 6752 
6112 1278 1096 9999 4265 8525 9703 4440 5320 1538 
8234 2718 3564 2184 2194 4162 7197 9517 8487 3941 
5490 9861 5653 6409 9720 3304 2732 1115 9091 7950 
4425 3629 1707 1703 9593 4706 9479 3572 4703 2762 
7510 6119 6618 7270 7327 9308 7719 7777 2294 2385 
6074 8248 5477 7978 8748 2731 7859 8869 6534 7915 
4009 4288 8682 4646 5559 8586 8475 2545 1688 7680 
4562 3055 3094 7435 7471 7824 6139 9562 7817 5052 
7700 4220 3731 8163 4513 1719 7227 9408 3132 3138 
6348 6007 3812 4814 5526 8118 2964 2219 1639 3076 
7740 7152 3824 1734 5076 9898 9791 2003 9283 2360 
6499 3565 6414 6261 2358 2231 6815 8969 5731 6277 
7580 2064 2045 6010 3705 9657 9832 8072 2790 7095 
8276 6540 5069 9348 6801 1955 3409 9306 9277 2411 
3362 4000 1952 8710 2684 9928 2507 4607 8295 7817 
8496 4784 5877 5261 4048 9120 6745 5847 6760 5596 
2116 6312 8472 8379 7202 4542 2016 5041 6587 6698 
7353 4512 8469 1859 3726 6404 8713 3013 3677 8710 
8465 8879 3275 7472 5179 4083 8829 7169 8203 7842 
2246 9997 2907 2475 7625 8536 1159 8140 9731 5670 
9697 7278 6276 2196 2792 4516 4407 6152 2576 5564 
4423 7155 9976 5915 1769 8957 7252 7780 5250 2119 
1789 2236 9560 5059 7038 1539 8364 6401 2139 9277 
8222 4378 2854 1257 3130 7010 4422 8387 8703 5347 
9345 8910 8121 2006 2640 6334 3797 1368 2379 4779 
8120 9770 4375 8789 9271 1937 1904 5760 4122 1725 
1802 4277 6008 7606 1619 5591 6613 6869 5063 2476 
8137 9252 7990 5148 2354 9222 3649 1629 8586 7894 
4563 1792 4271 9676 1496 1660 5727 6820 7077 6871 
4712 3355 6673 2319 8359 4854 2935 2011 1995 9030 
5843 6236 8670 8013 1738 8440 5965 9503 3421 1765 
5341 4226 9590 8783 1404 9937 9459 4448 6518 6512 
9031 5316 6292 9205 6060 1244 5748 5646 3240 5862 
2146 9576 5121 2763 7779 3714 6192 8220 4932 5785 
7554 1793 4242 4697 9275 9160 9777 3413 4611 2888 
7855 1757 2136 2487 4572 9159 4514 6813 4794 7798 
9543 3754 9893 4977 2895 9376 5990 6784 3594 7048 
6733 8175 7322 7385 7939 8251 3825 1708 4849 2788 
7817 9445 3794 9728 1535 5982 6703 9797 3500 9577 
5853 7904 5865 8145 8732 9381 1550 4819 4636 6350 
7428 7991 3901 1081 5289 4484 3363 4169 6439 9057 
6713 3001 2622 7047 3724 4397 1890 2592 4584 1942 
6370 7757 4393 9015 8517 3801 4800 9062 5885 9180 
6901 2365 5404 8830 8854 9409 6319 2749 8618 4434 
9224 2900 2671 9471 3284 6948 2115 9499 4063 6016 
6626 4365 5691 1507 2819 2719 5463 7476 1423 9123 
4354 5932 8423 9821 3950 6369 9602 1336 8245 9670 
3491 5523 9677 1274 7696 8845 9898 2547 9036 4537 
1483 4695 8210 1477 9365 7465 2795 5885 3591 7679 
4594 1477 3587 7744 1394 5561 3866 8456 7395 3135 
2111 7090 7519 3367 8445 9991 1235 1519 9575 3561 
2232 4574 5625 8224 2469 5012 4179 1091 6023 8264 
8375 8681 3439 9324 2977 3828 1703 6686 3926 9763 
8072 6643 3149 1307 2764 1796 8073 6255 5897 4653 
6650 5654 8696 1019 8057 8304 9223 6684 8439 5298 
9074 3451 6998 2508 7589 9127 4445 9264 6752 1776 
7762 9032 3931 4317 1413 1283 5665 1884 5230 1208 
4059 3264 3723 7527 7612 3820 9973 3111 9825 6611 
2499 3099 4016 1916 2068 3625 4543 2718 1243 3044 
6450 6503 9778 6735 5813 6496 1251 3916 1041 1186 
5070 5373 4448 6377 5221 8270 9175 5395 5601 9944 
4809 5624 4247 7670 6785 7624 2994 8908 8513 5241 
1322 2820 4693 3259 1355 6982 7154 2341 6665 6474 
7894 8600 7945 7608 1692 1300 7404 9046 2814 7688 
3862 2573 6364 3574 2136 1341 5098 9451 6924 4771 
8210 9330 1739 5380 1959 3134 4274 1926 2188 4324 
9485 1804 3887 6577 4056 7016 5201 3549 9652 2576 
5446 9555 4577 2123 9931 2658 5075 4471 2519 5415 
2323 6632 2300 1864 7018 2958 3946 8340 9560 8250 
6597 9990 8502 7177 4244 8830 9369 9882 4724 4093 
6933 6850 7251 8650 5515 9706 5741 8852 1626 5070 
1032 2698 1179 9545 6372 7773 8714 7720 9492 6444 
5208 7433 6172 2857 9515 9744 6732 2751 5618 7911 
7133 6526 3211 2652 7263 5647 1536 7027 1285 1254 
3032 9137 6696 7393 8575 9107 7086 4527 8666 2080 
1196 3078 6875 1412 5063 1003 8518 3788 8419 9527 
8226 8082 2914 8700 8322 5904 6946 2927 6641 3978 
5049 2097 7108 8844 3083 7991 7767 6910 4927 6841 
2889 6604 5757 3963 1655 7624 2833 6299 5886 7818 
2704 6674 7788 4247 8320 9170 9037 1026 9126 7763 
5446 3192 8824 7889 9293 4138 9172 2769 5391 4709 
5689 1400 7342 5847 5120 3068 4411 8953 1423 5129 
9458 7826 2248 1935 5003 8315 2117 3450 9748 4572 
7320 5662 4461 6511 4769 4268 5682 2881 5302 1817 
4213 9763 2799 4070 1266 2367 7971 6473 3616 5518 
2866 2735 2826 1399 3653 9001 8261 9141 8459 9566 
5347 5769 1888 4208 7575 1750 4279 6825 4364 7430 
5254 2874 7878 6621 6295 1498 1101 7765 4693 8265 
2654 9574 1251 6307 3372 1866 4941 4851 8510 9490 
8215 1818 8036 2981 3893 8607 4784 1926 6881 8571 
2587 1891 9701 4715 1023 7079 8255 6038 2928 7518 
2773 9268 1938 6039 2634 4967 8018 8989 5957 9193 
6415 8587 2462 4854 3748 9854 9618 3281 3603 1392 
6205 2235 1663 3581 3665 5637 9232 8190 8794 7912 
4725 1756 5867 6644 3052 7055 8043 3751 5969 2290 
8215 5015 9237 9643 2332 9116 9787 9068 2983 3212 
8817 5469 5252 5268 4448 6624 6000 5986 1707 1381 
3074 7581 7940 7881 6650 7529 1676 2908 8418 3522 
9606 6813 7915 1918 4759 4400 6108 7506 5723 1319 
2990 5778 8950 5586 3744 9009 5422 8657 5808 4397 
3042 3424 2658 8154 3678 5434 2944 4033 8283 7927 
9867 6398 2364 7097 3059 3291 3771 7465 6507 4132 
8268 6017 1109 6854 6823 3560 3338 6946 9759 9871 
2821 7101 6723 2850 3478 4336 3516 9456 2147 5087 
8287 7569 2216 3926 6258 5399 7443 5991 7649 3339 
3345 3707 3465 9896 2519 9780 4510 2653 4415 5350 
2200 7301 2748 4366 2185 7633 3184 3660 3489 5634 
6245 7648 8471 5863 1970 9439 7262 8241 4270 1486 
7414 6492 8840 4766 4786 9762 2351 1866 2150 2952 
6012 2659 8448 2312 3969 1949 5556 9022 6334 6682 
2454 9311 3178 3123 4278 4547 3677 5305 9066 3439 
2850 3876 9824 7371 6653 6409 2817 5095 2291 1329 
9166 3627 7025 6873 3814 3864 9496 2830 5825 5322 
1556 9355 5650 7373 4616 3851 1285 7899 4034 8018 
5337 8076 4880 9921 6368 1719 6250 8983 2359 9532 
7958 8504 7473 2718 4286 3672 6075 8409 9805 6035 
5764 4749 4963 9227 1994 3967 9224 1847 3593 2796 
7419 6593 1951 2737 5839 9397 3713 4565 5607 4437 
8230 2616 5743 3872 8034 9531 7561 5212 7638 4392 
9532 8913 6215 5543 9380 7571 1162 2880 5306 7372 
7954 3397 8820 1864 6822 6577 1171 3984 6513 9426 
8728 7574 7920 6474 3272 2110 4103 3945 7527 6703 
8233 1907 2499 7237 6620 7870 7985 6220 2378 5737 
3969 8015 4383 2050 3482 7550 2531 5613 5795 4094 
4091 5011 6528 7642 5800 4512 6549 9296 2048 5390 
4209 1814 4817 6255 4556 3315 6682 1966 7465 1743 
8225 4314 6960 5874 9795 3730 3166 4337 3409 1048 
1999 5699 5979 3869 3976 5910 9922 2430 4906 3706 
7118 3617 5157 1345 4855 4180 5590 2750 5181 6376 
7232 5108 7358 4635 6708 5609 6883 6521 8339 6336 
5451 8178 6961 6582 3966 1941 7888 3017 5264 3653 
9567 4566 3699 6850 1839 2888 4372 3935 1650 5533 
8198 5763 2019 5100 2648 4347 7776 8942 5499 3411 
8100 7147 7346 4762 9685 1348 2988 9049 6199 3220 
7504 2937 1179 5196 6441 1032 6863 3071 8550 6021 
5503 6024 4891 3143 3017 6869 8251 4527 7411 5532 
8818 6200 4069 1293 5873 8119 3833 2787 8338 4983 
6636 7914 9085 6295 4468 1327 2063 9918 4482 2033 
1887 4213 3837 2526 7760 9472 4777 4627 5716 9046 
7577 1562 1276 6638 8731 7965 7379 8925 9894 8560 
1138 1916 7183 2534 1111 1613 7473 4709 9517 1322 
1198 8134 3800 8618 8154 4122 8979 5523 5580 1175 
6557 5436 8577 2450 6429 5792 9325 8397 5314 3855 
7662 8924 4220 5006 8990 1705 3177 7136 3701 7939 
8922 8052 3027 8673 5421 6339 5585 8395 7022 6984 
6315 9899 5603 1104 8754 3418 5208 7830 1700 9735 
5510 3029 1685 4307 9882 3577 2762 2902 3278 2054 
6982 5238 5341 1183 9655 4527 6567 6171 8552 4090 
8005 5873 3443 8852 2995 1480 7548 1892 9075 4983 
2516 7875 1081 7168 9344 6168 8210 4036 7445 9401 
8782 2715 4112 9014 1495 7247 8025 3809 1228 1401 
2823 9854 8943 5387 7390 8064 7627 7564 9360 2781 
6092 3248 4043 4814 5633 7613 7674 6625 6737 2530 
3646 5287 9478 7152 8810 2976 5033 5651 7139 6931 
4214 4868 6836 8672 9841 1176 4408 4394 6033 1152 
3512 7954 3202 2895 8232 5806 9724 8905 5008 6869 
5122 1948 8507 7389 7451 9382 3452 7419 2382 5546 
3633 4893 4149 9903 3658 4048 7097 4215 3949 1042 
4661 7851 6420 6382 5922 7887 9510 8244 5950 8551 
5883 5888 9043 8141 4717 2253 4742 8297 8106 5585 
1274 9230 8136 3774 7480 5750 1628 4165 2393 2919 
8393 5706 5943 9319 9358 4886 5665 9004 4198 7582 
7643 8811 4194 7389 2036 9516 8948 8919 1755 1216 
6938 4786 9813 8481 7169 3399 8095 6663 2236 5976 
9448 7383 9456 3259 8490 4122 1052 8139 5958 9703 
3844 6372 3408 2953 6604 5071 9196 3337 4139 8317 
6080 3218 8454 7144 4342 5335 8776 3942 8962 4238 
5860 7322 7640 9647 5191 8173 6018 7569 2966 5462 
6525 8968 8106 5922 8765 3764 1351 3712 8525 1718 
4623 2202 4665 4840 7740 3325 9769 8939 9762 4676 
2930 1609 2207 6263 8357 7172 4812 6130 9911 4474 
5867 9969 6546 6239 8708 2599 3243 9074 1190 6314 
9363 1054 1922 7711 5532 8233 7653 1101 5601 6397 
9899 5939 5203 4567 4054 6626 8775 2485 5776 1481 
5509 5404 3977 8949 2273 2530 2064 7832 3861 4914 
6118 9519 4385 8218 1662 9461 4575 4446 3024 2422 
3405 8273 3537 9812 8639 8898 8068 1665 1664 1425 
6697 7263 3952 3298 3617 8053 3988 2427 5856 2381 
2624 3233 6794 2563 1002 5749 4620 7479 4952 5607 
3273 7359 9250 1733 1282 7786 9443 8810 4482 5445 
9939 3338 4236 4348 1637 2087 2141 1727 2901 9991 
2928 9800 6673 8253 4138 4847 5154 6900 4689 4989 
2927 6092 5565 9915 8989 3187 9156 8970 8880 4619 
6759 8867 8790 3796 4168 3271 1962 7433 7927 4468 
7549 5782 2117 8820 4882 5895 7855 1291 6991 1513 
1624 9276 2621 7834 8432 2692 6034 3599 4682 4966 
2075 8003 3763 8661 2318 2784 2550 1206 2762 1353 
4989 5381 3251 8982 9805 8655 4320 7603 6219 3415 
1326 7226 5335 9759 4462 8439 6514 1262 2983 7144 
5906 6739 5229 7074 6067 1268 6126 3058 3082 1887 
5148 2235 5677 5370 9485 7469 3361 8314 5974 5412 
1886 2064 4650 2377 1204 2720 9949 2205 8135 5926 
4624 7790 1150 9442 7384 6295 8766 4444 6742 8106 
4087 8298 9787 3939 9121 5774 5283 2446 8521 6333 
3329 2157 2590 9298 1304 2816 7490 8953 8206 8658 
1104 2328 4061 2199 1914 2420 6727 4957 8569 4628 
1963 2309 2830 7858 8126 3443 1114 6764 8840 5172 
5333 3704 4646 6178 4291 3781 4369 6140 6989 3320 
5151 3563 2422 8802 1583 4415 5748 7227 7857 7653 
8453 9197 4732 4606 7765 6850 3730 5119 2206 8697 
4311 1888 5620 7092 7172 1622 7245 4205 1049 5959 
1226 4718 6355 2302 3476 1215 7286 5501 1770 7220 
1911 9654 5453 8203 3651 7762 7640 4828 3161 1748 
6057 4506 2717 2032 1762 9268 2604 6534 7167 5302 
9527 9088 2860 5003 1039 2279 7661 8972 3421 3764 
5938 2187 6401 7759 2856 6603 5791 2515 6553 7648 
2415 5217 5786 7390 4499 5429 6250 4048 3435 9400 
3564 9441 5195 8856 3893 1014 4330 4573 5003 5646 
9279 9164 3185 7192 4588 7913 1501 2189 4927 3332 
5986 3567 6567 9396 7211 9858 8994 8275 2328 4506 
8512 1307 9896 5324 2394 4013 1938 8129 3310 3905 
4488 8582 8825 4993 9169 8298 1849 3763 1995 7417 
3427 8318 8332 4539 9340 4884 5026 3041 9023 3565 
2045 8831 9907 1124 9787 2000 7217 4395 2328 1402 
2592 2947 6186 7076 4723 6388 2136 1497 1513 3391 
2323 8344 8650 9945 8420 7230 4691 9031 5487 2043 
1292 6091 9505 3437 7050 2057 4764 7025 9264 9371 
3021 9010 7548 2468 3438 6398 7716 2810 9743 2880 
9511 7191 3206 9958 3518 5656 4229 1887 4102 7014 
1152 7283 5498 1569 4341 7852 5878 8151 5385 2923 
3402 6879 1969 2838 9055 8807 3445 5053 4747 3110 
4889 6820 7220 3025 4168 1147 8426 9186 3810 1336 
2068 8075 3827 4589 5390 4039 2919 1050 9019 6234 
1813 4931 4253 2254 2151 2653 5137 7855 7719 4221 
1966 2815 9421 7173 7921 2402 4876 7413 3337 2409 
9485 2929 9972 1500 7832 2253 7191 3360 4657 6390 
4360 8156 5918 2130 8190 5284 4993 3414 6833 4989 
2588 5158 6987 3374 3403 1311 5861 8288 6532 7269 
5938 4858 7825 1496 4352 8856 2694 9864 5642 1427 
8315 7291 3366 8870 9714 2157 6219 5471 8012 7830 
8121 4843 3070 1785 5084 2721 7999 5236 6126 6470 
4444 2309 4279 7772 5367 9353 5584 9941 5312 4133 
4052 4019 3272 2144 3223 8548 9703 6536 6020 1680 
9281 2909 6346 9214 7804 1033 2309 7311 2260 2736 
4649 8658 6055 2576 3510 3134 9898 2601 2926 3457 
6140 1457 4524 2068 4889 5649 3491 8523 8705 1195 
2244 4540 2759 1457 1798 7095 8729 2061 7903 7093 
1393 7805 8585 3412 1415 6078 3954 2205 1657 7722 
9439 7580 3802 6276 7752 3811 4482 2818 4497 8426 
8100 9025 9597 4406 8297 4884 3983 8953 5618 3258 
7994 3144 1564 1646 3294 5710 9680 2200 1041 7449 
4055 3098 1039 2070 1902 3951 8378 9866 8651 1776 
1804 6657 5490 7183 2996 8345 5505 8829 1583 3955 
4671 5098 4966 4821 7662 7748 8900 9258 3393 6905 
1985 9069 3124 8528 2610 8603 7921 8592 6983 5490 
6667 4825 6368 5708 1983 9984 1559 8486 8794 1619 
4585 3414 2400 1746 7739 9322 9738 3683 1675 9916 
7290 9134 8846 1372 6820 8795 5204 1600 5874 4399 
2870 6825 1584 7257 1478 9252 4358 3165 7155 9484 
4120 6297 9652 4583 5040 3380 7375 2357 2980 5793 
2816 6547 3569 4124 8057 1895 1452 1765 7765 4556 
8731 3464 9812 9648 3965 5125 1270 1139 5176 2274 
4299 3281 4063 6836 9940 9300 6403 1769 9584 6836 
3279 3430 4025 8737 8989 8558 5444 4154 1304 1582 
5102 6466 8168 9917 9489 6799 5232 8152 1286 1801 
2842 4202 4217 6753 8764 7297 3735 9495 1527 2370 
7734 9663 1359 2129 7480 7834 9643 1550 1350 2768 
3711 4163 5402 4476 9959 4381 4862 8090 3092 5027 
7051 2338 3356 8915 3805 4614 5113 3535 6439 9683 
1551 2335 7513 6213 7264 4400 4083 9847 5753 1738 
8034 1617 5321 7220 5294 7269 3471 8008 1250 8223 
5478 6239 1538 1208 1088 4458 4473 4354 8272 2749 
5682 9602 2764 2651 2147 1786 9297 2460 4394 5702 
4668 6593 9317 8683 7168 1096 4827 8015 6640 6240 
5235 2271 3144 3561 7884 6244 3905 4192 8722 2891 
2313 4318 1921 7204 3437 8222 9595 3163 1267 9491 
7734 3328 7968 8845 2621 7422 8707 3208 3936 7026 
2075 9775 6864 2327 3649 6661 8304 6614 8360 9787 
8341 1999 7465 7906 7038 1803 7646 1042 9741 3144 
3623 9574 2302 8983 3288 8449 7640 3553 3359 1614 
6533 9181 7713 3592 4133 3792 8216 2587 4985 6308 
7272 9832 6276 1685 6936 1992 4168 1122 6613 6602 
8157 1357 4988 3410 2269 6500 3608 4562 8153 6991 
8487 2835 8107 2031 8250 9638 9659 5271 3173 5272 
9130 3800 3273 3943 6092 6038 3702 9844 9876 3067 
4354 6651 7461 6428 8424 2448 3282 1854 3477 8679 
2710 1354 4128 4334 6779 9481 2453 6810 1954 4677 
3018 4931 3086 7885 7561 3644 9099 5855 3517 5980 
1515 4435 4489 5023 4841 9437 5675 9146 7078 6031 
4130 2678 7657 3687 4153 1438 2289 2065 5567 5105 
4496 8517 1282 8514 2346 4188 8751 7523 1354 6482 
3173 6535 3914 3329 8243 3951 6043 8228 2023 7023 
2668 9439 2166 3705 3507 7288 6678 7979 7333 1701 
4137 7674 5123 6373 6825 3231 4951 5922 1076 7320 
9135 4996 5455 3118 4663 1257 8782 5530 7962 1333 
2897 3278 7809 7555 4225 8355 3276 7444 6966 1938 
1286 7267 9036 8113 5993 5655 4472 9003 2279 5541 
6200 2258 8495 9287 8044 6412 5879 8973 7040 5206 
8997 1832 3933 4056 9562 5942 4376 6437 5181 4382 
8967 3280 3543 7255 6230 3763 6173 6067 1249 8576 
9912 7116 7028 1241 9946 7186 8838 5437 9981 7800 
1526 3192 6770 1790 2681 8935 8190 8324 3771 5838 
6040 4439 5932 9871 9573 4186 8920 1517 8219 1493 
5526 6514 1688 4577 2260 4055 4163 7726 5417 4042 
7034 8054 2426 9919 4079 4737 4365 5866 6940 7692 
2202 5513 6411 7124 3441 2436 2709 7850 8170 4559 
2960 8672 9647 4855 1115 8356 4964 9004 2980 5280 
2267 5422 1302 3335 8062 7022 1981 8912 7024 3696 
2381 3597 7531 3177 1319 3026 9949 8478 5925 4814 
9194 4117 4486 8238 5500 5217 4383 5937 9000 2907 
7754 9181 4296 9158 8593 8589 5069 7045 8447 4821 
6721 8337 5719 5271 6355 1424 1981 4692 5849 3555 
9799 8822 2480 5086 5734 5681 8226 7331 8428 7711 
1650 3207 8413 3147 1052 3509 1394 7368 5520 9412 
6054 1166 2267 2918 8692 5080 2790 8793 1727 3611 
9714 2739 8114 2688 8750 2248 4751 9004 7386 4965 
6748 5066 1419 2553 8543 9714 3163 4151 2744 2463 
7702 2641 7656 7146 4674 4720 6313 5318 8275 4147 
3949 4501 9247 5061 6763 1560 3226 5043 3119 7833 
6712 4662 4688 6690 1144 9364 3539 1848 8879 2944 
3916 8762 2847 1204 1876 7373 3306 8943 8064 4802 
8352 3864 3270 6276 4774 3592 5014 6794 7219 8998 
1330 9835 2857 7489 1098 8682 4220 2336 1967 6080 
2074 5199 1744 5743 6048 5904 5595 3857 8474 4177 
6628 5134 3727 4923 6067 1640 3817 5046 4837 5329 
4695 8520 1904 6886 7774 8710 5814 4247 7333 4177 
5011 8382 9707 1537 8755 4113 1958 1750 6222 1591 
6943 7111 9183 9387 1239 5667 1035 1340 1316 1919 
3213 8405 5710 2687 8366 9795 1136 1058 2674 9941 
3564 9394 6102 5850 2001 6013 4191 7732 6824 8890 
4382 2420 2846 8452 1607 7074 4794 3916 4047 6078 
9525 4238 2875 7681 4414 9487 3157 9495 5031 2435 
2371 9858 5998 2827 1740 9420 6249 8817 6128 3458 
4451 6913 4459 4499 7811 3530 1704 6197 6577 7686 
3302 7328 3672 4113 3041 3731 4583 5087 9874 3760 
1573 9318 3567 7984 2293 7831 9143 1693 8292 1347 
8885 2171 7099 1322 2376 5065 6759 4545 7229 7715 
9700 5984 7672 8974 2725 8173 5093 1693 9021 4463 
5790 3692 6177 2616 6214 5310 1116 8039 3209 6184 
2139 7343 5642 8787 8912 2325 4139 9384 3884 8836 
3980 6235 2054 4775 4180 6207 4978 4706 1763 5681 
4201 1868 1764 6034 5120 4317 4819 8018 3198 3238 
5533 6012 3775 4830 4424 5149 4864 2472 4387 3017 
3645 7383 7082 4472 5770 7703 4095 6979 3957 5448 
7270 7929 5836 3625 3196 2351 9015 9780 3147 4510 
8968 7116 3957 1369 7651 7676 6894 6120 9053 9797 
5282 2193 1809 7998 8544 3159 7506 1836 2561 6301 
2526 7816 5729 2802 5960 1303 2983 3552 7429 6049 
8958 7054 5658 8968 6586 5678 3739 1152 9051 4852 
2072 3663 3718 9428 6161 9263 6498 5456 1709 6093 
5741 7167 8600 7994 1458 6022 6482 9603 2656 7339 
3832 6703 2964 4826 1082 5284 3375 2251 8618 2835 
1513 7502 7876 1477 4820 9799 1943 6173 2551 7151 
2765 2493 5379 6262 1073 4619 6864 7793 7933 3820 
9101 5076 1834 1524 1392 7446 5690 7583 3430 1204 
2064 5165 9780 5327 3662 5918 2239 7391 9759 9715 
2744 4072 4570 5494 2193 6520 4765 6546 5735 3785 
5688 9847 3448 3833 4267 2786 6634 2841 5787 6593 
1949 8145 1214 4935 4439 4953 9923 6253 5024 2540 
4998 2560 4920 6355 2556 3842 4135 4587 7042 3640 
5975 7937 6356 3544 6803 7968 8086 6789 6567 2851 
4109 3714 9471 4883 6112 7031 6825 3932 4271 9831 
3068 4948 9620 1406 9864 9816 2831 1992 2651 6966 
2600 8901 9417 3522 3882 7499 4445 1672 5532 1196 
7458 7613 9450 9379 4738 9104 9385 8569 8519 6313 
9552 7149 1997 1021 2475 1373 6347 3328 7085 1754 
9411 1465 4287 8819 4765 4146 3881 9295 2155 1788 
9308 5279 6583 8919 3193 1625 7500 4400 6069 6959 
8689 5725 4241 9471 2661 3680 7626 2211 1105 7921 
6139 7265 9670 5604 6331 5691 5724 3126 1952 4623 
9401 1982 6417 8119 7051 1317 7051 2091 5615 5361 
8692 7912 1288 3879 4180 7132 4628 2624 5439 7667 
6360 6102 7386 6784 5961 2888 7796 9628 9281 6279 
8701 5012 9941 4508 5163 2205 5282 1264 7961 7285 
5255 4075 3739 9587 6452 7568 1314 8240 6128 3896 
6384 7893 8005 5696 1622 6038 3304 4506 1254 7451 
1383 6081 3483 4216 9278 3831 7026 5065 9580 7123 
6762 5222 1864 5893 1343 4479 6628 7195 8494 1873 
5109 3310 4394 1835 2348 1210 4883 8421 2833 5680 
3590 4591 3716 2270 8052 9234 1566 4559 3951 6256 
9991 7104 6425 9315 2059 1960 2193 1870 4783 6392 
2059 4988 2774 8842 4861 7349 6262 9558 9255 7985 
1233 4678 2509 5694 4494 3151 2504 2627 5570 6141 
9239 5387 8891 1037 6530 5001 5626 1141 8126 7290 
7007 1088 4471 1702 4596 8054 2772 8010 1024 5177 
5253 2755 6713 5331 2403 8756 9632 5998 7232 8765 
5169 1251 6998 8905 4529 4473 5320 3910 5585 4170 
7826 5511 9864 8159 3149 3587 4083 6476 8567 9610 
8342 5300 3639 4676 8830 4266 4002 1966 9763 9021 
6552 1528 1990 6494 5120 8663 3468 3592 9423 3090 
7582 6338 6521 1454 9166 2123 6952 1284 2463 6021 
2387 5612 8999 1651 6794 2593 3546 4832 5330 6559 
5153 8198 3677 6975 6311 8031 6292 9080 2281 9021 
8148 6529 3536 9205 3490 3375 9399 6017 8081 8337 
5961 2809 3241 6510 2290 2126 6021 7769 2432 9088 
7820 5076 5666 3372 5717 6810 6096 3182 7734 5850 
7055 6496 2991 7212 1363 8562 5626 9618 2441 7427 
3769 1328 1494 9411 7873 1494 1063 8780 6176 3441 
7224 4920 7779 2749 2759 1762 9191 9179 8247 6627 
9776 9829 9233 4433 9968 3615 7615 1950 2339 2522 
2038 5555 7518 3748 3280 2623 5526 4990 8341 7699 
4793 5325 2013 3419 6462 4153 6468 6059 8632 2118 
6621 1499 5102 2526 7171 5819 5994 1904 1155 7912 
5856 6363 4990 5941 9170 5321 3939 7673 9453 2117 
4929 9257 4492 5690 5522 5482 1204 9230 1257 3128 
5058 4394 4450 9497 8710 1483 4805 8590 8967 2081 
7537 1555 2892 9250 1386 9683 1934 4072 7835 1840 
2956 9393 1159 3197 3221 2023 5914 6887 7942 9634 
4468 7792 8191 9244 1026 9531 8034 6932 4194 6862 
1799 5736 6354 5214 8073 2869 6191 2906 8826 3456 
2270 5865 7228 8574 3385 1649 1167 3039 3563 4753 
3091 9510 1951 7945 2065 8231 3405 5192 1972 8583 
2768 3163 9856 1920 3749 1185 7637 6540 7437 2990 
4675 8288 3896 4470 2664 3872 6637 1074 2026 2554 
6308 8947 4005 7686 9619 4438 7071 5592 3206 8048 
9055 9826 9516 2566 3998 5038 4274 8661 2813 7950 
1346 4281 7221 7361 6290 2621 6316 3420 1482 7177 
1315 1092 2544 2893 3855 4397 4839 9621 8895 7366 
7594 1235 5228 5681 6332 3023 3220 4277 7799 4039 
6556 4177 5017 7733 2634 1886 2359 5945 5974 1472 
9046 4960 3201 8730 7843 9445 2899 4516 2233 2954 
2185 6247 1949 4265 3680 8982 5251 1713 1288 4646 
4131 7657 4899 5786 8053 3939 5067 6941 9770 4970 
7052 4931 1707 2890 2358 6846 5335 5230 8687 5565 
5972 7393 9219 5294 9551 4844 5744 1245 7872 9678 
7026 8340 2494 3872 3197 2879 7853 4890 5362 9869 
1472 2391 2205 5455 3412 7041 4076 9157 7563 1967 
4081 9518 8611 9068 3255 7913 3781 6436 3162 2711 
9237 1508 3537 1392 7147 4997 6998 6512 2579 4984 
5537 4730 4064 7095 8094 2901 4189 5598 1101 5291 
5825 6751 2274 4709 1816 7532 4483 7237 8420 8225 
6629 1494 2658 2368 6458 1055 3001 6305 6041 6463 
7054 5465 4093 6315 6276 5443 1596 8054 4956 7913 
2257 5683 1867 8079 4287 8868 5070 4967 7613 2132 
6361 3829 5534 2661 3334 5778 8366 5280 2974 6291 
9560 6054 6341 6074 1720 2571 3466 8779 1037 8135 
8394 2288 7782 7167 5031 2096 4125 1115 1597 2821 
1288 1699 6324 9978 5813 7073 6756 1277 6030 1895 
2603 5917 4630 1819 5284 4162 9569 7865 5375 5112 
5934 5948 2844 9678 2455 1294 6219 3282 6922 6065 
1191 6209 7997 1422 2043 8331 1467 8920 4067 7827 
3940 4284 3592 5948 5360 2035 3879 4422 7366 9761 
7264 3909 6925 6217 9878 5041 6701 9312 9864 4265 
8357 8933 4022 1255 7037 4149 9999 6402 6120 5449 
6984 7971 7894 3563 1810 2145 6257 9510 1647 4477 
1885 6962 3631 2713 6982 8620 7214 9499 6709 7789 
7942 8065 4838 7104 1901 9506 8107 4245 7830 8632 
7916 9306 3787 2068 8627 1292 3035 8411 5822 6637 
3463 9041 8421 8228 3121 7735 3598 5308 2357 8054 
9479 9470 6599 4422 1342 5634 7707 4519 9301 4180 
7919 9564 9144 9399 8058 2402 3771 1742 2821 7351 
6792 4093 8845 5178 3347 2187 8472 5428 5604 9004 
8692 2020 1988 4211 9615 3407 6516 3037 8466 9378 
9690 8887 6717 7273 6113 2029 1482 8642 6135 8333 
4047 2264 2786 5855 2558 2566 1157 7481 3419 4808 
2395 1040 1783 3328 8480 2156 7379 2112 9896 9359 
6072 5315 7713 2044 9243 5602 2160 4988 9209 1481 
5507 7105 8859 6508 7239 6279 9993 6053 9723 6767 
8061 8834 5751 3557 1480 5157 5348 7874 3596 2594 
8568 6887 3341 5579 7732 3506 3857 3546 2512 2479 
6028 4440 9464 8778 9838 6400 6744 2148 3154 8378 
3345 3065 9667 3117 9949 7644 8555 8032 5556 9188 
6476 9292 9646 7919 2401 7240 6715 3426 3830 8307 
1715 9228 9850 8970 3359 1232 8747 1546 7076 3377 
9139 5989 3478 3329 7067 7506 6727 4818 4757 4300 
6969 9169 8421 8197 7174 4269 1330 7477 7248 6839 
7259 6627 8406 6230 7490 9529 3636 8317 5040 3648 
3738 9591 1157 6085 4684 1810 7242 8865 8182 8648 
3035 8795 8748 4227 6937 3009 8602 7038 6109 7299 
3245 6691 9197 7768 7912 3603 2054 4831 6926 2713 
6721 8872 2200 5799 9090 4474 3036 8709 2571 5200 
1603 5846 2956 3869 3284 6852 9444 8927 7771 6222 
8103 2253 1510 8309 2060 1483 7829 8839 9404 5595 
9635 4428 2692 5231 8497 7467 5646 5232 4845 2834 
5177 8617 4518 3001 7697 3127 6146 6328 9466 1905 
1487 2224 3815 5183 1113 7102 9491 7720 6254 8383 
2087 9070 4560 3511 7058 3943 4942 9301 1984 3985 
6075 5157 3163 1332 1442 7367 8413 5551 8125 7070 
4890 5747 2895 5345 2822 9566 6665 6049 2147 8624 
8237 1233 5509 7535 9595 3487 3745 3593 4255 4320 
8526 8995 8518 3838 9169 5130 4488 3061 5083 6992 
8885 8218 3057 5642 5179 6937 2309 1220 4900 4033 
7423 9373 1517 9929 8537 8265 4233 8589 2442 2299 
4592 8161 8836 5218 7357 1270 9922 8825 9842 3270 
1797 9838 1600 1894 9000 4830 7194 4783 2325 2074 
7745 1452 5719 7756 7725 4677 2761 9830 8091 9749 
1805 3554 2991 1739 7259 9844 1117 4659 9562 4552 
8110 5697 8039 6609 3393 1392 1530 6970 6564 4044 
5053 1102 2668 8535 9388 5034 3121 1824 4826 3030 
2065 4530 9516 3840 7758 4731 1970 2691 9296 4782 
7047 4119 9401 8240 2875 1326 1878 7775 9976 8336 
5317 4651 3132 2914 2003 1381 7898 8483 3132 5711 
4906 7916 7271 5425 1531 9169 8573 6698 6277 9060 
8939 2737 2701 1416 1826 6707 2667 8064 2485 7140 
1287 7052 9607 6590 9167 7111 4123 8468 7058 4241 
7114 4652 7016 6282 1595 7008 1894 4513 1360 9029 
9803 3640 4728 6266 5023 9561 3340 2182 4784 5670 
3309 7576 9667 4579 6315 7224 2108 5227 4450 5391 
7484 2645 4031 1476 1212 8640 1291 4957 8907 2342 
9568 3511 9215 8048 2863 1943 8267 9282 4380 7193 
7160 8643 3774 2257 4986 6495 6763 6838 2868 6393 
4582 1785 3169 4724 2939 9714 1404 5364 7320 6650 
8005 1469 7073 9929 8106 1667 4283 6872 6961 4424 
4527 1044 5242 9962 9041 5242 3182 9133 2609 5858 
2941 2387 8336 6375 6978 2429 6395 2141 7213 9894 
7005 7425 2533 7779 3895 6644 1465 6522 7926 8967 
9720 8029 3003 7638 9646 6231 2937 6682 8812 5388 
7063 8969 9289 5769 6922 9402 4468 3934 7080 8461 
1119 9163 1662 8830 8958 6901 9806 4452 2413 3898 
8287 6349 1216 8277 5241 4884 9887 5328 9455 9431 
6206 6400 8453 1993 4878 3797 9823 6379 3212 4419 
7378 9863 7351 4237 8721 3331 3495 5621 7047 6004 
3718 3603 8884 8647 6564 8651 5548 1768 9757 9643 
5366 8355 3517 2670 6439 2671 8792 2591 5070 5073 
9600 7020 1011 4519 8583 4751 2212 6540 1406 3827 
7317 9803 9527 4377 3190 7343 9047 5811 9499 6848 
8033 3628 6052 3709 7890 7720 7002 8638 1781 6560 
7110 1861 3067 7906 1966 6527 2876 9429 8953 8158 
6674 1017 7519 2143 2499 1600 8897 9005 7052 9087 
5193 8226 7257 4165 8893 8420 9326 7070 2137 8594 
1388 2363 7909 3877 4954 5271 9408 8691 3199 6356 
1087 1663 5269 3774 4398 7105 9656 1875 8784 2236 
4433 7214 3298 6843 2267 4196 1348 8271 3304 9793 
8899 7692 8592 1248 3707 5033 7958 9001 7622 1128 
4064 9297 7444 2760 5081 4800 2038 9427 9838 9439 
6745 5732 8363 1725 2415 7622 6674 3651 7043 8361 
8801 3630 6154 5619 8712 9601 8901 5958 4345 7983 
7285 7409 1057 8783 8502 8663 3417 5115 3600 9347 
9730 9450 3735 3071 8404 4182 3683 4169 1760 1994 
5883 6636 2765 9493 3623 9166 4753 4137 2623 7098 
7991 5930 3043 5301 9372 8267 3955 4428 8172 8960 
2931 6696 4858 5012 6866 6120 9631 4726 7967 7272 
6176 2462 8488 1124 4374 7019 5223 3573 9337 5498 
8049 8419 6494 8930 3239 5620 6224 2572 6020 3263 
9116 4203 7430 4634 4749 7637 1872 3721 3030 7302 
2818 3065 2794 4197 8228 3688 5671 8791 7318 3216 
9497 3663 1910 9939 3534 9373 3816 3954 3855 8756 
1559 5064 9594 1212 8113 5554 8718 5050 8862 7062 
9740 3316 8942 4151 7217 8051 9827 1307 5964 4555 
6380 9371 6469 8469 9774 8010 2311 2467 2467 3234 
1914 2829 5809 6611 1649 5861 7689 6002 8305 1514 
7941 3145 9685 1405 5513 1343 8208 9107 3777 5424 
8857 1694 5345 5517 2829 3543 1590 4693 2679 1052 
2970 2678 5853 1022 9459 9049 5193 8767 2780 8442 
7984 6074 4006 4452 3058 7800 7202 3730 2432 1490 
5853 6874 5750 5140 1010 1335 3530 9004 4486 6247 
9611 9425 3463 3125 6525 3432 1416 5004 2245 6971 
8853 6281 3401 5557 1865 6024 3713 3039 7960 5178 
2545 3078 4135 3455 2674 8075 8244 6247 9792 5627 
2444 7185 3154 2117 5828 8404 5954 7377 4382 9389 
3395 9237 1809 1871 4116 4097 9874 8497 5741 3267 
5063 8923 2827 6281 2821 3409 3945 5926 3191 8725 
2859 2549 4240 4171 6571 2850 7009 2152 4248 7248 
2323 6815 9371 3289 9451 1159 8671 4825 2810 5300 
4829 6775 3729 3093 3527 9822 7659 1041 2957 7224 
8837 6393 6655 6001 7463 7009 9106 1934 6815 7110 
1154 2173 4661 8712 3035 9601 1152 5528 2301 5109 
9250 2859 2561 4588 7900 9353 9714 1581 8327 8912 
2007 2638 9319 3603 3784 1837 2586 2044 6609 9364 
5745 1499 8416 7413 8713 2315 6640 7209 7038 9078 
7108 2270 4749 9241 1094 1865 2357 7919 2617 6573 
6516 4007 4963 6785 5191 3128 6188 8747 3045 2361 
7613 5759 3449 1076 4424 8598 6220 2082 2833 5781 
8451 4126 5370 2769 9582 8045 5057 4265 8326 5615 
5289 8405 4009 8518 9822 6464 3912 8119 4798 3377 
2408 7303 8194 7885 6535 6740 6929 8257 6484 5964 
1854 5893 7418 6461 9494 4301 5128 5781 4621 6526 
5718 8588 3045 9421 9774 8905 5215 3010 1217 3587 
9318 4543 2468 9562 1874 7702 2493 6830 4605 1840 
1676 3135 2162 8985 9404 9160 8232 3147 8561 2368 
1980 5263 1889 3455 2126 5261 2124 9272 8453 9354 
5608 6242 5007 7627 3645 4968 4351 2254 4724 1672 
3441 7580 4821 4551 6076 6932 3771 2625 8908 1383 
9198 2248 5029 3327 5741 7617 4721 5067 4017 1565 
7698 2298 6127 6774 1830 5645 5879 8191 3888 1416 
5160 3587 1985 7169 5775 4498 7433 2733 1393 1463 
2580 3254 3645 6568 4408 7885 1551 3702 5549 9583 
1128 4040 8471 5485 7240 7918 4210 1048 6656 6591 
5718 9154 7028 5167 1395 8586 5071 6445 5873 1877 
5704 6967 6746 5122 8323 1822 4950 8567 5062 8840 
5710 9480 9931 3641 3325 2558 3787 1390 5798 3378 
8034 2845 9153 9214 5469 2686 2193 4791 5444 9656 
6196 4488 6125 1216 2436 5727 1811 6901 2461 5288 
3628 3672 5965 6040 2932 3648 9323 5345 6292 7028 
1651 1115 2484 8252 7212 5763 1286 6631 2884 3361 
1848 6714 1812 7867 7407 4493 1978 6320 6799 8667 
8352 1933 7025 7333 4939 2057 7241 5827 5261 8579 
8957 9244 7023 4021 3777 7865 3627 6439 6065 6408 
8150 4259 8665 5318 6588 2443 9112 3203 2298 5243 
9082 1039 8268 3024 8896 4598 8701 3798 5053 3326 
4952 1123 6201 2566 3593 9106 5447 7719 9522 6623 
3174 8829 1464 1838 5688 4106 5616 9579 3555 3570 
7296 8742 3606 3998 3533 6280 1107 4252 6850 8396 
9654 8564 6752 9887 5267 8618 1084 7165 3231 4888 
9373 3967 2418 2742 7955 9804 8219 6515 3612 3517 
3537 8726 6763 9244 3838 4150 3563 7964 3123 2179 
8757 2879 5065 2198 4100 9529 1081 9496 1395 7593 
6854 4184 5237 3089 8539 6350 8001 3640 1759 3841 
5183 1793 4818 1937 7011 8887 8702 3993 1143 7295 
6899 7358 2866 6963 4293 2475 5497 3534 9737 4508 
8980 5329 3529 6650 3467 4330 3574 8753 1927 1235 
7687 6103 4104 5633 3600 4414 9898 6020 8153 5135 
8471 4250 7142 6005 9138 3990 4460 9658 5177 2592 
6902 8255 8709 4346 2405 2797 5245 5687 9047 1915 
2681 3206 3270 7866 9788 5794 2437 8914 7839 4995 
6197 2546 9414 1663 2747 7215 2765 2639 7050 2640 
8008 8138 2411 8237 5075 4757 5153 8151 9703 9388 
5489 9734 5435 3063 2235 3714 2011 4747 7821 7574 
5742 2856 8563 2101 5730 5713 7543 2906 7854 6451 
2274 2444 3346 1939 3046 8848 8719 6135 5440 2615 
1058 7871 7428 9110 9925 4892 1902 8888 3072 8268 
1173 5615 3704 3468 5767 7424 6433 1183 1390 5758 
3437 8046 5297 3530 9754 2107 5024 3784 8645 5263 
4968 9342 1317 1562 1577 8081 2723 5137 7566 8595 
7502 9391 6746 4035 1417 1094 7294 1787 3148 6616 
7975 5241 5679 1109 9106 1151 9892 8898 5190 3447 
9655 6597 5193 6479 2724 7886 7547 4322 5249 5947 
2212 3820 6404 8233 9981 6486 4994 6444 3541 6682 
9835 3726 6664 8367 7246 6515 6673 9174 3385 9348 
6568 9111 1971 5319 6190 9364 1958 7267 2016 2795 
8745 3774 1916 5702 2859 8291 5872 5473 6423 2130 
4188 9211 1676 2598 9866 9827 6626 2322 7560 4587 
7273 9878 2921 8459 4456 5484 8916 3080 5992 1055 
2771 7542 9027 2019 2353 8623 9922 7761 1777 1635 
2099 8904 5211 7620 6681 6027 5817 3346 9577 2010 
4939 2358 7770 7144 1513 4590 5316 9361 5426 4738 
7525 3059 5411 6952 1713 3652 4193 5058 8820 3831 
6675 9750 8103 9984 8186 1998 8546 7140 6189 9557 
2079 8985 3955 1138 6903 5201 5561 3270 8734 3018 
3907 6985 8816 1374 7441 5319 2183 4987 9731 2679 
3044 2126 2696 3284 5504 3408 4530 1101 7028 3645 
7666 4611 8316 5290 9379 6061 1534 2957 1342 5672 
4728 5453 4601 8695 9975 4781 9380 3321 7619 2075 
6040 3390 9159 7986 2852 2113 9678 6352 5543 5136 
5846 6708 9970 2190 1494 3157 5186 4362 2758 2641 
1648 5875 6044 8134 8579 9801 2346 3686 4560 7982 
5504 2503 5388 5681 1667 4144 4442 6747 1326 4428 
5724 3854 3356 4266 2314 6323 6938 4935 5713 7879 
8144 2968 1390 3413 1145 8067 8673 9474 2831 8682 
6490 2920 6330 7014 7778 2007 8644 5337 8259 1633 
4742 7801 8414 9847 1817 6832 3736 8023 4756 4594 
7695 9003 7063 8764 6463 1669 8390 5601 9118 1826 
6247 7644 4430 2588 3861 6638 7846 6527 3184 7189 
3963 2467 4572 7047 6336 8874 8496 2792 5331 2342 
5751 7612 4884 7796 1977 9710 5217 5672 4857 9128 
4093 3046 9267 1773 7188 7140 1226 9332 7257 4974 
2576 9791 7551 9264 7985 7054 9273 6331 1920 4212 
5810 3563 7697 4825 3270 7736 3911 6906 1620 8979 
5581 2215 3868 9789 5520 7528 3350 4524 8742 9524 
9277 3478 5304 6483 5939 8483 8869 1109 9171 7048 
1993 4324 7092 4365 9813 6152 8631 5466 3503 2796 
4468 2807 9755 9982 1613 3563 2174 8183 3747 8667 
1038 7876 6913 3191 7208 9094 1700 1486 2265 4819 
3004 8672 7011 7567 2449 2448 6462 2061 7088 6564 
5643 4206 7559 2165 4779 8020 2980 6359 2357 4669 
6717 2037 8927 3468 4440 9990 9746 1455 4167 9993 
8002 7555 6013 8311 4506 5416 5242 5046 9876 2325 
8925 8563 6910 2969 5495 6199 5283 1263 7913 3695 
6485 2487 6034 7785 1511 9665 6692 3073 9902 9901 
4133 9071 6121 9712 2752 3185 9562 7437 8797 6844 
5576 6474 6846 4312 3450 1826 1079 5874 6412 1146 
6083 9619 7282 5538 8988 7021 9651 3776 9887 1112 
4011 1176 9753 9209 8303 4562 5482 1117 7260 8518 
5782 5485 7520 1901 5482 8823 7801 6660 7689 5994 
1986 7304 3249 5288 3289 3981 1763 2148 1838 9023 
7307 4803 5984 5022 5195 9092 8959 3727 7243 8557 
9799 7521 4251 4900 3476 1372 9944 4989 8501 8017 
3130 1075 4381 8932 5580 8055 9660 4835 7919 9272 
3612 2646 4166 5749 2647 3327 1786 9168 2099 6048 
6602 7240 5313 8561 5033 4624 3765 7451 8064 1550 
6702 8811 7888 6913 4047 9530 1336 5633 8345 4785 
2709 1846 9242 6000 2328 9997 9792 3935 6204 3388 
6214 4361 1420 1269 3858 6534 2652 4643 9687 9001 
8551 6241 4425 6318 6204 2067 9384 4506 5863 8225 
6611 7278 7655 9855 8711 3505 7762 4723 9996 1312 
6280 4022 7722 6146 9953 4115 8888 2120 8852 2129 
3599 1130 3653 7750 8389 4514 1094 8313 8986 7440 
3380 3693 1880 1248 5280 9486 1921 9796 6071 1835 
7325 6276 9648 7774 6479 8627 1189 1911 2197 8051 
8440 9110 7604 7408 7103 6884 9495 9071 4434 2202 
1566 9419 5903 7111 9760 4915 2939 6484 6775 9191 
1857 6925 1785 1540 4100 2632 9802 3846 5244 9485 
5086 1799 2052 8417 5908 6982 8384 1496 5325 2936 
1357 4523 6006 2064 9721 1765 3030 9943 1809 4652 
9114 5794 2780 6472 8712 7330 4515 7731 3612 8435 
3410 6954 5324 5486 6925 5275 8172 8710 9959 7065 
5743 4935 4766 2516 3966 5207 3416 3844 8234 9683 
8370 7564 8121 5343 1887 8476 4214 5878 8208 3968 
8176 6506 6631 8518 6062 9789 3519 4745 7025 9508 
5799 5564 4561 4620 7148 6211 7323 4378 6427 1357 
5038 9680 5390 8470 5554 1034 5459 3197 3280 6990 
5615 5990 2231 9724 8548 5759 7614 6850 8177 6887 
9210 5375 5755 9442 8451 9980 4146 3381 4197 5342 
1374 6376 7064 7738 7357 3102 2230 4057 4391 5779 
1883 7124 4514 8116 4546 6433 8397 2022 9688 6625 
7128 3338 7096 5262 6383 1755 9066 1270 7980 1792 
8158 7991 1412 4519 1615 1517 7170 6305 6571 5560 
5804 3305 7726 9680 4471 7853 1996 6157 5901 4055 
7459 5670 1815 7198 2718 9843 2226 5878 8890 9159 
4041 6224 1581 3160 9064 8565 5031 4433 7595 6436 
6740 1701 7192 6102 9071 4836 1520 6207 4075 7294 
1834 5729 9125 4320 1327 6318 2190 5498 7777 8282 
3976 3737 2561 3517 9001 9493 5555 9700 1851 5804 
2500 6396 6893 9411 6754 9382 3721 8110 2195 7888 
2607 6124 5444 9749 2602 4335 2287 9003 1330 3103 
8887 5128 9859 7946 1078 6358 8676 6283 2497 4607 
9825 6781 4580 7341 4401 8621 7730 4085 5232 2574 
4668 1711 1584 6435 9784 5811 9667 6026 7971 5827 
1821 3321 3427 7033 4573 5633 7410 4440 6857 5820 
3642 1594 5417 3195 6670 2044 6606 5021 5052 6192 
4699 6221 3203 6248 8129 6565 9560 8521 7476 5372 
1969 7328 8009 7277 5428 4140 6424 8573 4854 7215 
1169 9264 5678 3069 1395 1868 9191 2731 2058 5645 
3679 5484 8992 3994 8904 2688 7637 3659 2327 4398 
2383 8542 3053 9194 6181 8076 9382 9597 4371 4014 
9875 9237 9963 6047 6001 5366 1761 2278 6718 4409 
6073 9703 8662 9620 7527 3146 1459 2406 7823 1616 
2240 5766 9656 1715 1328 8454 5745 8671 3923 1675 
4816 2792 1140 8972 3417 3506 5895 4130 9262 8766 
8145 8326 6866 4767 5851 3681 4289 6610 4936 6388 
9337 8928 4588 5644 2956 4725 2082 8507 9848 2064 
7517 1342 9884 6588 3799 6852 4146 6539 6381 9002 
3751 2860 1006 1534 5220 1070 8995 8866 2427 8555 
8756 3522 2332 6133 4811 9936 7356 5498 5435 3834 
8992 3425 2323 7121 1550 6275 6989 5155 9279 7169 
4853 6060 8158 2931 7742 3329 7745 1930 2510 3269 
7342 7790 7150 6281 5929 3346 1793 4196 1683 9031 
6821 1963 5001 8933 3940 8967 8280 8475 9443 4546 
7237 4651 6856 1847 4357 9481 6609 6072 8991 1309 
7644 6480 1097 5311 7311 4190 5716 2859 9743 4607 
8691 8374 1017 1990 1066 3125 1410 8895 2807 9798 
6320 4294 3462 9333 8670 9562 3241 4100 6812 6215 
7123 9919 9000 7155 7943 9705 1124 8609 1259 4025 
5387 3351 5340 7090 3649 4564 9186 2723 6240 5961 
5558 1039 2042 6302 5443 2885 3220 8213 5029 4148 
1387 2732 8490 5783 7349 9899 7254 7120 9523 9570 
2344 6894 2362 3684 2462 3392 7403 9471 7499 5270 
5511 8463 6620 9378 8331 1306 4774 4856 5549 8197 
5648 8754 5837 2069 6697 7839 8595 7537 3041 7868 
8985 1624 9482 3241 8683 3511 2641 2034 4134 8196 
2626 4835 3436 2740 5053 5830 9260 4542 6772 5200 
2461 4239 9138 2346 1467 6020 1607 3768 2256 8112 
2526 6398 6232 7815 8177 8808 5722 6445 5629 1670 
4436 3436 1453 9739 5696 6619 8045 4821 5534 5374 
8824 1103 1875 1415 7017 3917 4020 3110 9647 8208 
1859 5028 8634 9727 4571 1198 2645 3071 2444 2681 
1648 2856 4729 7545 4751 1597 4967 1737 8059 5753 
1485 2728 2159 4398 7904 6404 4446 7307 1467 6922 
5488 2878 2885 2225 1011 1799 4683 7667 1419 5352 
3879 4779 1997 3947 8461 9176 2776 8169 8662 1879 
8473 9175 4868 1798 5521 8258 5078 1072 9664 1977 
5955 3785 9018 7972 5505 6534 5639 7724 3113 4792 
9928 7140 3327 8816 6428 7232 5900 4917 5860 8704 
9806 4734 2992 2107 4614 4451 4994 4666 8476 6702 
5575 8431 7082 3622 6468 9056 4704 6871 3513 1200 
1635 7263 2184 3830 6905 5893 1866 6141 4426 5772 
3609 3654 6544 1610 6090 3632 4126 8808 9074 7812 
8388 9092 1403 4671 2609 5006 4351 9713 7496 5890 
9237 8610 1707 2586 8147 5182 2729 7492 9848 8170 
2115 7011 1583 3130 6226 7387 5420 9657 5731 2271 
4170 2666 8122 9764 4484 2581 6613 3806 5745 5992 
1841 6625 4791 3473 5597 3505 4975 1770 1425 5995 
7984 3769 6025 9708 6747 3119 1163 9260 7518 4151 
4372 4691 8812 6638 3357 9418 3653 4615 6027 1910 
4556 6567 9819 8651 4828 6832 5301 4222 5900 1070 
6826 8684 2838 9760 2588 8642 9378 9846 9631 3733 
8404 9816 3229 5654 7087 9839 8548 1345 2550 5219 
2064 4390 6283 2113 3871 9255 4787 7634 2840 7564 
2736 7597 6860 7862 9984 9234 3347 3125 9406 3705 
7345 5854 8136 1037 3327 6655 7394 8861 9946 3965 
9747 7725 3908 3070 8012 2972 3050 5808 8324 8050 
8503 1125 1492 8495 1019 7340 3942 9166 2083 3935 
6550 3303 2345 6263 6670 2364 8515 6385 5799 4043 
8030 3779 8153 2074 1829 9009 1913 8517 1770 5446 
5452 7352 1602 5757 6309 5909 7719 9753 6695 5911 
8998 7271 4415 5659 1307 4835 1780 7236 9421 2741 
4469 9547 9935 2035 3753 5377 9862 8431 2335 9830 
3177 3785 9002 1299 6231 7077 4529 2020 8360 1420 
4152 7151 5711 1118 9582 9165 9865 8408 3676 7477 
9836 1541 5637 3503 6813 6682 3322 9169 6146 6249 
3960 4581 6612 4875 7570 6171 9082 9187 6762 3060 
4351 8042 6415 2325 4087 2499 7512 6735 3794 5626 
2609 3748 1762 4950 4623 8658 2039 3155 8963 1879 
5554 5627 6786 1042 4890 8496 7422 7715 5415 1432 
5424 4656 6269 5583 1809 2456 8442 2393 1769 4604 
4211 4801 1505 1136 9136 2173 9587 7435 4361 7377 
9141 4133 7156 1428 7139 1498 7419 7921 7709 6341 
6571 8386 7423 7948 8436 6565 4111 9393 5874 8853 
6589 9253 4273 9585 2974 9885 3417 7614 4261 3853 
7947 8982 4658 3374 6205 1569 4645 7738 1350 3575 
2016 5060 5166 5279 5077 8282 6216 4835 3383 3441 
9819 8632 4343 2224 1076 1022 2809 5921 8889 2810 
4045 5373 8905 3042 5940 2541 1352 5402 8488 4139 
2183 7238 4785 3373 9951 1146 7763 6849 8560 3226 
7491 5422 9462 9105 5221 5800 9443 1889 5850 9978 
7853 9464 3420 9741 9240 8150 2543 3963 6755 9655 
2299 1989 3256 2647 3066 9728 7450 1920 5903 4673 
4564 5686 8376 6096 3673 1757 7678 4413 2939 2886 
4703 4961 7677 5338 3530 1806 2883 4548 6251 4951 
9515 6336 8057 3697 1614 5291 7727 3375 5195 1232 
6075 2802 5234 2379 4813 4646 5369 9696 2452 2210 
3257 4416 1995 8742 3639 7749 5593 5471 2902 7891 
4358 1517 8003 3410 4212 2969 2298 6412 4190 7527 
4072 3063 8363 8753 6086 8605 8389 3354 4505 3157 
4102 5771 6203 7380 6497 3790 5383 5488 7612 7604 
5369 9132 2764 4304 4181 2455 9365 1180 3126 9482 
9443 4946 5803 6289 7753 5042 6997 5970 7581 7211 
2359 5614 7738 2213 1491 6723 5928 1098 5000 2325 
8394 3227 1357 4389 3712 2700 9316 1253 5035 6095 
3891 3118 6353 1440 6871 7724 1309 8928 1337 9613 
5086 9941 6421 5149 2906 2296 1681 1614 1157 9270 
1299 7787 2424 3114 4319 9975 8729 5714 2747 6267 
4579 8208 9758 1183 4267 5810 4954 9759 5264 5184 
3727 8293 3804 6701 4271 5936 3734 9404 3630 2056 
1328 8142 9435 2270 8672 6346 3157 2592 4059 6074 
2908 8153 9403 2574 9955 2699 3681 8323 9897 4022 
3248 8217 6552 9286 3241 5038 1891 5298 3077 4963 
2018 2828 1496 8685 2691 5150 5593 9020 1266 3366 
2674 8625 4196 3812 1050 5530 3610 9100 6369 4168 
4145 3066 3504 5906 2493 7247 6768 8156 2971 9762 
7684 7395 4446 8609 1554 1824 6363 7534 3728 4957 
2788 1860 9231 8788 5921 3164 9753 9547 1368 6307 
7455 2815 5245 1879 4824 7218 3720 9553 4867 3411 
9011 9950 3303 3533 6993 8081 9004 2359 9367 9854 
8307 2193 3218 5803 8353 5006 6410 8135 6711 8924 
4188 4675 7558 4378 9617 9921 5815 2225 5785 6384 
1692 1111 2143 3426 8496 9791 8629 5756 6391 1066 
7009 5433 5887 1733 5422 2443 2631 4639 2102 8998 
3695 8797 6636 6713 5886 6676 6206 9638 5365 1095 
1259 4272 4262 8055 4678 5758 3602 7083 3519 4177 
3275 9546 4893 2110 3107 6106 3800 3751 5050 9327 
6959 1168 6612 8406 5672 9438 4932 8772 3818 2302 
5048 8184 9433 1547 5433 9669 4786 9604 9277 7346 
7150 4329 4314 8461 6308 9934 6949 5788 6599 1027 
8550 5534 8104 9089 4557 2370 9849 7691 6523 9548 
9402 3975 5095 3061 8417 1543 6783 8615 6667 4013 
8489 5810 6802 9871 4512 6076 4977 9562 9990 8574 
6126 5677 8490 5637 4934 8133 3859 8242 8182 5762 
9627 5157 5139 5799 5404 9225 6099 4867 7355 5220 
6229 4107 8343 6791 8608 7140 4910 3606 8923 2317 
3873 8403 6365 5891 7671 3108 8805 7698 8855 2812 
4403 3397 7305 9538 1523 3867 1491 5742 3829 8715 
4622 7591 5596 4502 5694 9449 2221 4863 7814 5240 
5235 2044 3162 6308 6688 9121 2099 5806 3165 5729 
5874 2719 4065 4577 9003 1584 9227 2384 3242 1017 
5524 7331 8794 9187 9661 3018 4759 9399 7878 4337 
7259 2839 3204 3135 1352 3799 1264 9528 5471 6302 
4179 1930 6572 8615 6154 8471 8592 2462 7772 3273 
5803 9868 4303 1148 4890 4462 3635 8011 8684 8235 
4815 7922 6764 1409 3056 4925 1634 6987 7978 4963 
9147 5574 2574 1683 3466 5644 8486 5659 2099 4056 
9672 1152 4797 2962 3661 7966 7668 8079 3356 1974 
5568 8725 1602 6485 5313 7896 6934 9202 5626 7640 
5522 4480 5582 8745 5832 2551 4280 6685 8165 3490 
8343 2982 5006 6521 4227 5823 9853 8989 6987 7376 
3689 8895 2871 6500 3978 3333 1708 6617 3533 6184 
5289 4324 3306 8916 2625 6098 3755 3413 6196 2850 
7488 9676 2996 8422 9032 8784 2939 1744 2798 2837 
7353 7112 3247 8547 1427 4585 6075 8684 3154 2591 
4607 3007 2928 9525 6392 9859 8097 6182 1946 8278 
5339 3565 7758 2882 6015 4141 6566 2255 3051 7347 
4590 4975 9509 2327 2444 2871 6371 1535 1896 2291 
1269 6910 8129 1559 3675 8208 4384 2212 1775 3784 
1806 7094 8007 4997 5673 8341 9298 8173 1375 7963 
9764 5594 7869 9161 1000 2644 1870 6607 8671 3882 
7368 8973 1681 1933 3756 5362 2761 2102 9590 9559 
3286 9626 4669 9573 9230 2540 5646 8050 3224 8166 
1012 7589 1113 9277 8986 6496 2480 6350 1659 5723 
6443 2134 5313 4309 8125 2214 3300 1896 1302 2878 
5255 9841 1367 6692 8021 4718 4393 7156 1296 5954 
3065 6324 3190 6736 6277 9061 8198 4354 9117 4504 
8140 8711 6198 3030 8859 3723 9369 1045 8668 6822 
1270 9662 6199 8310 9894 1942 7478 4922 8224 1437 
6406 2873 7160 4106 1170 4394 5266 6872 2283 4783 
5171 3054 3993 5067 2871 2512 6389 7799 8488 1167 
4477 6223 7464 1446 6882 5575 5858 9087 5222 1970 
7175 2084 1280 1198 1285 6663 8357 8532 2723 2966 
8020 2173 8165 4707 7257 8914 8864 3909 8126 9372 
1602 7305 7646 5050 8640 4330 9127 9804 9578 9225 
6041 6137 3353 9600 2390 3644 7944 5345 4386 5199 
2193 9222 4623 3923 9376 4425 5392 3113 1182 5435 
6076 6012 7729 7016 6746 6290 5662 4853 5864 2897 
4094 6950 8818 2825 8757 5515 6187 5004 2771 7801 
1282 8634 6706 1149 7117 4797 7735 8103 9669 6342 
6201 9511 7183 5163 1712 1117 7073 5510 7241 6436 
1408 3869 3939 7992 8576 9303 5675 1284 4681 4029 
3158 5431 6234 2661 4933 3786 2099 6897 3531 5253 
6252 7598 8438 6728 6736 4131 1382 6182 2233 9985 
9045 7003 6913 1264 1310 9572 5199 9532 1140 4284 
8659 6821 1582 5481 2152 7362 7838 4992 6155 9886 
7612 6402 4347 8924 7704 5699 4205 4643 6017 2296 
8626 8352 6719 4970 2246 9848 9415 1532 6692 2375 
6139 8574 9771 8622 5052 4636 5123 2674 1235 2972 
8597 7887 8239 1279 9052 7566 3214 6368 6195 6569 
3710 6736 5241 5661 7584 2572 4673 9688 1230 3476 
3747 4001 5762 5291 6154 5503 8688 8636 8750 8132 
5120 8733 4798 5484 7496 1785 5553 6112 3592 3997 
6872 5028 3997 5226 4210 4356 4619 1040 1744 1560 
1325 4911 7474 5307 6501 6150 8594 7894 5036 4912 
8205 9190 5512 4443 6670 1102 7446 9911 8751 6565 
3100 2434 4281 5099 3514 4324 2175 5148 6153 4437 
9147 8079 2371 5406 8675 4436 7293 2686 6054 7637 
9582 9935 9883 6063 6140 2593 3312 2284 9769 9784 
6554 2718 5780 4541 6656 8490 1492 4575 9359 5739 
4901 6652 6728 6096 6738 4440 6564 8373 5154 7135 
9023 9251 1976 1784 6905 3311 5085 5869 7229 7745 
3997 4429 5173 9793 7025 3939 6899 4147 7412 1022 
1929 8484 1087 6712 5756 4415 4387 3084 3622 5746 
3449 8598 2648 8228 7431 1043 3121 3719 1729 4871 
1602 9024 7693 6041 6888 9732 1859 5267 6723 1216 
6540 8000 9594 5720 6946 8289 4694 5554 6371 5655 
5069 6143 8838 4991 6098 6140 6659 3290 3196 7746 
3473 3441 1064 1494 2132 5739 9246 8383 6842 7339 
2693 1230 2951 3907 7595 3995 1516 3545 4034 3437 
2287 1609 8288 2258 5288 8532 5899 6046 8950 8041 
8971 5947 8754 7132 5738 1196 4925 7683 1889 5766 
6760 7494 1791 4908 5306 1267 5571 7526 8182 2857 
1133 6563 8679 1855 8732 8238 2728 8991 5805 9353 
4107 5084 5576 3032 6627 6604 7901 3799 3005 4202 
5347 8317 8732 8106 4107 3734 7346 1701 8484 4655 
5295 2105 4491 5012 6714 3130 5843 1926 7629 4952 
1446 7113 5305 2929 3559 6611 9132 3181 6362 9182 
6800 1598 7912 2574 2529 5731 3711 8489 6307 2115 
4026 9162 7748 6293 1463 6507 4311 5390 8359 5144 
9887 1461 1418 6817 1337 4288 3088 2341 7702 1765 
4599 8771 2492 6891 7806 1439 1276 1997 2989 7414 
4774 3343 6654 6458 9791 3864 7112 7324 7582 9583 
3823 4879 2668 6972 4950 7614 1419 6909 7252 2685 
2676 5671 4713 5225 8285 9637 7941 8655 6605 7185 
1465 6882 3860 1265 6620 8304 5852 6079 5679 4196 
8481 4111 7215 2948 8045 3753 4923 5104 8903 4480 
3503 5212 8843 8204 8197 9294 2892 8321 4707 2882 
5175 4537 7714 8550 4471 9863 2940 1506 9478 4405 
1369 9760 1719 1133 9695 4270 8525 1521 6604 7026 
8342 8945 6500 2346 6243 4535 6719 9477 5776 7641 
3991 3573 6748 8621 7425 1690 5647 2555 8933 4134 
9785 5119 8038 8127 2494 2113 6260 3473 7701 2174 
5429 7008 5555 8438 8856 2021 8759 3560 6482 6468 
5505 8912 1964 9454 8903 7999 2215 3676 7609 2975 
1830 5013 2027 7938 7921 4080 7831 6392 2918 2995 
9527 6803 2644 8639 6027 7335 1397 1603 9414 4348 
6462 8891 7182 4873 5620 4115 7835 7709 5225 9441 
5704 5884 1955 1681 1157 6814 8336 6532 9637 1466 
6696 7031 1863 6904 3284 9141 3647 9931 5096 3735 
1890 8260 8796 5518 8429 8364 2704 9626 8932 8809 
5916 8764 1850 4734 1627 1426 6546 1211 8575 9791 
7303 1861 8115 9221 5457 4735 8105 5091 1867 8890 
6574 6680 4120 5663 8193 4645 3427 2494 8480 3794 
2543 9580 3344 4417 1937 7429 7213 3148 3310 7165 
1016 6043 2940 3282 9907 6495 9394 2138 6070 4020 
5922 9651 8839 1476 3853 1162 8429 3063 9602 8430 
7661 1892 9762 1905 1810 2720 6288 5759 9311 5056 
6368 8056 9023 2585 7529 2324 4224 8580 4965 5385 
2341 5320 8034 2703 8839 6319 7619 3586 1110 4192 
4878 3451 9294 6478 5827 7894 2141 1297 7708 5277 
6659 1595 7310 3819 2818 7084 4988 8364 1241 1340 
8758 1621 7372 5734 9113 2462 5861 6154 4998 4430 
1198 7670 9068 9052 7508 5881 7809 9254 7656 2782 
7055 6072 2861 8453 5014 8582 2500 2946 6972 1090 
4324 9274 5527 1457 5380 2815 1057 1153 9909 6599 
9894 6211 8347 8136 2194 1475 6062 3814 5373 9842 
3781 5304 2727 2882 4882 9908 7580 5710 5280 1355 
3965 2736 2787 2941 2669 7815 5661 5826 1442 5144 
8369 3045 9788 1362 6355 2657 1695 6587 2876 2766 
5474 5030 7753 2572 1753 4313 6664 5110 9303 6918 
1453 1506 8716 9931 4684 3951 9775 5701 5001 2142 
7125 2066 4052 9676 9948 6563 5042 1054 7182 6137 
8878 4525 9734 5566 4303 9696 7196 1492 6388 9645 
5372 7433 4542 7819 5241 3829 6893 7890 6767 7700 
4942 3923 2352 5648 7701 6542 5671 8093 8916 1944 
2093 8635 6591 8151 3832 3032 3959 1166 7475 3346 
9466 4379 4010 9172 9564 2559 3663 4375 1828 9325 
1255 4337 8846 2433 3413 9383 1029 9644 8368 1778 
7493 1635 4149 7312 8635 9454 1119 7356 5527 8857 
6267 8395 2377 7866 2079 4945 5942 8171 5956 6303 
3798 3397 4687 3956 2064 1600 8956 1130 7261 6661 
7878 1348 2932 1104 5518 5869 2043 5660 4135 4937 
1595 8955 9166 6010 5460 5240 8117 6248 8036 9310 
5085 6749 1756 6890 1663 3772 4795 6316 1681 1704 
7290 9255 1611 2524 5291 2996 8923 6902 9131 9831 
6636 4153 3083 2681 4247 6543 3876 4902 3175 6708 
3010 3490 3921 9000 6693 1496 5261 4955 6250 1004 
5046 1391 7690 1853 7411 3374 1154 5265 3589 9494 
9295 2986 2784 4452 7049 8081 7476 5126 8770 9018 
4579 4916 6707 2173 5567 6287 4148 1086 5251 2862 
4855 4912 2060 8648 7173 3247 6616 5971 4891 2834 
3228 2326 5925 2824 5492 3836 9035 9514 3635 8966 
4788 1032 6948 4699 2133 7287 4484 1943 3335 1939 
3735 4554 3633 4122 9222 8080 5006 5080 6219 8644 
3655 3400 8749 6744 3410 2862 4701 8222 3060 9116 
4070 5740 3430 9672 9922 9897 5833 4416 3005 2041 
2388 6735 6351 7306 2805 3386 2886 8237 2950 4841 
2420 7810 3054 6673 3885 8876 1345 3404 1035 6487 
5025 6725 6885 7507 6501 3269 7521 5348 3777 7217 
8252 2880 1944 3031 3101 8590 9860 7284 9021 5399 
2440 4361 6741 1512 9124 3334 2033 1598 7000 2419 
1231 2752 6625 5447 7900 8095 7028 4832 3916 8081 
1143 4351 4895 5679 7171 8409 5658 7028 6701 4638 
8275 3102 4242 6425 3654 6066 1351 3081 1785 8813 
9432 6658 1821 5083 7720 7577 2187 9614 3388 7540 
9529 2791 2573 6880 5146 2784 2987 7378 7998 7776 
4404 6896 8811 1020 9989 8559 9295 5900 5190 7081 
7827 6332 2046 5198 7530 2488 8056 7408 1119 2808 
6895 3587 5583 8195 2793 3591 5789 5435 9811 5860 
6844 9538 7750 1300 4120 5224 8315 4420 3181 4633 
1780 6251 3780 6136 9470 6651 6593 6074 5999 9634 
4127 1367 8632 3314 9974 8830 7075 7863 9282 4677 
5086 9466 8190 6601 5992 6577 6401 2613 5021 2394 
9281 3758 9731 4696 2529 1988 6610 5259 8510 2666 
6594 8393 1995 7643 7148 1709 7830 3084 4521 5345 
7356 7487 5311 2713 8422 2483 2332 3918 7061 1023 
5835 6638 9817 1855 4373 2116 8501 8849 2437 8100 
9205 1496 1406 3378 9957 9297 4465 2493 2578 6231 
3459 8937 5067 1131 1581 5772 5778 4362 5232 4631 
6827 4613 6073 5811 2793 4855 6560 5020 6895 3069 
2458 2313 9937 6928 6465 4396 6198 2804 3626 5701 
4254 7715 9539 5042 6672 2525 5179 5066 2765 4747 
7744 2016 3038 1714 9243 7898 9789 5020 8793 1995 
2136 7489 6428 2928 7991 3681 8380 3520 6295 1680 
5005 4281 1190 3184 4067 6949 8994 9061 6317 9543 
2633 7006 8123 5521 1029 9741 6174 2639 6142 2326 
8137 2988 1984 8810 7169 4846 5058 3569 5084 3085 
1034 8457 8932 2458 3133 7377 4112 4888 7202 3743 
3344 4456 9935 5854 3679 8420 7289 5740 1738 3092 
2946 4976 3030 6028 9768 3297 6481 7759 4740 8184 
1913 2717 7753 7678 2174 9093 9181 8210 9486 2065 
4760 4827 5356 8337 5327 6992 5084 7624 6387 3940 
4521 5148 6542 4858 5001 2428 1740 2474 5430 2513 
4773 5908 7504 6265 2257 4621 4746 2231 9480 7271 
3783 3004 9359 4446 4233 7184 7492 1232 1928 9196 
9334 5940 8557 9235 7616 2904 9770 5554 8984 8083 
9361 4448 4629 5493 8113 2665 9240 5286 7052 9740 
9744 8077 6492 2183 6345 4176 1250 7414 6026 3832 
5073 2961 3659 2727 4235 8551 6909 8295 8227 8838 
3503 3292 7169 1328 2453 7641 8277 1760 6915 3640 
7928 9231 4947 7343 2206 3953 8702 2943 5285 5443 
4973 1106 7655 8465 6361 1532 5872 6072 6421 3633 
6905 1694 9546 7064 2514 7410 3824 7123 4652 5363 
6821 7353 9414 5593 6575 3151 2163 2829 1296 9313 
9018 8658 4464 1399 3778 4784 7694 1347 7587 7850 
6842 8353 5793 7633 6736 8942 3412 9668 5795 4983 
6412 1126 8933 7781 7215 8070 5164 3140 2811 4256 
7996 8134 5305 8782 9048 6605 3503 4610 3935 8298 
1858 6565 4014 5710 1825 7286 5196 8439 1724 3293 
7335 9988 8920 8625 9457 3002 1981 8799 1951 1415 
9492 3224 2590 5739 1320 4143 1407 1052 5123 1659 
7807 8232 2534 6580 1067 9313 7371 4372 5249 1591 
1008 1832 8632 9944 2279 5179 9543 8857 2752 3705 
7448 5494 6238 1058 2728 3800 2889 2234 1229 2394 
6438 4401 4959 9626 5921 1370 3336 5175 3808 4135 
3989 2105 6654 1559 7132 5811 2521 7466 5621 6124 
7423 3414 1558 5400 3226 6974 2982 9039 6951 3348 
6024 4301 3405 5350 4965 2380 3698 2171 9186 8946 
4392 6951 6484 1101 4795 8743 4500 9351 4357 3979 
5125 7591 7122 4093 9314 7031 1392 5019 5140 4299 
1619 5490 6297 2384 3173 8203 3766 6170 6811 6982 
6976 1235 1214 8849 7891 7677 7512 6993 8195 3888 
6062 9456 3068 4740 8663 9712 7673 4992 9951 4682 
7627 8846 2283 3363 2828 7883 6865 3644 3227 1589 
2903 3503 1362 5950 9340 6358 5342 3548 5349 7315 
6537 6564 5920 8290 6528 9972 5691 6264 4673 9858 
1725 3442 4896 8012 5225 1613 2740 3226 6160 2662 
7350 7113 7960 1806 1806 7685 2652 8203 9668 6116 
5598 5428 9877 6027 1092 9154 3201 5205 5320 4031 
8830 5732 5061 4000 3496 7306 6532 4705 9384 4039 
6333 3325 6249 1535 5548 8064 9813 1719 3707 6528 
2563 3187 7933 4962 9543 7086 9668 7005 7684 4314 
4058 3006 5190 9393 7705 7505 9148 7759 3735 5608 
3244 2557 7258 6343 7764 8168 2017 7639 4755 2625 
8849 3820 7485 4745 7735 9005 2960 1946 2431 5768 
8349 8648 4972 2831 3107 6792 3869 5066 4624 4733 
5141 2198 8364 1483 6586 2528 4200 7390 4729 3344 
1763 2244 4138 9035 2066 9434 2738 9334 4793 7949 
2942 1276 4426 8923 9201 6483 6839 1568 8884 4534 
7651 5662 1052 2090 9577 8542 1513 5702 7686 2701 
8486 6083 3822 5391 1105 1767 2156 9300 6644 3317 
1050 2492 9218 7186 5201 5885 5195 6834 2117 1861 
8356 8527 7809 7518 7780 3428 5684 9430 4792 1209 
5063 6799 1037 1528 1014 5212 4859 3887 3728 3621 
2154 5304 1628 2077 8665 7949 4270 1212 3391 9698 
8031 8046 4562 2258 2635 5994 8874 4340 2848 4477 
4373 6472 8710 7032 8433 7223 5255 9466 2896 7084 
8187 6126 2810 9278 8921 3364 9984 6011 2461 2849 
1728 8109 9249 2369 5791 7890 6308 9944 5462 1272 
4573 8608 2395 4140 4302 4554 2307 2422 4561 6347 
1481 7367 3365 6098 4718 1073 2419 3088 3403 2814 
1141 8175 5434 2881 3341 9851 2041 2337 7247 5333 
5948 4089 4177 7686 9116 2964 5664 9892 7214 9217 
2245 7152 3433 7165 2389 1385 3416 7740 1013 3984 
2080 9743 6903 2326 2431 6052 8864 8279 8333 9902 
1173 6144 9728 2833 6939 8974 5761 4783 2763 5474 
8683 7219 5904 7600 2491 6886 4551 5286 7640 8283 
5271 2400 7493 4607 5881 6578 1693 9072 3116 1070 
8846 4420 6280 1896 1928 3325 5033 7236 1503 5907 
1943 9438 8408 1559 4595 4212 5447 9596 4855 3454 
9094 9849 8645 5473 4482 7217 9565 7629 6495 4410 
8969 5467 8147 3791 1368 7916 2979 3869 9559 6574 
4133 8136 5961 3350 7098 6446 8963 9906 9995 1984 
4491 2455 5746 7055 8957 8498 5882 2614 9510 1900 
5596 3307 9846 7861 3561 1617 2950 3197 1813 2914 
9388 7753 1152 7650 3021 2677 3094 7127 4379 8399 
7609 2458 4211 3358 2827 9016 4951 4858 5904 1544 
3106 3945 4740 4019 2156 1378 7889 7909 7067 7420 
4358 8329 4029 1093 5205 3852 4395 6605 4611 8722 
7613 8942 1460 6439 3348 1299 7842 8439 8748 5978 
6058 2011 1239 3466 1801 8435 3802 5187 1318 8125 
6037 5236 2789 3652 8381 2190 7585 3195 8522 9250 
8695 2971 7458 2638 7261 9882 8416 3214 4892 5633 
4144 9478 6684 8422 7532 5796 4250 1697 4965 1299 
2781 3049 1554 8931 7191 4364 4152 9180 8810 3057 
8411 9024 7474 7978 5245 6918 6286 6272 6345 6664 
7691 4606 3259 6457 7262 4666 7927 7322 8706 3852 
3313 4839 3214 6232 6546 2736 9348 6460 7964 8244 
2647 3831 4833 7242 4118 9329 3193 1734 7291 4079 
5062 4293 7369 7013 9013 3472 7342 7017 4177 5193 
1911 4555 1065 7009 1332 2130 9890 7417 4944 7175 
2285 8137 7716 7836 1654 5996 3170 5056 4790 7448 
6963 7012 3765 5651 4105 4842 7116 4196 1272 9823 
3979 5551 8162 8496 9217 9925 5406 6716 7464 2804 
9303 4844 9618 1571 1766 3255 9205 9860 7739 7207 
7271 5685 8127 8373 4874 5082 8219 7413 3055 6746 
6015 1494 4048 8466 9154 6476 2415 7516 1097 4057 
9425 5402 6194 4860 3436 2522 3008 4512 1242 2789 
5436 2385 4560 4019 1849 3432 8296 3596 6667 6024 
8813 2449 9106 1298 9769 5262 9648 7229 3777 5759 
2747 4039 5830 3594 2527 1457 7854 9217 9877 9819 
7961 3354 4072 9497 2002 7776 6745 4781 9424 1279 
3582 7951 5113 3135 7206 4423 8223 9727 3598 4194 
2894 1557 4647 2400 1400 9595 7540 6802 6472 8839 
5394 4852 7996 1050 2761 3603 4440 6544 9437 3033 
9767 9341 6372 5685 1525 9031 8848 5544 9926 3387 
3479 1252 7984 7138 1022 2284 6284 8046 7206 8356 
3950 2699 7547 5932 3881 6618 5260 6417 5364 6258 
2875 8945 9594 2020 9167 4924 8426 1532 1234 3900 
9922 3009 6680 4940 7974 4768 4388 1986 9447 1322 
2401 3443 3310 3934 3791 3151 9179 2656 2364 7832 
4792 4382 3524 4190 5290 2230 5411 4261 6977 3342 
7114 3979 7499 4936 3118 4606 1342 8478 4141 1631 
3128 1142 7227 4306 1680 9490 1894 3032 4665 3151 
4890 9238 5809 8044 7456 9229 2907 1337 1530 4021 
2370 3404 2431 1484 7332 1325 7631 4847 6707 9281 
4302 4680 4980 4421 2435 9521 1388 2512 9173 7018 
7135 3574 9229 7223 9033 8336 7937 4360 8588 5364 
3306 1277 2876 1625 9817 7465 9756 2615 4837 7097 
3597 1050 6010 5597 4922 7597 2036 5908 2678 3702 
8098 5208 3843 8801 3352 8791 8808 4568 2087 2589 
5249 5889 3716 2498 3003 9458 9374 7110 8913 9680 
5147 5801 5887 3046 5132 3226 4817 2002 6049 3586 
6878 4205 3787 1483 7491 2977 8682 5119 2874 1270 
8862 9693 7001 9748 6750 5738 5763 5854 5879 8626 
1479 2595 3337 9243 9615 9252 5376 5607 4363 5397 
2362 8061 4815 1769 2636 8766 1501 9694 8011 3397 
9927 5190 5629 1944 9014 5274 4209 3176 9648 3043 
1264 4267 9387 4078 6632 6537 7562 7102 2075 8718 
2223 2902 2385 1184 6844 8576 8187 6289 2537 1347 
5668 9726 3836 4277 1866 4682 8741 5949 8385 5962 
6580 6611 3085 9399 6154 3697 6706 3750 5578 1132 
8736 5396 8786 4979 7124 3818 9339 2354 2648 4120 
3548 3802 4411 8927 7070 9834 1453 7561 1877 5596 
1799 8226 4133 5100 6988 5321 6384 4284 3643 4388 
7425 6185 2723 5804 1195 1865 8154 5905 2672 1244 
8165 6548 6444 6410 2685 5377 1097 2596 1763 5217 
8662 4294 8794 1401 2230 2606 3577 9207 2803 6325 
2682 7351 4559 7118 8175 8711 2145 5845 4175 9984 
2182 4260 8870 8775 2179 9368 1480 5390 8512 8462 
8228 2322 2085 1942 8274 9435 3957 6271 6718 8605 
9346 4736 7209 1804 2626 6308 5159 9157 9624 7549 
6097 6812 2109 2680 3408 1241 9112 3463 4348 8909 
4339 5569 9647 6858 8310 5106 2770 3213 1049 5717 
4155 8118 3328 9965 8644 8193 8014 7121 3830 5656 
7772 6542 4522 5891 1527 9540 7040 9400 7813 9104 
4122 7264 7866 7254 9495 2533 8480 6208 7318 6264 
3687 7541 7082 8373 2327 4569 1266 2489 2231 8350 
2772 8352 1851 3041 6579 5515 9795 3423 3495 2785 
5396 8260 9441 6759 1522 8960 4880 8028 4454 1841 
2341 2240 4755 2449 5303 9737 4056 1651 6866 5976 
8607 3393 5301 7273 3916 6308 3880 2050 2656 5995 
4101 9264 8612 7906 5279 5625 7288 5523 5132 9028 
7390 9374 1324 5987 1973 6665 8207 1663 1639 5181 
7037 1651 2351 7410 6173 2380 5009 9773 4576 2041 
5596 4445 8959 8843 2656 3664 7827 8852 5234 3425 
8092 2648 9210 3126 1199 5902 6663 9042 5177 4986 
3728 8881 7059 1159 5844 3910 4754 8840 8835 7470 
9241 8340 3070 2480 1737 3564 5380 2783 1601 1430 
4715 3165 8470 5656 5772 2745 7600 6352 2247 6561 
9937 5016 8547 3550 2389 5909 8261 9066 6351 6375 
9672 3497 7776 8326 4338 2578 5693 9545 6903 6648 
1261 3980 2118 4449 7510 9560 6646 2334 4189 9098 
4270 9012 3822 4068 6979 7109 3756 1818 4859 2945 
8746 8570 4078 5131 5031 8244 7816 9702 1612 7581 
3979 3212 7270 6623 1080 4423 3632 6021 7642 1692 
8418 1278 1642 3438 2456 2852 4331 1724 7785 1225 
5044 6170 7577 1131 7233 1343 8318 3542 8188 5064 
7659 9299 6557 4016 3228 3130 6394 3751 6409 3623 
9169 1468 7447 4106 5090 5094 2263 4183 8263 8969 
3274 7932 1211 7298 6910 8464 8035 1587 7072 3800 
2554 2595 9115 8967 4686 2669 3897 7186 8990 7742 
6945 5083 7952 2478 3586 4325 9863 5649 1874 3863 
4507 7815 5317 6823 6913 7936 7597 8828 1110 7618 
9857 5905 8158 2899 3091 9683 5884 4990 1548 6999 
4367 6852 2543 9461 1311 1980 3500 6729 1920 1779 
3522 5255 8779 5301 8462 7751 1039 8848 2311 6205 
2436 6064 7581 2960 5672 8790 6938 7265 4075 5958 
1299 5592 1381 7916 7862 9991 7550 7915 4577 5247 
6926 9172 3261 3112 5667 4757 4315 6917 9010 8253 
3812 8932 5632 5523 1834 1005 2809 1629 7785 7544 
3802 8135 3789 7302 9910 8437 1828 9763 7300 1658 
7861 8349 4462 1590 6391 7697 7637 5814 8842 9103 
8283 7819 6257 9961 9587 6736 6645 6326 5417 7663 
6889 6555 9701 8728 5314 5295 3621 7590 2372 2564 
9596 8988 8275 4958 1353 2753 1085 3854 6068 1639 
9770 3782 6833 4899 5186 2610 8049 5568 2372 4789 
4438 1506 5738 5399 3854 2388 7907 5538 8712 5374 
1366 9733 9671 5790 5367 7293 5399 7638 3619 6532 
1181 9891 7903 3413 1181 6987 4816 3481 5929 1565 
7489 5523 8695 5891 5144 2673 3228 4097 3395 9059 
3256 2980 5665 7580 3097 6408 5561 2741 8925 8186 
4104 3344 4418 2589 5129 9310 2386 9788 3488 8667 
2978 1195 6144 9414 7371 1017 1938 6864 8586 8742 
1683 2394 4460 6464 1850 9308 8104 3432 6441 8458 
2034 2313 2994 7327 6897 1969 5996 5547 9601 5973 
2862 1508 8637 3480 5627 4223 3823 2865 1174 3339 
3765 2261 8319 3704 9756 7369 8424 8958 4010 4087 
6694 4428 7385 9600 1200 9960 4200 3458 7438 5810 
8753 8684 9197 7053 7470 5453 8731 5113 7589 1900 
8148 7114 5435 7339 6325 5328 3832 9061 9789 1057 
1924 6016 4728 1114 6915 3162 1983 2012 5902 3967 
9436 1532 8057 4765 4903 6837 3496 6549 6771 3721 
4984 3321 2530 2342 7337 1727 5473 5454 9984 7975 
5588 6126 7831 1935 5563 6652 3841 2189 5553 7317 
7952 9581 7278 6924 9927 9827 3342 5574 6404 8502 
8446 3946 7855 5953 3253 5024 3743 3816 6053 5275 
1151 6943 7343 9377 1663 5928 8176 8984 9948 1596 
2153 8386 9686 9933 1232 2888 5955 6044 6690 4314 
4317 4205 9763 5122 6732 7251 8978 6927 4886 7430 
5453 7773 8829 3100 4396 5526 1815 2951 5408 3443 
9775 3484 9870 7228 5333 4788 1540 6976 1648 2522 
3366 9866 8771 5826 9681 9589 1948 2706 8193 3481 
1462 3556 6157 5871 2132 6514 9036 4386 8758 8120 
2423 7036 8067 1551 9684 5253 9575 3205 6967 6539 
7973 7497 5587 3286 2652 1422 4617 5705 9103 2249 
6196 2054 8154 2703 4586 8242 6721 2051 3418 9080 
1197 5302 7116 2588 5068 6766 3226 9375 7206 3022 
9936 4544 4547 5149 7335 8846 2798 2077 2416 9033 
9226 8460 7757 6747 1976 7178 9046 2111 4353 4788 
8078 5773 3971 1725 5997 1803 8372 4785 7839 3637 
4035 8046 7430 7484 8150 7850 9267 5438 2500 5930 
3742 2388 9860 9533 2054 1973 6187 4094 7293 4014 
9659 8256 2049 2296 4941 7527 6096 3630 1087 8991 
6916 5783 1860 6202 3732 1351 5417 9240 6587 4569 
2018 9708 8067 8282 9924 4016 1534 9014 1704 4740 
4295 3377 7655 5451 1243 7093 8399 6685 2602 3019 
9161 8114 5505 5762 5181 1915 4862 9455 2908 8050 
2590 2080 1134 2469 8184 6851 1621 5952 7874 4398 
7543 1385 9224 3228 5776 8135 7441 2078 8577 2114 
6451 8337 2005 1696 8667 7672 1108 9398 6899 9031 
7260 7463 9284 1336 5144 2310 2482 5673 6042 8172 
7816 5718 2984 7062 3508 6887 6612 3865 1660 4934 
4825 4227 2444 8759 7648 1753 5577 9717 3912 9767 
2352 4352 6458 6629 6240 5913 3807 5254 3074 9732 
6375 9334 2967 8901 1238 4823 6848 5633 8887 1433 
2909 3772 3095 1482 8170 3604 2218 9697 8547 1074 
2331 1566 7216 1956 1660 2581 9354 9379 1939 3347 
8875 8925 9939 8325 5602 8586 5393 7248 7390 5234 
4621 1645 1585 1438 1553 2251 8557 3104 6681 6800 
5189 7348 4724 7123 1245 4685 4532 8875 1611 2562 
8342 5178 4005 7898 4214 9213 6229 9592 3001 7106 
2218 8149 5188 4363 6683 7380 2996 1923 8281 2806 
4026 3716 9424 4366 4242 1432 2397 1528 1125 9390 
5971 7326 3424 3078 4057 4021 6381 1019 3928 6232 
9244 8512 2165 3173 4367 4142 7920 9320 8367 1265 
1056 7056 6709 6244 2475 9940 3846 8865 4105 8471 
6053 5530 7171 7796 2450 9310 4613 1884 2021 2288 
3606 8861 1001 1386 1814 4944 6657 3699 4222 9526 
9398 7541 7626 4871 7048 4058 5109 9252 5088 4317 
1555 5787 9951 9147 2705 6869 5856 8532 4268 3813 
4932 5862 6016 9284 7735 5532 8655 2202 4398 3462 
1258 1616 5844 7802 7646 9964 2883 6485 5138 9209 
8335 3716 9068 3384 2928 9519 9191 2598 5224 8339 
7840 5371 1375 6629 7161 5735 5800 3668 1968 1413 
2963 3934 8804 8992 1438 9632 3292 2432 3636 8439 
1404 2655 6337 7199 9321 6863 6800 3640 6464 8969 
2122 6979 6014 6789 1148 1492 6239 3945 9463 9174 
5265 3737 3157 6047 1619 3493 8624 8960 8043 6444 
3918 4814 5598 2840 2420 7403 5537 9659 9127 3408 
7855 5533 9685 5567 5915 1139 5352 3433 2224 6292 
8334 7604 1253 5003 1676 3332 4949 9659 6039 5092 
8074 8696 7661 2019 5322 2528 5876 6811 9630 5091 
4663 1420 1379 9338 4914 4392 3826 2469 6231 8431 
3090 5070 2796 9760 4684 3972 1576 7725 5087 8293 
4442 4193 6458 5622 8934 1314 3290 1039 6948 9676 
8696 1539 2345 3630 2054 5598 4213 9593 2103 7733 
3928 3740 3724 7100 5696 2191 2593 6570 1765 8306 
2412 6691 8253 3053 3826 1716 5706 2405 6716 4482 
5031 2689 8094 5722 4501 1102 2853 9764 9897 3609 
8129 3691 6263 9337 5244 9497 9756 1468 4249 4174 
4901 4330 7715 3866 5792 1869 2909 3178 2485 8269 
9323 4333 4579 5832 8310 8498 5972 2156 2734 8758 
5617 7245 4822 6169 8556 5151 8881 3870 7919 1191 
2481 7823 6175 7799 5571 2060 8643 6230 3835 4994 
5438 5075 1109 1196 1047 5952 7162 9691 9040 6073 
1910 4510 5117 2014 3467 3701 5371 5366 4498 2657 
5359 2434 7186 7843 4052 2300 4349 5003 2936 1182 
4133 8455 8945 8989 2064 4080 6856 5147 8847 2922 
9124 5304 1182 9036 5546 1662 2699 5170 7079 6239 
4220 1341 2046 6638 3044 5150 3599 3000 5081 9579 
9737 6782 8624 2309 4999 8171 1809 5687 8181 7707 
6719 9765 8827 7584 2576 6346 4357 2749 5269 7390 
5659 8498 6113 1296 2920 7632 8020 8583 8584 4885 
2498 5474 9696 2305 7121 5095 3404 3130 1597 2820 
7347 9922 3005 2650 9240 4134 8646 5672 7377 9085 
2440 8225 2427 5902 9008 8245 3889 7477 6331 6062 
8581 7388 7569 5361 2143 2134 7090 6771 8835 7070 
1486 5267 8487 1801 5419 4666 2717 2353 8530 2465 
1543 7739 4301 4170 5226 6401 6415 2639 7292 6650 
9909 3280 9881 5264 5958 8412 6401 7834 2927 1963 
3045 4413 4107 5119 4021 7899 5770 9438 6824 9637 
5517 2727 1563 1147 4730 8159 6896 3520 4933 4966 
8146 2260 4098 2982 1120 3169 2190 7338 4032 3520 
1898 9804 1746 2340 1444 3022 2523 1235 7450 1363 
4430 2234 2763 6814 4223 9545 2465 1521 4561 9171 
5206 1614 5024 8289 2923 2943 4091 9497 1685 7743 
9767 8131 7645 4976 6466 1409 3947 3725 3359 3202 
6424 5218 5776 1504 9193 6290 1265 5259 7291 7890 
1980 7384 5150 8329 9822 2127 1409 8634 9179 1152 
8691 8951 9600 7830 5883 5329 6956 6200 2695 2993 
1380 2958 8575 2147 3704 1935 2086 5551 7297 2714 
5854 9938 3935 4800 7459 8475 7635 1836 7244 7373 
3498 8584 1602 8785 2821 7099 3155 2476 3983 5611 
4442 6216 5873 7416 3451 3379 3588 8843 3097 4507 
3569 3648 6532 5632 9333 2320 3828 5961 3532 1635 
9587 7732 1622 1077 7455 9488 4636 3584 3053 3878 
5815 9233 1246 1624 4724 6246 2552 2099 1918 5208 
4559 7423 1525 3697 2180 4846 3822 4276 8099 6032 
7366 7186 4396 6871 9906 1124 5323 9547 6972 1915 
2466 2959 8331 4667 5352 3022 3988 1757 8217 2867 
2931 8010 9825 8045 2570 3386 2599 6219 3314 9374 
6822 5594 4364 2894 1194 6683 2849 9627 5143 2079 
3105 6990 3679 7381 2218 6409 3794 8858 9411 3282 
5769 5786 6098 2223 9874 5769 1397 9847 9153 1074 
5871 9498 1820 8295 5349 9505 8137 2962 2982 8889 
9824 9758 8194 3441 4645 5984 4576 2649 3376 2957 
4879 1508 6545 9483 8901 6731 2733 4285 7951 5610 
9666 4301 1837 8088 3936 6988 2132 7637 5313 7982 
5836 9266 6725 4518 4988 6559 5602 9302 1613 3772 
6888 6058 2134 2657 6406 9999 7009 6972 3082 6816 
2277 7717 4680 7693 5187 5487 1616 4490 7198 5538 
3700 4132 4719 6946 4642 2547 4182 1056 1453 7766 
4150 4970 7447 9887 6659 6222 3513 9666 2099 7368 
1448 3641 7117 7019 6912 3424 8907 7840 5029 6808 
7836 5478 1338 8644 3062 4144 7149 2503 8684 8266 
8088 4096 5280 5975 8584 2334 8221 7878 3500 5251 
7254 8570 2587 9139 7660 8557 3152 2012 2588 2907 
4537 4533 1756 9798 1439 4685 8966 6295 4152 3232 
4455 4648 8392 7652 6998 4369 2892 1103 9567 6962 
7666 4013 2482 3270 1014 3613 7136 8723 2280 7000 
2579 5726 3809 1761 1805 1690 2394 4102 1565 8060 
9292 7106 7724 3379 2435 4410 3359 8180 4268 1201 
8271 7226 1315 1241 1851 7994 3679 3408 6528 6360 
2106 2184 8134 5209 3838 9771 1383 8515 6012 2368 
6328 8606 2998 8770 3198 9950 1201 1197 2076 8552 
5860 5028 6582 7547 3301 4072 6726 5763 4873 5354 
6353 9273 9368 4548 6333 9733 3502 9078 4320 5043 
7895 3958 2733 6205 9729 9534 9169 6775 7193 8012 
7992 9598 5187 9044 4483 7244 4361 9984 4560 6976 
5437 2104 3198 1038 6907 9112 2182 9459 1816 5413 
2019 6080 6779 5207 7911 8492 9298 9981 5051 6528 
7181 3845 6967 4589 9313 8773 3276 3074 8714 6057 
8181 2450 8567 9622 9752 9533 6179 2402 2928 4365 
3629 8738 4910 9728 3068 6278 2839 4280 4454 8164 
3802 8396 9429 9873 3286 9943 1943 6649 3345 5364 
3740 7498 7698 9873 7760 2376 7113 6926 8053 5864 
6132 3933 3794 6564 7710 7427 5239 5619 1511 2560 
2276 2845 6770 7687 8697 6620 6981 3252 2920 9034 
4636 8856 4235 7309 3244 7932 3885 6045 8594 3894 
5343 5428 1227 9537 3118 7842 5012 2056 4937 3974 
6817 9652 9483 6929 1232 4323 6186 7717 1392 7383 
2562 6696 2130 9876 9891 3161 9155 1579 3973 8858 
3486 5794 6201 9323 1126 3622 5986 3905 8070 5500 
1867 3482 1040 5428 5577 4466 7914 5580 9426 7071 
8218 2423 7593 2038 6141 5047 1679 2864 7160 4293 
5247 8177 1295 5991 6176 2673 2225 4993 3727 7721 
4800 7685 9167 6748 3954 6279 4349 8738 8453 8978 
1807 7764 6517 8644 6613 3203 9942 7193 6698 4839 
8013 1044 9559 8536 3665 4233 9958 6098 3983 3929 
4449 5069 2041 8478 5692 8071 7326 6501 8157 9525 
1796 3921 2570 6467 9764 4144 9444 6440 1286 1109 
6317 2668 6589 8678 6238 6322 7057 8664 5766 9042 
2230 4655 3628 8439 4321 8904 5273 5112 5329 2219 
3062 6177 1721 5253 2190 7811 4034 2627 6757 2247 
6155 1634 9524 8035 3406 8955 9546 2550 3269 5060 
6520 2433 1822 7629 1303 3614 5095 1710 8408 7435 
1520 6696 2855 6642 1380 9180 1823 8468 5036 3719 
5453 9665 4102 3051 3956 1125 9951 9143 3791 4486 
6741 5169 1408 3181 1544 5701 3850 6969 1600 8747 
7468 6947 2632 9246 7149 5638 4566 5172 5384 8559 
6541 9999 6895 8009 9438 8106 6923 5426 1976 4110 
2463 2114 3096 3751 1922 7375 3399 3195 8554 2923 
7013 4724 9902 9391 1417 3635 3767 7531 4340 5219 
8032 2723 1766 9131 3411 6415 8212 8069 8286 5697 
6078 3476 6215 7187 2698 8090 9774 1990 9456 1417 
8860 5204 7301 7837 4049 7846 2399 2692 3060 5526 
7166 5786 7376 1894 9795 5731 2153 7018 9091 5393 
5614 9033 1363 2654 7815 7556 4232 6968 8536 2086 
3026 2428 1058 2036 9471 3958 5044 5460 4260 2780 
4387 9765 7611 1596 8449 6077 9332 5574 5409 1203 
3769 1074 9879 4633 1760 1935 5475 1377 5436 7663 
4152 4357 7831 8201 3560 3220 2242 8029 3263 9842 
3446 3920 4321 6713 4594 2016 8451 1647 7179 4308 
5446 9192 4325 5127 7925 7945 9533 2106 4104 4320 
2312 6800 8408 2586 4535 8093 9285 7498 5898 4687 
1764 2901 4587 2971 1042 2987 7648 8240 4003 5787 
6105 8962 4239 7837 4099 9040 8231 7019 9699 6453 
6638 5428 5350 3202 6574 6066 1787 5432 6017 7016 
8788 4732 7863 2511 8085 1156 7672 6396 7870 7650 
2494 5535 9701 2679 3725 6092 2787 6623 7643 7817 
3903 7465 1031 6115 8249 8305 7002 6176 5640 1493 
8587 1166 2940 7081 1807 5870 4552 6481 8613 6407 
5589 8602 7434 2274 3199 3012 5156 2814 1636 9999 
2401 2266 7151 8179 6307 5690 5875 9035 8892 7975 
3340 4410 8664 2045 3837 4486 1522 9392 8936 7095 
2309 2496 5620 3554 1039 8353 1368 2223 5925 5539 
2801 8124 7315 2573 5442 7371 3281 3450 3066 7434 
8280 8693 4384 9126 1526 6965 6272 3818 7525 8163 
1040 9788 8994 3909 4819 1823 7668 3518 1653 7857 
3709 6396 8819 4007 5395 1654 6395 8789 2815 6518 
3971 3275 7887 8546 5475 8153 3829 6423 8247 1926 
5481 7491 8013 8626 7513 5774 6204 7129 6148 4850 
6600 6006 5548 1759 1582 7004 6870 1946 9231 5930 
4617 7283 6280 9333 5916 7128 6941 5539 8101 6012 
5626 9816 3705 1438 3495 4194 1215 3199 5688 9072 
4679 5529 6348 5266 4567 1751 2378 8092 9937 5484 
2692 9359 5158 6088 3917 5150 1216 2636 3632 8407 
4197 6058 1915 3940 5849 1307 7071 3969 2186 5839 
5391 5205 3564 2243 4288 9637 7154 2982 1616 2586 
9809 3335 2819 9335 3174 3217 2314 5375 8003 3040 
4594 7356 5446 2450 2780 1688 1266 9120 8044 1723 
1945 3168 8750 7148 5124 2424 2990 8982 5594 4790 
4284 1500 8606 6690 5174 7944 2560 3114 8972 7397 
5238 5487 7240 1088 1724 7482 1147 6571 8289 1722 
2968 3598 8356 6749 9011 1441 7445 6164 2395 8238 
9367 1794 1456 5088 8479 2079 4535 2914 1658 5932 
4510 2134 1021 1578 1811 2771 6556 5752 5055 5442 
2720 6867 5332 2466 1074 7618 5412 1055 6997 3287 
9302 5040 8573 9669 5525 3031 2550 9032 2104 3614 
2582 7991 7660 6593 8026 2048 8408 1390 5895 4258 
6082 9024 7192 7270 5970 5787 8138 4935 5291 6671 
4516 6822 3625 3712 6276 1932 3541 8583 6071 2925 
1921 9876 9749 3347 7673 3298 6268 7738 3636 2317 
1807 5277 6639 8218 7866 4566 2762 9819 3744 5380 
7086 7930 9406 5171 4326 9916 9952 5734 4581 7503 
5775 1518 2809 7491 5831 8378 1933 4093 8764 8603 
8815 9267 3047 5967 7836 4615 3391 1277 6156 4910 
4972 3585 8838 4393 7067 9133 9172 9192 7495 4891 
4760 4179 2066 1041 3713 4437 9463 3263 5025 9318 
3089 4188 2739 8582 2698 8144 3957 3302 2685 8886 
4078 8491 7246 3485 7275 7983 1283 8762 5778 7834 
2648 8586 6363 4581 1533 3836 5023 7860 1131 4723 
1401 1769 7001 2211 7198 5470 2929 5822 7551 5632 
3435 9873 6681 7587 5289 4907 5607 6052 4732 3076 
5361 8669 7544 3329 5317 3624 2907 7682 7527 7372 
2284 1239 2701 1927 1590 9740 7050 6399 6359 7980 
8368 4878 1226 5533 2000 6318 1661 3296 9601 8832 
6820 3807 8504 4753 1478 7667 6795 2637 3867 3189 
4325 3725 2072 2416 6408 6223 9440 1581 2866 9812 
8914 6998 6595 9874 7793 5175 7612 8637 6214 9749 
9591 6307 2402 6806 1928 2767 5833 4397 3261 3461 
6936 7577 5070 5448 2827 1701 4345 4879 4706 1177 
7050 1982 3842 9018 5841 6653 9271 7051 5045 2797 
6406 6521 2873 4280 5576 5118 2506 1016 2334 8960 
1459 4528 4640 5110 2410 9772 6237 1909 2715 7746 
7089 9435 4457 7228 5889 3235 5077 9811 6743 5869 
4869 9157 2526 9940 4881 7402 7979 3816 5472 4138 
6819 2360 6303 3876 9529 2186 2900 2055 2631 5205 
3304 4186 1585 5993 1519 7797 2874 9351 2309 2382 
3990 7445 6008 4943 7318 1028 6660 7551 2674 3852 
9031 9594 2996 8297 2386 9591 2240 7633 5837 7655 
5462 9290 8030 2256 2683 4599 7377 3302 1061 3119 
7481 2568 6538 2748 9306 6682 3744 8399 5562 5080 
7965 8315 1222 4526 9662 3259 9772 3560 8374 4613 
1869 7852 7446 6642 7816 5777 5258 7813 3055 9067 
6366 4843 1215 7058 9859 6249 8500 6702 7429 6822 
1798 2273 7290 5105 9033 1383 1228 2929 4653 1499 
4208 5750 7254 1701 6402 6364 1753 7338 1580 9387 
4294 3455 9500 2934 6898 9308 5625 1126 5608 1721 
6546 9692 4716 5876 9661 1459 1100 3594 1781 8304 
8396 6760 9336 3591 4121 7851 2034 3964 2627 8121 
8481 8466 2520 5387 8417 9406 5681 4655 3119 3453 
6298 2613 6697 6826 4095 2959 6994 1642 7320 4320 
2411 4796 4076 7529 8547 7209 6242 2496 3077 9098 
2746 1272 7206 3184 5136 7332 6489 8006 9388 6258 
4316 9628 1531 7026 2135 8024 1864 7290 5325 6565 
3742 9382 5671 8597 5185 8735 1295 3303 9271 8956 
5764 3606 5778 6370 5895 1080 6090 3575 5070 9870 
2216 1824 3146 8852 6188 8665 9911 4101 1106 2815 
5785 3683 4153 2584 2312 4305 4338 6785 7173 8791 
1471 3119 5477 4190 2313 1248 7819 7507 7366 2881 
2728 1739 4885 9672 8557 6789 2437 6804 2323 7411 
3796 2128 8009 5397 4603 7598 5398 7103 3338 3059 
2584 9587 1942 9869 7227 4047 4232 6832 2850 2605 
5156 1527 6508 7559 3169 4876 4467 2422 5052 1161 
1153 1646 7787 5727 2362 9290 7505 5393 3734 8450 
2504 3537 8101 6945 2829 8913 7835 6065 7633 2325 
4458 6459 9642 4909 2216 3937 3779 7930 2838 3592 
8008 8124 5434 9252 8681 5998 7474 7846 9613 7208 
7861 2853 9374 5176 9554 4235 5990 7362 3626 6297 
2302 1092 8125 2525 7606 5812 1557 1445 8055 5211 
3289 6852 7038 4169 2497 8260 3168 7346 1643 8517 
5886 7748 9739 6765 9686 5598 3434 5439 4800 6904 
7844 4042 5154 2709 9064 4977 2223 7478 1131 2775 
6624 2310 8047 7406 8398 2200 2165 3819 5891 2506 
9592 9710 9042 1482 5778 9069 4538 4814 2944 3391 
1023 1572 5059 7958 9980 9903 8689 8578 5630 5560 
9829 2897 7248 6346 3367 4375 5401 6554 4237 6100 
1838 8188 2842 5913 8212 6980 3684 2090 8625 8909 
8872 6331 5062 3151 6647 7327 3174 2320 4868 2914 
3860 6456 9255 4214 6038 3321 1955 1932 3577 1951 
4436 8528 1541 3653 9224 8130 4913 5626 8487 5793 
9562 2180 8170 6778 8056 8912 2415 4378 9521 9105 
4140 8633 5072 3601 8182 7108 4292 8709 4227 4305 
2537 5405 3001 6838 8321 6474 4020 3479 4280 9459 
6326 4889 7280 2618 2709 7321 1208 8327 5604 9687 
3279 1235 5723 9667 1180 1012 7247 1558 3858 2828 
4703 4743 8801 2882 1197 9304 4742 2909 1194 3024 
4968 1521 4805 3208 2373 9078 1069 6236 4994 8938 
9144 7020 4790 8585 1048 6666 6406 7917 2794 2039 
4531 3058 8839 6291 3235 8034 7796 3165 8337 3550 
1841 1795 7337 1516 9727 7063 8401 8419 2086 3954 
7364 8364 3879 4798 4897 4650 6767 3658 7281 5354 
7508 3681 9265 4006 8303 4065 5013 3586 9143 8771 
3008 5154 5745 2562 1318 9499 7964 4609 7578 4562 
3813 7177 8994 4830 6029 9785 7894 2713 7891 4691 
7930 5111 3685 6686 7209 7085 1643 9919 6352 8796 
4602 2035 5314 7206 5805 4448 6054 9671 1271 2309 
6908 6313 8453 9743 9660 2512 7361 4866 8739 9923 
4007 4915 3197 6301 5330 5968 1956 2968 3758 4456 
4002 9406 4613 4363 8239 9168 9648 7443 8900 5725 
4231 8496 9318 1468 6422 4004 8364 5392 6720 8789 
9220 1332 5764 4796 9006 5736 7750 6309 9920 6651 
3753 9318 9932 4785 2607 7452 2371 4893 9041 3963 
3174 8902 1809 3410 2141 8412 6676 5681 4234 4967 
1671 8812 2100 4695 9992 4008 5286 1928 5391 4429 
8220 3411 4075 8153 9911 3735 8179 4630 2912 2327 
6633 5350 6377 7511 1233 4933 6855 1758 3377 3786 
2471 7827 9085 2336 7054 7406 7938 9143 4787 2306 
6444 3387 1949 3957 6807 9444 3917 2748 5797 2461 
3162 5207 2252 6336 5280 1729 6905 1503 6527 9163 
2956 2627 8780 5739 4903 7417 8550 4200 6962 2903 
4696 1802 6607 2946 2680 3350 5563 1916 8867 6880 
6633 7956 5289 3977 1332 2896 5862 2597 2089 7256 
9161 6542 5744 9893 2317 2567 6727 7819 2960 9379 
8068 7859 8068 5870 5585 6138 1459 8780 7751 5360 
7324 6964 2917 2684 4417 4730 8259 7334 9236 7737 
9032 8497 9998 3238 3183 3508 6086 6698 1290 7101 
9470 5364 2346 7210 7201 5378 7786 9409 5910 9102 
7917 9513 6186 7055 8088 4838 4478 7169 4800 4320 
1939 9887 6856 9462 9494 6207 4214 9643 6812 2355 
2802 5198 5945 7597 7473 9749 4867 1420 9203 6991 
3534 5441 8829 2497 9126 8252 4958 5570 6065 3942 
9693 9019 1538 7252 5797 7578 4876 1824 6891 7240 
8463 4116 4639 5717 4861 6663 8856 4656 5247 4601 
6174 6234 4610 9807 9044 8742 6736 7668 2317 9141 
1113 2204 8494 3712 3615 3801 7046 4622 6036 5494 
8454 1064 4834 9279 4924 4893 5877 6632 2624 8176 
2198 6558 7695 9121 4251 7661 5959 3512 3236 9848 
4433 9617 6996 4738 7868 1017 4813 4850 9897 3480 
7582 8059 8549 8263 2752 1877 1585 6525 5261 9121 
2522 4023 2142 4554 1310 5922 3791 6905 2938 6391 
2379 2532 6070 8547 1697 8248 9736 2549 9615 5441 
3790 5973 9068 1034 8700 7245 5967 9793 6513 3401 
7692 7261 5546 7377 8545 2145 4775 5429 7428 6928 
9004 2848 4249 9242 3220 1090 9187 2694 2935 7490 
8076 3294 1914 2204 5321 2638 4239 6949 9525 8401 
1202 8981 6433 4811 5990 8986 9768 4968 7177 8046 
8322 3323 2359 4569 4993 6848 8938 7866 7989 5139 
4845 8022 4842 5377 3053 5395 7976 9054 6518 6864 
7828 5547 7861 6286 3587 3422 6001 7744 2962 4268 
7942 5200 9986 6529 3498 7338 3967 6956 7631 3352 
8022 7043 3286 3321 7603 5757 8867 4239 5777 7147 
8011 8263 6001 3738 7058 2631 5381 3053 6343 3681 
4245 3623 4106 3324 2847 8496 1146 8941 8664 3257 
9762 6640 8783 1620 2226 6778 2764 1986 9075 4387 
5620 7914 5229 4859 5504 4176 5950 2288 4679 4414 
3816 4812 6688 1272 8458 9626 3582 6395 9190 6500 
6355 1772 7364 8774 8365 3199 3652 6840 4679 6959 
6241 4800 6074 5002 5691 3984 7222 2804 9800 1754 
7916 7768 9378 6342 7235 4812 2641 1960 5217 3166 
3373 5816 5581 5496 9035 4022 8865 4948 7996 5945 
6793 1305 8029 4313 1948 4026 7384 6288 9620 7025 
8875 2465 1268 6916 2757 4974 5921 1705 1115 1047 
8296 6367 6271 7729 2848 3481 1676 9301 4240 5509 
6581 6110 4435 4056 4369 6524 3007 7909 6667 9586 
7705 1045 7946 6798 2377 5691 5329 6500 8072 8378 
3542 5058 2130 7352 6504 5187 1377 2010 5620 4927 
2015 6460 4085 2703 4164 4535 4025 1494 2640 7832 
5957 7985 1443 8625 5708 5827 9280 5238 3464 7568 
2044 3649 8872 8733 8686 8979 8386 3989 2591 1637 
3198 9643 5501 1502 9501 2120 8435 9710 5841 6003 
3890 7735 7677 2170 5260 7252 5914 3656 9587 3260 
2408 4138 5320 4073 5167 1043 1828 3273 7678 6384 
6167 5060 3769 9852 5699 2961 1856 5624 6994 2800 
3087 1444 1112 4594 3425 4071 9068 1411 7323 3570 
7765 5718 3739 3800 6281 2146 4218 2306 4775 2969 
5932 3820 9615 5924 9697 3383 7081 7848 5267 4096 
5477 7325 3555 4325 6778 8719 9425 4833 3957 9166 
9848 6675 1321 3302 8830 5770 5026 7925 5202 2810 
7158 5646 1619 2541 8881 8848 1937 1291 5699 5785 
9137 7141 6901 6420 3049 1288 3773 1694 8235 3637 
1328 6401 2866 1669 6871 1176 1844 7239 1983 4903 
3270 8367 7400 3566 6622 7729 1914 7988 9992 5231 
9785 2486 4668 6482 5343 5681 8718 7313 2722 4933 
4195 1235 4821 6382 5538 7269 6553 2563 1680 8135 
4901 7551 9820 5950 8655 2557 1467 3300 7725 6609 
7901 6928 7933 5043 6153 8781 8431 8867 4770 4442 
7799 4752 8692 6511 3734 1319 8932 9647 9815 1381 
9353 7067 3931 5616 2327 7484 7104 9008 7885 1405 
1198 5672 5448 2913 1979 5822 8707 5976 5582 7666 
7269 6984 4645 7488 7833 7933 8800 3075 4432 5821 
3091 7276 7843 7057 9597 6331 7597 9852 8827 1272 
4510 3679 7995 5398 3836 6564 2603 3797 6790 4740 
7249 8032 4412 8404 2683 6348 6275 3322 4040 3098 
6619 6381 1903 9137 6456 6047 4665 9088 9462 3552 
8007 6287 6173 3200 7313 5778 2103 1839 7366 1956 
9852 9952 2104 5204 1111 6670 7270 2201 8238 3210 
4178 6669 9896 2560 3652 3180 3072 6841 5462 4228 
6102 6585 5223 2282 9902 5841 2996 1210 7710 3204 
1488 8155 4018 6168 5112 4040 6686 5948 5897 7887 
9559 2486 5519 6933 6522 8297 3971 3162 5159 8429 
3871 4545 5640 7178 3429 9487 6054 3417 1538 7420 
1457 3842 4689 8800 6614 1466 1789 2387 9516 5910 
1998 9172 5635 6170 5384 2356 7491 4507 8660 3337 
6889 8542 6164 9990 4555 4008 5390 6104 8229 2143 
3877 1848 7837 8742 1045 1457 6683 5206 2253 1829 
6337 3105 1010 6733 2680 1455 4509 3799 8703 9070 
7584 5462 4272 1769 8298 5298 5420 8461 1190 7534 
8266 8578 3132 2959 3238 9602 6927 5789 1114 6289 
2171 5560 7348 5608 6411 3161 3103 8173 9039 1624 
8208 7696 8316 9971 4955 6468 9715 4754 9531 6823 
3814 2888 2232 6564 1821 1877 3989 8986 7850 6224 
8148 7797 3924 8702 5719 1776 6619 7025 4814 6018 
1737 9933 2124 8692 9563 7491 5742 4223 7931 9965 
8935 1208 6893 1576 1408 3221 1427 1307 3461 9624 
6737 1631 8107 6401 7998 7674 5166 5519 6780 2690 
5418 7474 2071 7962 4807 7817 3441 4156 4784 4629 
2522 9211 3027 5507 2203 6391 8955 1750 2459 4609 
6647 4308 3735 5576 9736 2445 3298 4587 5878 1597 
1707 6932 9925 8360 8607 4882 6329 6507 9808 4370 
6853 3343 9459 3850 6978 4302 6277 7873 2737 2325 
9107 4193 1722 5835 8281 2391 8625 5669 8130 4137 
4367 9633 3750 9975 9667 7154 9327 4160 6188 9579 
6449 8544 5757 5540 5037 2674 4715 2385 6144 5469 
5458 5931 4245 9816 2149 3502 1983 9836 2297 8170 
8519 6212 6222 4026 1838 4425 6505 3107 9462 5965 
9323 2858 7250 4867 1983 8048 8480 8193 6747 4922 
6852 9301 5173 6530 6688 8381 7697 2598 6433 5954 
9584 9510 3775 6766 4748 4126 6408 9559 5727 8580 
8235 3956 5517 3033 3502 2873 4243 3220 9607 2911 
8872 4112 4328 5643 5915 9599 4271 2640 4407 9631 
8588 5430 2750 5541 6845 7128 4801 4269 2241 2355 
1589 7376 8578 2188 8955 5935 6719 3477 8005 7703 
1881 8082 5591 6892 9067 4915 4854 7875 7971 4304 
6725 1682 5090 3762 7063 5728 7705 7756 2798 6999 
3173 9784 1590 5426 8665 8829 6090 7463 8175 6490 
3563 2719 9767 7620 7749 4043 8331 7766 6244 9428 
5450 9398 7720 1344 6690 3045 1299 7788 1693 5463 
9430 8682 8401 6856 1237 4915 2310 4912 4983 3746 
1180 4618 9107 1329 5237 9178 5835 6275 4852 5069 
9206 1064 7595 7729 3417 6985 5648 8467 5687 1934 
6395 2225 7192 6553 8967 5067 3844 7172 1599 3099 
1331 4361 5709 5882 4018 2787 9674 5634 2852 6364 
6165 7071 6691 3733 2542 2702 3180 2812 9323 7681 
4062 8361 1718 6673 2621 8765 8481 6882 7082 1904 
1783 4881 8583 1598 1090 4329 6751 2163 4520 8664 
8718 1877 1877 2519 7306 7762 6160 8268 3166 9420 
6193 9051 6644 8611 4395 6932 7826 7479 4565 9876 
8975 4592 4062 1498 1669 1876 8739 1311 8138 2850 
5864 9475 8245 6784 9466 4404 2597 1146 7699 1846 
3553 4573 9897 5215 3933 7318 3231 7530 8007 4005 
2413 1486 5877 8531 1384 3652 1836 7521 1062 9247 
2160 7852 6369 7793 9171 1064 2914 8297 2972 3943 
2246 4946 4871 5969 2016 3100 8327 8366 4959 5310 
2088 1700 9942 3066 5147 5234 4711 5604 4693 8530 
8335 8716 1490 7225 4804 1970 4787 1423 4584 4042 
1667 4583 1459 6248 5783 1070 5955 1856 8667 8905 
9670 4720 6013 3933 7573 4817 8221 3606 4866 9642 
2252 9390 4472 6287 2755 5070 8826 7573 6570 8918 
5098 9060 7135 8144 9753 5321 3707 3565 8702 6045 
3806 8907 4770 3082 1069 5028 8514 6060 8266 4224 
5265 8574 5410 9410 9066 5417 5500 6155 9626 5517 
1734 6286 9893 5488 8612 3334 2366 5183 8594 5844 
4640 5250 4515 8152 8085 5441 4108 7893 9077 3284 
7702 5210 7454 7971 1646 1022 3834 8013 8594 6945 
9723 4543 5952 8079 9819 5067 2285 6957 3266 2190 
9678 3256 8312 8905 1405 5328 8208 8770 1274 6889 
6801 3160 9228 1101 7925 4506 8601 6842 8715 4511 
2697 1440 8194 9511 1902 2444 7847 7435 4109 8064 
9248 3353 6406 9780 8249 7890 1073 2617 7535 5293 
6945 8547 3535 9623 2341 5873 8368 4592 4567 9853 
1665 9985 9960 2626 3298 9948 6184 2011 9401 7379 
8132 4595 8097 9565 4405 2640 7584 3381 4159 9719 
1860 9837 1301 9436 7648 6717 2556 3265 5108 7852 
1253 1364 3286 9618 3046 5972 1527 7566 5784 5201 
4854 4494 3915 5324 8431 9564 3938 8574 1705 2172 
5608 2204 7564 7950 8722 3690 5005 2160 4714 6122 
6623 4454 6983 7992 5787 6746 1300 5022 7621 3253 
6482 2688 7684 6293 4388 8805 2809 2250 7653 7332 
1568 3646 7540 9349 9906 6888 2071 1851 7767 1007 
2872 6042 1201 1154 2631 1504 1077 9418 1984 5057 
6091 9759 8467 6463 7702 7675 3976 9898 2192 9674 
6957 1337 9128 7234 8671 9421 3358 1471 7540 1325 
9357 7819 7175 7544 6511 4336 7733 6220 2275 2705 
8629 4986 1011 4501 4104 6745 1169 1788 1714 9026 
2743 8008 1191 8234 7619 9695 6859 4639 5745 9640 
3114 7898 2007 1917 8337 6904 3838 5389 3709 3798 
3203 3136 7570 5438 3765 6748 5312 9765 7711 1062 
4831 7106 1906 6653 9407 3930 6249 5598 5726 4895 
5582 6871 6730 7521 7056 4247 5191 3034 9881 1032 
3987 5231 7866 9697 3853 7921 3478 6922 3868 3372 
7651 1297 6815 1780 7720 1419 6224 6605 6198 3780 
7999 9696 3625 4934 6012 7071 1043 2283 8309 2404 
4120 2071 9071 9632 1803 7877 1842 4374 7555 3650 
9981 9037 3360 1474 6192 6050 2625 4888 6071 2863 
8218 3936 8803 1419 7213 1785 5069 7993 5787 3394 
8085 9577 3269 1932 6481 9136 5171 8168 7850 3874 
6957 6476 7598 7365 4488 3802 6906 8773 2780 5552 
7196 5181 2477 2573 7112 9372 2261 4058 7078 6580 
4416 5026 5677 2578 5031 4296 4996 7081 9635 6171 
6521 8828 9637 5372 2235 9436 9429 1006 4796 9151 
2141 3220 7608 4852 3701 5820 8823 8712 4084 6413 
5461 3846 5165 8823 2830 3278 5065 4574 8158 9995 
4732 9406 5673 5520 1235 6836 6319 5300 6258 8412 
7494 2451 1797 7528 2926 7518 8018 9918 3886 3573 
1317 2821 9336 2281 7132 1282 4405 9392 5839 6829 
2480 9500 3799 3568 1646 3223 2344 1957 3984 6795 
6237 3528 7540 1822 1092 4588 6785 3445 7378 4459 
5392 5082 8255 6808 6579 3270 9879 5643 5131 5877 
5870 2303 5982 6868 9571 2123 2824 1699 8709 2040 
2824 1126 5217 5887 6623 9645 4111 1174 3321 4558 
6013 2947 6870 3544 7844 3863 2983 4537 9355 8888 
4238 8983 2852 8264 6260 3345 8701 4822 9922 8972 
6851 4477 1020 1847 7956 8858 2597 4316 2988 7593 
8527 2152 9777 9081 3183 1857 6896 3002 5932 2620 
3333 5901 6064 9403 7736 4734 3061 1129 2821 3289 
5976 3505 3072 8192 9361 7034 4474 3987 6288 5501 
6148 1401 7078 1820 5078 7879 5388 5394 5341 2814 
6621 9487 8835 6615 6132 9085 2718 2547 8420 3643 
2781 6382 4643 8784 5140 1747 5849 1949 4731 3077 
6884 8106 5031 1092 7198 8039 3391 1113 3327 9732 
1313 8528 8981 4412 5444 5306 5004 6124 3422 4355 
6339 1688 8552 1655 5481 2722 4730 6556 7559 4873 
5302 2692 6218 2623 8891 6706 7193 7740 3154 8320 
7198 5834 5050 8769 5150 1143 1169 1575 6730 2020 
7466 1142 1802 3571 5141 7298 7682 1680 9423 7853 
3819 4735 4689 7877 2591 3162 4100 5176 4533 2100 
5836 4246 1156 5704 6391 3283 1287 9685 1032 8987 
3278 8809 3197 9473 9799 1136 5275 9239 9773 9393 
5252 4567 3620 6520 9103 3032 1139 5364 9586 3715 
9037 5417 6758 3238 1053 4294 6474 2243 4624 4028 
2761 6577 2233 5877 8405 8899 9201 7324 3872 2712 
8807 8044 2475 7305 2680 9373 2364 6420 7796 4081 
4402 5024 7055 5448 5233 4006 2346 1417 8772 2042 
3669 8525 8255 7995 9484 7141 4462 8334 1086 5616 
9775 8632 8444 3372 6217 3567 2386 6892 2058 2918 
9954 1472 4658 3078 4957 6710 9751 7005 6152 9356 
6787 9446 6633 1868 8703 5955 9834 6219 3689 8872 
2153 8814 9794 9077 2589 4104 9434 5462 2506 5843 
4057 9540 9317 6397 3843 3928 6137 1632 3157 5949 
5918 3055 7380 6681 7702 4191 3643 5857 7851 7239 
4025 4123 8623 5450 9773 2730 7552 2790 8170 1201 
5036 3925 3061 2966 6930 1974 3284 8531 3051 8677 
9492 2378 6082 8362 3553 2098 2151 3549 7762 9811 
2893 1936 4539 1986 4486 6637 6247 9088 3504 5496 
8823 6355 1313 5273 7139 1021 3583 1622 2436 7132 
6203 2329 9229 1441 9261 8518 3925 4949 7547 9279 
7462 3860 8614 1934 6294 3269 3041 5007 1700 5120 
3145 9784 8701 5994 5778 2737 8611 5284 6641 5512 
3951 4418 1548 2590 3524 2507 1294 6009 2470 3105 
3868 4022 8405 1516 5563 1355 7487 4199 6907 9424 
7275 8366 2666 8048 3773 6584 1984 8532 8713 2358 
8641 1971 2578 5426 4007 8176 1866 4587 8861 8857 
8684 9665 3830 5871 3427 8970 1306 6951 9735 1019 
9380 8762 9548 2608 7607 8737 2626 5734 6257 3200 
1890 9906 4038 1864 4684 8046 5558 5399 4445 8418 
9306 9785 7086 7211 7563 5560 7623 4087 9501 2782 
9799 6616 8976 6653 8101 2282 8089 1691 2800 6448 
1937 9381 1886 7560 3146 9135 6747 8382 5680 6070 
7548 5576 3164 4681 3544 3609 5815 5675 7093 8328 
7005 1231 5515 5093 6950 9484 4865 3306 7339 4183 
5227 1061 6372 9409 1110 6355 6210 5295 8506 3546 
3147 4422 8807 8874 8252 5428 1209 7401 4419 7279 
3200 5773 3633 3681 6247 2420 5951 8919 4291 5115 
4072 3179 6642 1260 9741 8574 7371 9634 7562 6094 
7462 3743 1255 8132 9781 4242 6372 2028 7730 7270 
9986 7854 6152 4849 3885 6953 2582 8770 2222 2549 
8003 2745 7104 9212 8943 4577 8911 7016 6572 5453 
8613 9562 9326 5425 6462 7430 5831 4328 9323 9269 
1011 2716 3455 3122 4106 4364 2501 9793 7396 1992 
6005 8500 1982 6295 2526 6465 6975 3803 1038 5906 
5067 8622 5771 8582 6669 4545 8011 7112 3714 1171 
5155 5134 2762 1807 7031 1516 9667 1474 2330 4858 
5733 5856 4461 3531 7432 7576 8793 9243 2894 9042 
9046 2462 9912 4820 3569 2335 2438 6790 4586 2430 
1946 8643 1476 8258 4674 5027 8114 1988 8410 6974 
7959 4855 1894 2233 7438 8027 8922 4546 8599 5962 
4703 9446 5635 9756 3800 8977 5242 2181 8103 7587 
1744 8257 9070 6252 8770 1506 2855 4151 7599 6453 
2363 5867 7563 6462 3446 9365 9580 7927 4133 9098 
2042 4394 7194 1370 2420 5465 6193 8208 7415 6184 
1798 7889 1991 3075 7148 7759 4122 2539 7512 4819 
9063 1074 4159 5753 9493 7819 5575 3128 7704 7889 
4769 1751 5929 7214 5090 5445 7509 9937 7670 3820 
8797 6490 6547 3952 1355 2565 3386 6435 3792 7044 
6386 7545 1290 8770 2241 5811 1513 2167 1541 6139 
2200 3622 1255 1903 2517 4729 9677 8694 3544 2724 
7732 7210 4387 2452 1068 4139 1051 9224 5596 2254 
3355 6633 3892 2788 2427 2761 8893 3981 9150 8311 
8303 8045 9279 7941 6778 9201 2639 4453 2931 1609 
6561 3166 6785 9368 9969 3388 1540 8992 1087 1273 
3133 3786 1474 3495 9283 1363 2448 6941 3052 6599 
8352 6747 4248 4010 8554 6000 6335 3510 8924 1337 
5912 3609 3636 3540 8675 8454 7249 4240 6305 6783 
1821 1817 1869 5728 9513 8717 3410 6926 8282 5612 
7476 9851 7124 3676 1499 3216 6701 5253 9489 6529 
7157 5630 3330 2588 3832 6508 8749 7074 6508 7851 
1061 1957 6886 5431 8955 9247 3033 9164 7891 5371 
7954 1653 3381 3675 8999 1473 4003 5472 1587 4369 
2160 8045 1797 5222 4494 3506 4978 8540 5062 2155 
8604 2314 1767 9825 2117 4378 4776 2092 3522 8743 
7502 4791 7434 5606 8353 2423 5114 6482 6193 3405 
2451 1791 5050 9809 5346 6188 8703 1547 9264 6650 
7425 6827 7928 9688 9355 9678 2494 8930 8441 7588 
7581 5104 8605 8758 8768 2801 8049 5561 6071 9104 
3392 3284 5898 3700 6985 3721 7426 8266 8752 6156 
3905 5749 4086 8051 2065 8254 7295 6704 6685 5388 
2922 8076 5224 2941 1508 3805 5226 7084 4148 1795 
6290 9550 1487 1819 2313 8897 7235 9353 9711 3448 
7792 7774 7231 6250 7950 1695 4757 1280 4850 2163 
7375 3331 2438 3645 6657 3022 8633 3425 5124 2128 
7778 9014 3170 5680 8909 5085 2102 3719 6547 7325 
1256 5472 6603 9004 1180 1693 1979 6080 7579 9661 
2431 7192 6129 5338 8442 3829 6288 8923 1450 2006 
8533 3365 7848 5235 5425 2584 8697 5340 2886 9719 
6811 5820 9233 1547 1300 1135 9849 6969 8777 2025 
1069 4173 2979 9204 2471 3010 4750 4011 6509 3490 
4879 8049 7031 2306 2670 7975 2262 5312 2363 2234 
8567 7120 2295 6497 1901 5854 3291 7644 9517 1315 
3782 2237 3890 8819 3545 8603 7191 7248 8368 5390 
1453 8619 9777 2547 7939 8590 4384 6133 5814 6075 
3599 9075 7061 3930 8311 8577 6585 8296 1049 4432 
7008 7417 3129 5313 9160 3084 8828 3310 6948 4024 
6214 9642 9909 5250 9556 3255 1891 1093 6913 6664 
7995 6319 3293 9650 7071 5845 2560 7091 6552 6203 
3349 7920 6006 8386 9816 6996 9882 9845 1497 7757 
2940 4568 9707 7855 7787 9542 3856 3656 9559 5942 
9906 7118 2177 5556 1462 4016 3632 7277 9286 8497 
4848 7303 2087 2174 8050 2829 1670 8850 6379 3597 
8683 6788 4222 6212 2078 8025 5971 8476 2964 4926 
6294 1922 2949 8538 1051 8958 8826 5141 2075 9346 
4256 9152 2255 3776 6565 8562 5725 7864 5844 9824 
6610 4319 8171 5985 4892 4525 1448 1072 4201 4552 
4223 5295 3855 9384 5499 5654 1152 4972 3317 3013 
7841 8538 2927 1520 6833 2648 3941 8121 6564 3507 
8090 2227 8056 7809 9763 3772 4819 3689 6568 4535 
8282 5848 3871 3540 8167 8754 7267 1671 9173 3939 
8683 6268 9919 1693 9740 4067 3458 7710 7859 7782 
6705 7357 3327 1123 1611 9610 6729 1901 8225 1502 
2007 5925 6801 7350 4852 4443 1360 2169 1637 1719 
1840 5591 4225 8942 7407 4103 6665 1307 6675 8406 
3097 1117 1948 3506 7576 6547 8362 9925 9097 8459 
1367 6277 1002 9393 7535 4163 9958 8515 4826 2318 
5256 6280 3796 1399 7548 2988 9442 1275 4825 7514 
3451 6197 2741 1808 9394 4191 7246 5195 2438 9868 
1446 6429 6844 3833 8910 8784 2827 3472 5200 4516 
1164 6393 9626 2802 5696 7510 5882 1129 8438 4277 
8330 1232 4779 4619 2122 4194 7609 4634 7510 9947 
6610 6246 3298 5164 8344 7911 8265 7015 8325 6423 
1660 1609 1873 7799 4783 6599 4579 7960 3569 9843 
9251 1486 6171 5637 4987 7059 2090 1410 4694 9617 
5407 9540 4985 9091 4820 6072 5838 1119 4566 8423 
4812 2322 9638 3477 9472 3477 9521 2710 6824 7168 
2470 4033 3404 4436 4673 2031 3955 1212 4972 4526 
8690 8701 3482 1080 3057 3492 2484 5197 3867 1681 
1005 4080 9939 1374 6912 6781 3083 8247 4724 7279 
5531 6192 7376 8861 9989 1632 5650 3332 5598 4948 
8834 7218 3224 8913 2418 4926 1628 1381 7619 1499 
6216 3038 1951 4013 2570 4611 1687 7457 7439 6446 
7652 4523 1311 9892 1727 4126 4910 8310 3505 5892 
4792 4956 9457 4658 8746 9596 3324 7026 8700 9885 
6002 6844 3483 4508 3452 3229 2347 8061 2248 4867 
2861 9620 5842 2795 9690 2694 1326 3705 9319 1341 
2693 3031 6291 1147 9170 5271 5223 5440 6558 5873 
6518 7609 2491 3335 4604 9948 8492 4567 3271 2309 
6523 4315 8674 6676 6904 8680 2808 7769 1626 9397 
7118 4549 1330 1364 3389 7588 5158 6112 1839 8772 
2103 3604 1815 6629 6222 6762 7386 2006 2340 7046 
5144 9555 7884 1188 9121 8854 8895 8801 1924 5444 
4871 6556 5513 1507 1687 8561 9967 2215 7720 3576 
4400 3117 4188 7069 1334 5583 2150 4277 3671 7289 
3590 1926 4056 3343 7883 5381 2959 9333 5712 2630 
9589 8682 8798 9994 3403 3185 3517 7981 1758 7378 
6140 2900 3410 8965 5792 2677 6512 5337 2435 7493 
2811 3528 9256 6896 3876 1476 8021 3978 9187 5521 
4883 2009 1002 4294 3882 1344 5467 2355 9906 6549 
6170 5525 7363 9747 4800 3421 4233 7045 9588 1138 
4745 4503 8379 2721 5667 9376 6799 5484 7444 2258 
9859 2804 1042 7679 1444 6358 1577 9423 7050 6715 
4068 9341 6860 9589 3176 7245 9776 1127 4684 3975 
3298 5679 7220 6252 6043 1198 5909 6816 9219 9220 
6224 7021 1575 4316 8173 8901 1434 4116 9619 3202 
5651 5057 3738 7044 6083 8558 1203 1537 4806 3323 
3864 7670 6859 1670 2012 8456 8338 1069 3745 2647 
9425 3024 1068 4228 3221 5769 6327 3499 9212 4912 
8000 5320 5984 3282 2841 9701 7342 7025 8550 8439 
9287 3637 1971 7265 5596 6214 6532 5978 9050 1010 
4920 8371 1186 1583 1298 7021 6888 2308 1169 1764 
7250 5083 5714 8747 8593 1553 6693 7312 5306 6970 
3576 8323 4138 9241 3057 9267 1012 7364 5526 4984 
4692 3352 2160 4233 1372 4337 6399 3989 6919 6668 
4151 3777 9033 2713 4548 7237 4792 4550 5636 6668 
8155 2072 6050 9972 9892 2502 3199 4539 1601 5334 
4972 9702 3882 9681 5003 6390 5128 8966 4589 9702 
5390 8270 9377 9825 5828 5099 6223 7106 7798 7593 
2145 3055 1984 4018 8098 2130 9960 8121 7309 1524 
7501 3753 5358 4980 5441 7380 3933 7156 1235 2654 
9288 6535 7593 4187 6132 3631 2875 8089 5332 6995 
3603 6326 9170 8580 1459 1233 9086 1812 3627 7248 
3136 2972 9913 1419 2930 3650 9396 8470 1620 3495 
4150 2241 2690 2520 2638 2674 2596 3068 4071 1245 
6430 1051 5816 5069 9291 1304 1681 1891 8076 4539 
4944 2974 5503 3446 2222 5863 9941 1581 7216 5291 
3474 8648 6575 2341 7026 1013 8822 7987 9324 1796 
6279 2772 7821 4508 7997 5131 9520 7723 9244 3904 
5965 7440 9570 9362 3271 9542 7442 9113 6972 4041 
3385 3000 4898 2140 9238 1410 6583 4407 2589 5541 
8892 9655 9270 6001 4893 9825 2366 7191 7943 7095 
7782 5980 8591 2873 2632 8417 1208 7900 1088 3391 
2745 7944 5496 8083 8568 7257 9290 3537 3723 8193 
9213 3935 2874 7185 3471 1326 1924 1140 2265 6293 
8592 2151 3674 9865 1020 6697 3545 4287 5808 4576 
8011 3855 9612 8136 2344 3138 5808 4804 5994 8728 
4835 9547 3701 2548 8695 3951 1832 2350 7867 5258 
6729 7843 3477 8497 4417 3942 8320 2896 4084 3653 
1599 4038 1081 5753 9717 9453 7790 1897 4857 2880 
8804 2550 3542 4351 7281 1703 1934 8299 8806 7258 
5818 2683 1988 1950 1200 7839 6834 9353 6521 3415 
8529 5566 9100 3750 6826 3239 3463 7834 8420 2001 
8330 6940 3636 6968 4619 6324 1969 8283 5030 5793 
3001 6202 9859 1307 3538 8120 8900 1384 9481 6695 
7975 3113 9193 9267 5493 6411 5236 6059 1651 6425 
8613 8639 5713 6890 6811 1700 7107 2363 2818 6565 
3204 6173 5337 5932 7196 7644 3234 8852 4909 7260 
8981 2575 7131 3515 5751 2548 4771 4831 3871 5659 
2305 1028 5787 3870 8170 3234 8987 1383 3025 9231 
1595 5704 9921 4549 4672 6273 3063 8660 5081 4928 
8909 9845 6275 4044 5307 5849 8836 7579 4202 8121 
5101 2582 7382 1524 8908 4058 1945 3444 3148 2855 
8876 2126 2651 3441 7991 7587 9967 6553 6517 6689 
3744 7133 4380 4416 1562 4194 9715 4315 3374 4212 
3844 1313 4030 2559 6276 5247 8140 1721 7222 7316 
7216 6369 7537 1396 5375 1701 3340 1108 4890 1983 
8958 9731 4187 6671 9072 9658 4759 7729 6717 1313 
9536 1644 8711 8494 2997 4855 8411 1067 9333 9396 
3254 6116 7902 3786 3439 6300 6418 5009 8443 8376 
5967 4941 4891 1313 7660 5628 5469 5493 3295 9430 
9595 9109 7742 6842 5791 5719 3052 6428 3902 1985 
6666 8312 8439 6848 9085 1804 6354 8973 8184 8291 
4245 5336 2751 6544 2637 5902 6706 5764 6998 5471 
4954 1216 7283 5340 3938 5062 4283 5160 4065 4168 
8421 5180 1831 6499 8379 4108 4987 9452 4504 7240 
7615 7267 6485 4162 6208 1627 3022 6742 2771 1703 
2321 9634 8316 7170 4719 9077 3483 5740 6952 9245 
7956 3429 5206 3343 3686 5447 8172 4594 8333 3541 
6855 8762 7522 3726 1925 9640 9198 4949 8991 4235 
1303 2074 9580 7383 9541 6636 3748 6910 3210 2229 
5092 4702 4662 8698 9017 6667 8169 4810 1047 4657 
2249 8820 2689 4483 5592 6677 2868 2289 2038 7185 
4612 8449 9208 7207 2446 7360 2329 3832 1212 7985 
2694 3812 8995 6258 5716 2693 3813 7390 3164 9767 
7661 5739 7473 6553 2577 6825 1584 9428 1609 2191 
2790 6450 9420 5527 6563 4877 3004 2629 1259 7724 
4636 1744 1620 3763 7042 7300 6011 5163 6772 6548 
1955 6998 4915 6705 2716 7501 4576 3662 9117 2122 
6669 6771 7836 3107 4225 4631 2591 6245 2774 5043 
6978 3815 1844 1867 9364 7974 9919 6082 3519 4217 
3021 7279 1801 2922 2763 2343 4817 3752 3092 4098 
1034 4297 7225 2890 5926 2603 2742 9692 8504 1947 
1468 7612 9073 7456 4697 9636 2284 6009 8884 1042 
8272 9709 4241 2065 5419 9784 5307 6453 4359 6132 
2340 3022 5115 3941 1694 6768 7377 2240 6929 9130 
1887 8623 2750 4200 4214 5322 9699 5958 5528 2445 
4005 3218 1490 7847 7530 5238 3930 3498 1589 2534 
9680 3193 9967 5468 9107 5894 3279 1329 7944 6390 
6100 5385 3446 4631 5683 8267 1291 7528 8798 4959 
8471 4485 4051 9214 1240 7105 9718 9389 3556 2604 
8113 6891 8739 6245 7107 2785 7413 3522 7751 3771 
4147 6484 5448 7817 7427 3917 6595 6779 6732 2443 
9423 2598 4082 7030 3077 6606 2825 3500 5614 7629 
8894 8531 4800 3707 9895 4379 3333 1397 8485 9781 
8982 9662 6663 2482 7378 8967 8387 3433 3733 2341 
4959 6064 8459 1858 1435 5547 6818 3772 9316 9039 
6779 5368 7192 6326 2679 6567 4505 5620 1106 8080 
8269 1386 7176 1531 5104 7353 9564 1504 2311 1746 
3643 6626 7405 9287 9315 6916 3024 5220 8894 8946 
3689 1589 6861 4842 5761 3116 6696 1952 8221 5816 
4599 5761 9178 6369 8371 1933 8296 2741 8150 3881 
9115 7264 4116 4590 1962 3864 3224 1362 9829 8394 
8806 7481 3125 5473 4194 3699 7024 3825 9372 4191 
9940 3905 8380 2862 6746 2219 5211 1772 2633 7199 
7997 9236 2309 2421 1631 2880 3112 4248 1701 4687 
8313 4107 9337 2784 3166 1769 2922 4260 2292 4232 
5956 5615 4091 8276 9322 5575 8917 7762 5688 9675 
4772 1338 7173 4737 8910 5855 1085 8190 9886 7187 
5653 5181 3478 7981 5058 2797 4270 3315 4173 1100 
2977 5431 4663 5182 4416 1179 9313 7486 2212 7236 
7714 8782 2800 6627 5221 4815 8124 5639 1029 1710 
6700 5816 8982 7756 5096 1114 4377 5214 7642 7241 
8123 7229 7099 2713 1377 2798 3799 4877 4067 2128 
2088 7453 4425 5741 8877 5440 5220 7347 3465 8321 
2554 2206 4623 3820 1786 5111 1706 8965 5118 5031 
7078 6474 9177 4716 5909 2020 8051 5473 6335 4282 
2419 8895 9200 5001 4213 2339 8450 1799 6275 3331 
3264 6283 8855 4545 1727 1334 6862 2402 6397 5363 
4930 7210 7812 2100 4676 1588 8094 4339 6059 4201 
4106 8729 5767 4155 4341 8250 2963 5760 3347 1268 
6601 8152 9073 2918 8136 1497 5781 3700 7541 9647 
7612 1073 7067 4619 3133 7365 5439 5513 1159 2994 
2735 9423 9578 1421 7802 7084 1404 1273 5863 1072 
7681 5880 2404 9012 5481 1464 9888 3768 8549 5406 
5738 8566 1898 2609 1442 5846 6426 6082 6401 1630 
8485 4880 3990 4331 6109 2805 6646 8132 6172 7885 
4938 9288 6074 6673 3348 6974 3235 1422 8193 6213 
1244 1166 2411 6004 6177 7232 2176 8911 1671 9230 
7368 5064 3322 4121 2596 2594 7705 7050 9763 2189 
9157 9751 2879 3172 4643 5484 4069 5876 2598 3119 
3419 8831 8580 9972 6715 5291 3268 4427 2288 7930 
8864 1564 7227 6948 9492 1009 7986 1868 3512 4666 
5332 9865 3969 9926 9522 4010 7676 9991 6802 7205 
2709 8729 9029 4269 2429 8296 3389 9972 4070 2660 
9555 4507 9243 8688 7666 2947 2146 4778 4058 9150 
7748 4643 3818 6282 3068 3054 9859 9082 4697 3252 
6392 7656 6642 2297 4584 8005 1560 8854 3315 8816 
3808 8034 4123 5846 4389 8577 5664 1902 3134 2944 
2316 5006 3905 9253 5647 3643 1527 5212 7853 5991 
2332 9060 1808 6221 4642 5828 8968 2043 9456 9115 
1846 3882 5561 4751 9654 8574 2321 3454 7127 9704 
8753 6829 9253 7086 3335 1068 1190 6557 8165 9153 
5719 7259 9336 2623 9361 8919 8448 2796 8879 7208 
7730 3113 2002 7455 6923 8319 1181 5181 1397 5184 
2465 2946 2347 3490 2793 4197 9376 7027 6659 5566 
3683 2991 3788 1359 6971 5575 7947 4310 4308 3469 
3137 4273 8888 3990 8565 2304 3409 9784 7103 6159 
5882 3622 6228 3844 1274 4572 8407 4623 6807 9964 
3463 6958 3307 3955 3307 3824 9997 4932 4463 5536 
3746 7205 7663 8498 9275 1065 6994 8113 3809 1870 
9041 7245 8529 1730 6909 6839 8598 4810 5290 6639 
7739 6429 3602 8030 2988 5479 1813 5216 3337 9524 
5330 6922 5195 1041 3879 8335 3962 6141 5573 4711 
9930 8493 8744 6949 5267 1943 5960 8042 1707 6281 
5113 1115 2195 8460 4136 7468 3193 1085 3980 8462 
3682 7835 5548 4048 1432 6606 7924 5691 4118 2106 
2045 4231 1026 6664 3844 9095 3353 4243 3934 4688 
2358 8658 1799 2332 2827 2758 2237 1899 7984 6947 
7390 9150 4537 2220 5035 6646 5099 3379 8615 1982 
9471 1365 1307 4113 5192 3017 8707 1868 4776 1631 
8011 4133 4059 2099 3206 4282 5746 4726 2070 7496 
9674 6004 9748 3473 1792 1014 3604 6485 5419 6755 
1967 2046 2260 2100 8552 8222 9300 4127 7209 4141 
7152 2835 5317 7046 5979 7102 9610 4811 8454 6752 
9480 2879 2957 1530 2774 2485 2467 5154 2912 7567 
5287 1180 9512 2868 5397 6757 6807 4275 6470 5551 
6712 3236 1228 2918 2742 4605 1024 4784 1422 4683 
3695 8789 2185 6464 4899 9228 3099 2930 4136 3260 
8038 8108 5322 4703 6046 8529 7389 2587 4180 6908 
9456 4095 1533 5319 4271 6995 9659 9397 4334 7948 
2249 5426 7008 5041 4778 4856 3568 9671 9201 4038 
1137 4634 5543 3778 8538 5674 5032 8199 6371 7432 
1036 3346 3806 7408 2472 9434 6383 5741 3973 2601 
2912 7505 7920 7253 7117 5610 3536 4280 5427 6134 
9752 7716 7901 2374 9220 4174 7733 8702 1101 5002 
8552 5392 9560 1872 9856 5850 2848 2083 5869 3643 
6845 5718 9606 1977 2770 9217 3949 4075 4116 9848 
3870 8519 2446 1979 8247 5301 1898 9804 1506 3200 
1162 8731 2022 1265 5886 5836 1360 9854 1739 4305 
8655 2966 6799 9423 2900 9498 3688 8423 3291 6254 
3587 6553 8669 5014 1884 5882 2401 8233 5136 6691 
9246 4939 8434 1493 8399 8038 2918 8600 5902 4951 
4657 3671 2891 5637 1158 4243 8934 4732 9311 1723 
8145 2073 6990 5878 7211 5799 4626 5734 3877 9145 
4971 1225 9017 7834 1988 7412 7780 5342 8443 8047 
1582 8572 3876 7618 7419 2470 4863 4386 7173 6678 
3551 9537 7122 5114 7456 8218 8135 1671 8075 1812 
3710 8800 6059 5014 9594 6728 3340 6178 1624 5627 
2973 5045 3531 1304 7394 9026 3848 8432 2801 4216 
8172 8978 6386 2508 2947 9283 2983 1108 2422 8035 
8251 9456 2534 2542 4613 7796 8767 8436 5311 4937 
4673 7545 4243 4315 2330 6936 5571 3007 8300 5779 
8781 4888 6089 8851 2552 2489 6380 1303 8502 5237 
9617 1971 7134 2891 8893 8477 6628 6497 1428 2464 
9403 2328 2843 4933 8370 8458 7987 3572 3909 6335 
2799 6577 9856 5666 2330 6624 2069 3438 9291 3423 
7444 3604 1423 9489 6144 4439 7157 7247 8273 6916 
5871 5943 7403 1448 9460 7784 9000 4929 6180 7374 
9653 2814 4308 1685 3340 3514 8541 4291 5386 4695 
8932 1246 5390 2732 7085 8466 2914 9641 7832 4562 
7758 8912 7602 9173 9403 7668 8258 5533 3986 8539 
8360 7723 7412 9282 2445 7790 6847 9345 1836 2860 
7504 9825 3393 6288 4868 1751 4174 2102 5828 3620 
7581 8763 3682 3817 5432 3065 2377 7420 9756 9733 
1499 7406 6132 9502 3169 1589 2177 2788 4254 5992 
1717 7365 1646 2891 2063 2071 6341 2434 6250 6488 
4960 5792 3710 7376 2705 6131 2094 1583 2329 9521 
3138 6615 8418 4843 5055 2535 6823 8313 4516 6200 
7802 2065 8115 4580 3217 8310 2248 9329 5731 7127 
9335 1241 2803 2918 3509 8325 8966 8978 8111 2620 
2190 2236 9847 3690 3212 6260 3633 7363 3304 2825 
3506 3722 4045 3255 1276 3649 7723 5911 6914 9929 
7954 3418 5405 5665 5231 7365 9817 7082 5210 7666 
5587 7789 5402 9040 6737 8458 2486 4960 4425 9935 
7372 3039 7676 6682 2421 6150 3954 5046 4740 2373 
2001 9973 2166 5755 1268 1048 4371 7169 1674 3921 
4593 5212 4202 8292 6115 5140 8081 2020 2379 8861 
4590 1918 3805 5621 6884 4175 2136 2374 8169 7814 
7600 7451 7976 7026 3377 7213 1823 4108 1479 4623 
3713 6449 5531 6151 8468 4321 3895 4631 6547 1313 
7000 9604 9396 7884 1220 9845 3352 3153 9861 3800 
4527 9947 3062 6686 5355 1295 9148 2743 4838 2237 
8821 9120 3666 5822 6974 5355 4315 3431 9234 5425 
3104 2097 6994 8258 1725 6293 8511 9448 9659 7571 
5278 6662 1370 6996 2674 4957 4173 6515 6233 7655 
4760 4538 4878 3536 9576 6500 4391 4440 9653 1400 
8992 2835 1765 1101 2184 4101 9955 9275 2711 8804 
8696 5542 1176 3761 2784 7197 1706 2237 5563 2841 
2790 5878 7124 7543 8663 2182 2302 6756 6432 3256 
6457 7191 8928 1549 5290 3904 5767 6960 5972 6525 
2869 2859 1048 1690 6223 2112 7007 5213 5898 7378 
3546 8834 7033 8541 9269 9841 3578 8947 1478 2119 
1836 6787 9587 4635 3391 8756 3725 9717 7388 9589 
2907 2757 1663 3741 3585 4155 1198 4217 2480 3617 
4860 7137 5086 2483 2425 1732 4941 5078 4048 7899 
2905 5641 6301 8794 1702 8625 3792 6178 9345 4648 
7972 3877 7343 4731 4870 3329 2908 7652 3758 7821 
1799 1759 1578 6240 9472 2571 7054 2370 8667 3460 
4197 3249 1686 8363 3032 3967 1680 3801 4179 2164 
6895 9176 1190 1320 2995 7876 6791 5649 1773 3940 
5863 3899 5569 7186 5492 3450 4191 5952 8292 3343 
8401 9654 3066 9981 5021 6449 6950 4400 4813 8637 
4087 9275 9064 4899 2051 2535 7914 9674 9021 6838 
2172 9961 1086 5189 2575 4797 4811 4774 4932 5588 
2852 2772 6942 9354 4017 7476 4849 9226 2045 5534 
3255 6049 6170 9977 3430 1466 9853 8651 1639 2214 
8625 5551 2354 3901 6894 7804 4847 3621 4300 3076 
4056 2670 1023 6621 8904 5597 3466 6538 7606 4435 
4877 9231 7713 5545 6486 3681 2144 3234 9733 3542 
4391 5417 9824 9326 3659 9790 4252 7755 3485 6453 
6121 9884 7182 3683 6502 2301 4044 2963 8626 9462 
9982 5061 2365 9984 1552 4286 1571 5855 3057 6115 
5791 6059 4270 1197 1858 7792 6365 2981 3417 6933 
7551 4485 8355 9653 7484 5482 3889 2001 3531 5584 
1417 5325 6999 1206 7723 4327 3561 4460 5594 8280 
1156 1311 8198 1175 5541 9375 8134 2472 1093 6415 
6459 9404 9872 3813 2456 4835 2281 7198 8476 7066 
3694 4580 4705 4956 7321 4697 3291 2678 8985 7030 
1019 4219 7764 9723 8702 7095 3727 4834 2749 9604 
7984 2499 6011 9618 3166 7579 4888 8832 5850 4344 
6289 4442 3463 4734 2212 4361 7769 9672 7104 7482 
9917 8041 1167 9022 2481 4945 3651 5277 1829 7404 
3644 8633 4871 2837 3478 9163 6056 1794 8557 7262 
1484 2640 5630 4480 5507 5768 2864 4780 4571 8423 
6767 4973 2656 3208 9081 9446 7815 4181 8358 9734 
2091 9692 6248 4668 2141 7064 6359 4978 2356 3441 
4225 7735 7832 7129 7089 9036 4983 2067 8042 6048 
6606 3869 3609 4081 3427 9220 3970 3951 1320 7737 
7215 2234 5191 7612 9303 5208 7809 8342 4111 8729 
5325 7867 9099 6576 9083 5601 3847 4895 1262 3681 
4869 8801 6384 7910 8589 2139 8880 2827 6080 3315 
1154 3860 5961 4255 9658 7716 6357 4710 9189 7843 
9456 4070 7473 7983 1028 8415 7841 2509 8240 5962 
4704 7841 6738 9216 4443 3676 2766 6945 5696 3966 
5012 5180 8421 8138 5404 1503 8711 9428 4794 5607 
9418 3002 5246 9227 8540 8773 3341 5596 1629 7966 
7067 7130 9482 5228 5247 8074 9353 6112 7322 2541 
6167 9001 6039 3584 1371 2057 1565 2929 5301 7308 
3136 1288 9863 3754 2097 7345 5741 5342 5996 2565 
2227 3575 6069 2340 7032 2941 9018 5090 1712 6026 
6576 5282 7274 4577 3479 8410 5926 7613 1198 8032 
5121 8108 8940 9301 3958 4274 2268 5144 6287 7575 
8756 6684 5809 9316 2473 9059 2334 3208 7012 9963 
3897 2798 9637 1018 4558 7308 7324 8446 4407 7694 
9829 9977 8333 2051 7551 2478 5144 4997 2023 6467 
8494 4164 5894 9386 7178 8279 3918 8327 8507 3901 
7546 1403 3745 5644 9628 2381 6673 2409 2694 6106 
1851 2817 6867 2174 3128 3959 8501 6752 2628 1409 
5669 2381 8614 4116 3783 5360 8018 4686 1253 3513 
5022 4295 5603 9978 9229 9994 6197 5241 2373 1295 
8659 7095 3552 7829 3047 9843 6727 7108 5171 1153 
1786 6131 6252 3556 7056 7356 6838 8509 4812 5280 
4533 8398 6331 6737 1087 3452 1067 1279 2114 2365 
1495 8833 2854 8103 7208 5716 7446 3271 1897 8346 
7916 6134 1818 5293 5587 3334 9110 9528 2141 6389 
7464 6929 2487 6931 6520 2577 8652 5320 7885 8257 
8547 4479 6427 2848 9738 4366 5790 7911 3249 8602 
5434 3489 3222 8133 7341 7116 9908 2604 5961 9087 
8971 5047 6944 1961 1670 5686 2780 7352 1622 5785 
1179 2492 3499 4919 5082 5506 2494 2015 9593 8785 
8942 2450 7893 6096 2836 5664 4692 9572 7188 2582 
5263 7574 8433 1437 2692 4531 4303 1680 5021 5251 
6948 3031 7719 9032 5413 1568 2759 2671 2598 6112 
5694 3279 9599 5112 6559 9268 6704 8433 3751 9661 
6225 8766 1927 3269 9470 1064 6459 5299 6359 3808 
1263 3327 3469 1234 1271 4807 5682 8599 1105 9648 
8970 6252 2507 4178 5117 2382 2399 2127 1041 3490 
6645 7270 1543 2946 9207 8724 7074 3388 9532 6273 
8114 3266 5314 6096 9648 9469 2339 1820 2735 2156 
2657 3857 8821 7389 4308 7885 3871 6428 4018 7686 
6270 5954 3566 3187 3624 1720 6200 6705 7793 9922 
8729 1139 4852 7827 9230 3043 8828 9960 7908 4268 
2540 9037 4966 4447 7798 6070 6253 4348 6801 5437 
2612 7757 6890 6326 2077 8254 6474 1515 3387 4017 
7136 2442 3727 1057 6765 4896 1675 7366 1695 7072 
4528 7510 3782 5804 2074 7078 6282 3077 8582 3778 
1637 7069 2802 7244 8939 9921 2914 6779 6042 1928 
6111 9549 5406 6057 9880 5854 1432 2479 2854 7058 
8075 8135 4036 2595 9914 5331 2960 2653 9888 2755 
8236 8554 1480 6948 6518 5012 7544 4069 8059 3248 
3721 4132 1152 6165 7091 8907 6621 2022 6721 4235 
5134 6895 1906 4699 9978 4031 8466 6883 2958 9558 
1540 2296 7598 5236 1800 2139 4339 3258 4051 7051 
4429 1574 6820 5495 3515 4202 1648 8689 7321 2274 
4314 8388 2205 1451 8958 2589 1217 2156 5762 6283 
9879 1324 1461 9334 8860 3798 4628 2438 3064 1739 
8031 6237 6925 4656 8557 8251 9494 3055 6674 7348 
1211 9629 7848 4420 8875 4956 9768 9194 8109 7889 
7793 1164 7350 6496 7998 6633 5385 5821 2088 5591 
7575 7356 8897 7864 1194 5786 2776 8640 8387 7212 
4818 5039 1065 3721 1122 1414 2479 1760 1423 9274 
7679 5039 8111 4656 4389 9008 7865 3786 4106 8109 
5621 1629 8268 6503 9757 7275 6643 8413 3244 9905 
2388 7881 9372 4282 7899 5220 4066 4169 6594 4827 
1673 8661 2804 3841 8057 7745 8404 5900 1475 9199 
3817 8006 7971 6594 5465 4370 4289 1039 6828 6370 
6745 2088 2099 3739 9755 9263 2157 2137 6236 1048 
1233 5889 2610 9648 8397 8503 4136 8486 8313 5701 
2889 2708 9698 3137 6652 1933 7490 1497 3069 1490 
7479 1509 7424 9273 7959 9175 7305 3326 2353 7537 
2837 7325 1492 4220 8474 4960 2798 2351 3321 8580 
1339 6579 8074 5164 5129 5904 5993 8948 3391 4120 
4639 8290 5048 3060 3431 1870 7216 8074 9761 2079 
5308 5829 3918 9873 4591 7432 3153 6447 8848 4857 
4593 2013 7493 4957 6374 3882 3457 3917 1666 1107 
2871 8088 3851 6469 9273 3583 2782 9394 6276 7093 
6594 2121 7907 4008 1398 5814 8474 7040 8015 7673 
6658 8178 7925 3784 2567 5175 7926 7559 8924 3152 
2987 6341 3746 9146 5562 4795 9146 7615 1177 8629 
8313 5895 9203 4316 7095 5513 1070 4588 4771 7308 
4441 9959 8419 8579 8547 6147 8902 3337 3006 3426 
3065 3001 8147 8565 2458 6350 6177 7095 2415 9287 
5203 2243 9220 3968 6661 4483 4334 2017 3159 5399 
6612 6503 4076 3484 7480 7436 4453 2752 3051 5885 
9354 2408 8159 4002 1936 7414 6239 1123 6772 8023 
7682 8421 6812 6872 8301 1104 4803 4660 7903 9077 
6386 3234 4528 3160 5548 4607 2970 1679 1371 3969 
1160 7093 7280 4520 1992 8670 2642 6229 4835 7384 
3243 7246 2419 6985 7675 9632 3787 7331 2668 4391 
8613 4933 6486 6445 9188 3914 9710 9394 9999 1474 
5985 3964 4232 3986 2580 1146 5204 9391 8017 5646 
7987 9391 4566 3265 5921 8694 6608 2042 2577 2387 
4591 1121 4808 9650 3840 9566 4645 5043 4394 1391 
2947 7567 2937 2756 9759 2064 5167 8221 6799 9697 
7462 7612 9918 3579 6544 1237 7106 1330 3238 9297 
9925 6516 9148 3691 3262 6549 8527 9406 2393 5173 
2261 3592 1997 8479 1659 6226 5467 3184 3647 2562 
2404 1029 9023 4124 9244 4800 3486 7552 1768 4547 
4626 1323 2853 8536 2473 1500 8553 4840 9024 8197 
9233 4049 8818 5202 4858 4427 3794 5022 6737 9391 
9723 8562 9495 3555 4591 4891 8993 3410 7372 9479 
8127 1214 5732 4313 2151 9607 7852 6811 4243 2713 
7469 7730 2158 3146 7076 3009 3842 4914 4211 3367 
6050 3043 3783 1676 1160 8786 2326 6953 2969 3622 
5274 4384 9201 3082 3158 4873 5476 1304 1822 6892 
3967 9065 3852 3947 5547 2403 1565 9375 9310 5575 
3254 5054 8441 4011 9980 4570 6022 1916 7344 9892 
2553 3196 1106 9111 1925 6227 7334 9800 7926 1874 
5087 6877 1796 6282 1681 3464 9999 2713 9289 3576 
5137 1272 8238 3658 9760 1439 1577 2288 7593 7576 
7577 8529 5175 2744 7335 7475 6679 3099 8766 6324 
1471 4724 7673 2072 6439 8545 8786 8856 8095 9607 
2077 7522 3952 6847 2336 6309 1832 8588 1203 4331 
6338 7934 8232 1398 7262 9671 1655 7413 7064 4659 
9751 6293 5694 6393 1349 1987 7492 7307 8457 7795 
5253 9598 1735 9479 9851 4093 2607 7891 4852 3208 
7812 2930 1487 7786 9038 4414 4226 9598 9729 5210 
1201 2527 2526 4943 9080 6715 8939 9315 1369 7242 
4026 5687 8527 1996 2626 4265 1753 4700 8338 1390 
2242 8201 8371 5812 1303 2003 4387 5634 5836 7630 
8383 1206 5543 2813 4264 1956 3961 4792 4615 7502 
3484 4430 2907 9509 2164 6176 8992 2464 3302 3465 
9879 3397 3356 9173 3898 3764 1334 2056 5511 6619 
8461 9366 3251 8246 3677 5427 1461 8498 5922 3024 
5554 9428 7080 9889 7747 5074 1990 3923 3090 1970 
1791 3839 7973 8172 2862 8852 2750 1196 6117 6113 
5650 8586 8038 4885 2825 9813 7087 6742 4138 8380 
3283 3101 5933 4732 5430 3402 7006 4675 2284 8800 
9039 7081 8970 5842 9796 3556 9762 2940 5353 7232 
1586 4379 1233 1518 5791 2326 5556 9484 6394 8926 
6971 9879 4483 6744 9898 1552 7514 6433 1210 3971 
7703 9769 1712 2733 7311 5607 3737 7635 1042 6166 
2667 2136 6363 9245 5179 8708 9466 2293 4346 9437 
4539 3255 8836 5989 4552 5817 8050 7038 4813 1512 
5355 2599 5847 5377 1230 6997 5091 5191 2444 6262 
1729 3699 6544 8503 5589 1794 3284 2108 4557 8143 
6872 5677 7906 9958 6198 9791 6891 7647 4314 3905 
8887 3021 5414 6097 8412 9937 5264 6273 2452 4750 
6636 5582 9960 6824 3970 3589 5957 3700 5265 4507 
9095 8241 8461 5196 4789 8286 7984 1967 3454 5138 
1184 1178 9015 8742 7623 9225 1390 4823 6267 5887 
6698 4217 5186 7214 5960 1355 6760 2991 2440 8072 
1142 9235 6171 7209 8158 3899 6121 7458 2292 9749 
8679 2526 3446 1819 8840 9660 7577 5828 2112 6936 
5580 3611 2711 6035 6255 3679 6241 6263 6327 7622 
7426 6716 7096 6478 2651 5115 7448 7430 7450 3194 
6284 8712 6312 8955 9846 6225 8863 5307 2011 7428 
2531 5788 2387 3769 6186 7378 6779 9599 5428 3986 
2115 3257 9649 8881 1082 9496 4211 8127 6918 8121 
9259 6254 6495 1126 4385 2533 8902 5636 2063 4575 
8183 2540 5762 3545 2171 3381 1400 4451 3943 3537 
9669 7734 7086 8066 2533 1033 9406 8293 4842 4349 
3058 7899 8499 6362 2135 5647 6335 6528 3776 1839 
9366 8019 5453 4427 8300 6955 3063 3754 7938 6735 
9723 2992 7570 4327 1149 5424 3855 6196 1539 8464 
6058 1688 7989 2896 5103 5717 9318 2292 9359 9205 
8288 8173 9403 9127 6321 1441 7463 6790 5248 9671 
9846 8683 2640 4262 1382 4826 3349 5057 1047 6054 
5863 2455 6052 5619 1419 4457 4159 6947 5542 5386 
7710 1377 1904 9144 8482 8557 9814 7656 2438 5558 
5517 8939 2296 9607 6744 1133 5485 5423 8258 6834 
1210 5100 9387 5124 3766 6447 7347 7696 1321 3768 
9275 2364 5199 2462 2811 5683 1444 9673 1104 1418 
2969 3613 5063 9758 6796 9761 9863 7502 1739 6846 
8234 7918 3056 9031 3004 3735 1419 6076 6931 1243 
6385 8141 1300 4804 5665 4929 8829 4755 8937 9734 
3456 2351 9548 6773 7895 4908 3423 8011 9383 9493 
4440 8840 2566 2489 3929 4702 4637 9419 8859 4907 
8707 4545 2084 7338 4036 2839 3763 2504 3997 6030 
8189 2479 2569 8652 3336 6051 1446 9526 8785 7634 
4267 3972 1245 3307 1432 1598 4617 9215 8765 6380 
2769 9478 3620 4816 6624 4285 5117 4442 2036 7116 
7084 7399 8277 7544 4453 2312 4060 1388 4550 3451 
5085 7858 6694 5253 9463 8311 8817 9804 9485 4314 
3937 6632 8257 4389 8756 9225 8773 8227 4930 4653 
7779 7247 6787 6639 1555 1701 7393 3488 3644 2473 
2483 9113 9201 8232 6491 7426 9365 6599 8337 3931 
7213 3743 5626 2151 2022 4327 1182 5873 9428 1944 
1845 6539 7738 9532 5462 3823 1336 1429 2797 4505 
5584 1668 1243 7518 8953 2901 8032 9194 9645 4479 
1404 2338 4641 7787 1316 8712 8076 4087 7141 7395 
2525 1882 4645 7622 6933 5692 7159 6073 3322 4711 
7446 3138 6089 1768 6698 9511 9223 7015 6087 8842 
6081 3734 7651 4040 2149 6745 9970 9925 9129 6096 
7545 6335 3969 5951 3298 3942 9098 5772 5953 5373 
1314 2674 6531 3810 8564 2264 6360 9828 5410 8984 
7919 1102 7381 8916 5451 8180 1097 7632 9507 8441 
9033 1484 8889 2203 6806 6485 4633 7439 8125 9729 
4962 5537 5422 3749 8490 2653 9015 5206 9734 9598 
9880 9891 4036 1531 7489 7674 9055 1163 4580 3783 
3928 9329 8278 2645 8457 8990 3921 1157 4384 4601 
5473 6520 7339 9454 1846 3956 7578 1747 3141 9218 
9853 6620 6834 2456 8479 9613 1933 3767 2307 2463 
3124 2284 3067 7770 9788 4455 9542 3907 1953 5642 
3846 9400 6171 7626 3951 5577 5646 6792 7152 8324 
6520 9820 5882 5179 6586 3793 6070 3637 2246 1963 
9076 8495 4112 5062 2054 9235 5254 2234 5097 1815 
4990 5068 2012 2391 9325 5553 7828 3952 5394 3290 
2895 3873 9239 8673 7645 7343 9917 9575 1194 2791 
1962 7250 1590 1504 3290 4525 2825 6905 6386 7942 
1527 8759 3792 4623 8035 6522 5943 9186 3396 6683 
4938 7411 1965 8116 3179 5767 2316 5616 6367 3798 
9390 9068 2626 2323 6730 3269 4937 3238 9316 5373 
4912 8706 5100 6329 8120 8861 3868 7751 5744 9519 
3031 8123 9243 4008 2958 1645 5176 4073 4549 3047 
9148 9963 8577 4669 3514 7650 7166 8865 6448 9868 
2344 3284 8308 5799 9596 2632 4537 9521 2707 9417 
5537 7942 3565 2613 3981 7595 2165 9793 8960 6968 
1829 7105 6479 1599 9527 9714 9709 9244 1990 4754 
7949 7876 6958 7936 5998 7685 2917 2636 6389 6960 
3654 1723 2609 2743 9227 1061 2611 7126 7447 9183 
1742 4938 9004 1981 3707 1953 1923 7908 1558 7428 
7847 7836 7098 5532 3320 9789 1832 1095 9866 3176 
6907 7880 8992 3725 7111 1774 3334 6121 5202 6924 
5684 6587 5274 9149 1882 5230 6476 2864 5228 9909 
3479 7853 3786 7900 5745 8816 4936 5246 8592 9818 
3750 3491 2663 1296 4518 9309 4943 9461 5567 6970 
1716 3661 2604 8893 1449 9115 3075 1086 7517 7943 
3940 9716 5720 1723 9941 5848 2264 8254 3317 1700 
9013 5203 4830 2978 9535 5771 1215 3277 4951 8846 
9704 2098 1697 6863 1796 5510 2834 6418 5463 1032 
5659 3340 4040 8810 9764 8795 7657 5194 4374 2725 
8615 5020 8398 4379 9381 6453 7938 4951 6045 7317 
3572 2006 1449 2930 7320 3298 6643 9920 8244 9097 
9392 5568 4234 6443 7323 5701 3866 7853 2375 2379 
9537 8336 6327 1431 6102 4993 7361 2468 8154 5822 
9639 5963 9447 8250 3967 3406 6557 4390 8137 5969 
2105 2267 8838 5386 6189 7913 8561 9723 3516 4274 
7798 4836 7574 5320 1263 4631 4575 2889 5341 2464 
7329 8100 3819 2958 3721 6634 7794 6616 3810 9030 
4870 8339 4436 1635 1400 2469 4350 1501 7899 4115 
7970 1118 7369 1022 5222 2339 7807 2841 5458 3683 
1106 3043 2320 9218 5652 9820 5190 9592 3403 1203 
1099 7441 5442 5248 3872 2753 1180 9412 1891 8522 
5093 6280 5363 9250 5979 1122 9147 1734 3185 7983 
6171 4523 1170 8096 9847 5794 3027 2118 1366 1065 
9539 9961 8020 8891 5534 7289 7328 3622 3147 1327 
8057 4467 4026 4212 2405 9964 6000 3587 4696 3292 
6056 6384 1503 6863 2447 3690 6944 5489 4455 8918 
9619 9029 8103 2311 2717 7182 1343 4642 4997 5033 
4199 9085 5702 5994 7566 7686 1869 9434 8658 3863 
8175 2157 3447 2546 1830 5429 4809 3212 9061 3047 
9573 6600 6909 7151 5049 2159 9406 6474 7171 9274 
3371 3613 7740 3429 1718 2330 7662 4814 9347 9501 
6538 5436 4387 4555 9737 1676 7675 5255 3093 1487 
5012 7765 5318 4365 4132 1026 5690 8315 1166 9285 
8517 9143 9430 9613 9719 7253 3788 1209 5795 1771 
7738 1128 3179 3295 1490 5268 9699 6594 5267 4329 
7774 8787 9701 7467 6733 2130 2058 4635 4625 8618 
2433 3486 3556 9849 4389 9065 7975 6507 8173 1568 
8302 8180 6748 4632 9930 8883 4596 6952 8443 9451 
7583 1140 3249 4814 5224 5466 4932 3348 9322 8543 
4954 4122 6474 5050 9906 4562 2498 2385 9462 1660 
1936 9031 6453 5641 5116 4776 7678 7031 5663 5314 
1575 2851 4014 2839 7111 8798 6431 6195 3228 2112 
9495 1472 5549 6654 3001 9304 5554 5790 2239 4560 
5691 8548 7151 2347 2524 2836 4711 4887 6046 5233 
4109 2425 9893 3841 2718 1639 6850 2146 8591 5396 
9372 3116 2640 3028 8164 4659 6316 7393 2696 6065 
8441 6699 7262 2668 6062 8559 1974 5457 4575 7606 
6214 2384 2729 8168 8265 1273 1918 3130 5861 4146 
7091 2206 2469 2157 4960 2232 3029 1376 9406 2932 
2196 7780 9319 9410 1768 4500 2450 2973 8756 2595 
9642 2484 2217 1303 5914 8778 9782 5453 5754 2992 
8910 8127 6560 6053 9639 1943 5018 8175 3364 3490 
1324 3865 9249 8805 8692 8314 1154 9847 8369 7212 
9464 9019 7541 5546 5347 9715 7659 7314 9093 9692 
8325 8490 1193 7733 2803 9066 9421 1201 7222 4987 
3604 6339 4485 6349 4814 7314 3790 5213 8655 3882 
8031 1449 9113 5210 5728 4511 3420 6074 2864 1503 
2899 8037 9938 1541 1935 3010 5024 9802 8777 8603 
2597 9703 8554 2905 7146 6546 4580 7934 7719 9512 
2712 5070 4153 4460 1636 8208 9761 5523 2986 1955 
2751 4109 6180 2210 7770 3272 5371 3278 6135 7534 
6553 5592 8025 1905 2849 6220 4109 5772 1001 8925 
2758 2310 5871 1927 5009 3969 2739 9292 5648 7735 
2628 3527 8805 6193 2817 4206 8459 2676 3614 8359 
7174 1741 8274 5694 9207 5743 4349 7076 1235 8836 
7412 2247 3053 9563 9396 1051 4359 6364 3426 9465 
3428 7615 6087 1132 1852 9739 7642 9089 1496 9223 
6000 6636 8487 9916 3231 4175 2952 7273 7978 9476 
1509 2399 6690 9264 9270 7980 5950 7677 5055 3858 
4396 4001 1502 6812 8255 5061 3690 6448 3632 4349 
4179 3294 8269 8973 3167 3737 3632 1853 8455 8910 
3718 7993 6516 8097 7740 8612 3860 2803 3374 3721 
8779 9026 1765 1240 3432 1642 9064 4471 2453 5772 
3182 4840 1358 8442 5003 7406 6957 5504 5349 7224 
5273 4000 6913 2906 7800 4354 6643 5609 6333 7417 
1299 7235 1428 6848 8272 5426 3647 4844 3260 7702 
5452 3243 2312 2719 3779 4530 5704 2061 2543 6442 
7918 1253 6608 5973 9074 5542 5593 4631 7148 1689 
5702 2611 3131 7847 1094 5725 7333 2318 8479 8676 
2007 4524 3700 8191 2549 6361 7646 7516 8474 2812 
9794 1256 7796 7092 4608 8334 4734 2410 3887 6142 
4533 4666 4927 2138 1414 2200 4256 5951 1169 8539 
2105 8246 4773 4591 4730 4858 9672 6024 9939 5803 
9343 3244 9496 9908 5411 1861 4589 5551 7228 4737 
2823 6817 2194 1871 3646 1009 8122 3844 8197 1585 
6066 2465 1724 8723 2263 6503 6065 2976 3785 2796 
9427 8479 3934 2672 7665 3525 3699 4060 6819 5573 
8948 8059 6183 4732 5081 1253 2047 6563 9553 1192 
5154 7062 6032 9290 7515 2107 2062 5609 9170 5093 
6061 6151 1720 3977 2932 2254 3287 5110 4577 2966 
5524 9388 4521 7896 7075 7946 6282 1081 9113 2444 
7746 5118 4067 2905 7195 2102 1862 6160 9809 9305 
7150 6625 1525 5918 2023 9990 7743 7693 3412 6571 
4403 6425 6643 5317 4175 1177 6300 2224 6904 8839 
1836 9097 5451 1638 7668 6233 1843 1181 6925 1062 
6676 8936 4350 6760 3348 7530 8473 9769 6052 5269 
1444 5859 3316 8638 4551 8312 2716 7396 9442 6080 
1623 8405 6333 2712 7388 7740 8239 7108 8519 7717 
2658 1513 8662 9621 2337 1735 7358 3604 1507 6987 
1965 5462 7212 9205 1161 1436 2318 7382 8804 9354 
9191 9968 4161 9482 1300 1136 9754 2149 1547 1248 
1290 2332 3359 1317 4164 3945 2051 5304 9994 2557 
5073 1782 5299 2053 2069 2959 2632 7789 1354 6020 
2209 7183 8133 1715 8266 1866 6036 5843 8701 7326 
3447 7507 1565 4111 7981 2484 1904 6631 2234 4140 
2755 2770 9331 2855 3283 8840 2759 1418 4391 9247 
7281 4067 2933 9543 6032 8666 6014 6582 7325 4490 
2352 6409 5717 4523 8882 8992 1161 1968 5549 1277 
3862 7657 2523 1921 2405 2561 3163 2324 3057 8642 
5180 7217 2540 5339 6963 6330 5344 5506 1480 4494 
9275 8144 3773 8612 7187 2394 7383 5119 6563 9079 
2619 7442 1694 7155 5964 5271 4263 6046 9122 9043 
6519 9571 2735 7454 3073 4342 3558 4019 9127 5738 
1140 5057 2711 4942 4180 5635 7547 9455 3241 3206 
1247 2642 4944 9321 9205 5265 1716 6337 2070 7945 
2981 6030 4138 3002 6435 8930 7446 8340 8426 6798 
3370 6930 9784 1406 9544 3707 7562 5638 2453 6789 
2277 9062 4125 8825 1548 8115 8816 6167 5594 5793 
7150 7943 9047 1313 8453 8271 9794 9647 3392 9282 
1602 5866 7368 8877 8916 6386 9213 3404 6694 7041 
5632 5874 6299 2730 9429 4403 6782 9708 9718 5420 
1234 7965 9201 6594 9392 1268 8947 5277 3224 2235 
3711 9331 1701 4769 9534 8126 2390 4714 1676 7023 
7045 3135 7307 5322 6140 7725 9708 5418 5822 1581 
7826 2435 8787 4026 8269 4496 8163 1013 8658 7349 
6741 2928 4412 3039 9105 1592 6681 2340 3301 4328 
9449 3778 9331 7658 6176 9365 3111 8761 1682 5265 
8093 3438 3519 7585 7108 3064 5956 8443 4109 2631 
8433 6287 4099 3145 3467 8981 7246 1074 5953 1814 
2764 3163 2528 4161 4150 3723 8896 3511 4726 1198 
9798 4686 1715 9171 9661 1470 8939 9668 9161 5830 
4194 9129 9863 1876 6360 3493 5054 5808 4891 6350 
6063 5840 4557 1582 6720 2094 2039 4235 5864 1589 
3990 5773 7911 4109 4032 8342 7015 1920 5338 9325 
4282 2717 2151 2660 9158 4932 7623 3064 8399 3404 
4390 6216 6050 7829 8601 7666 2392 4894 1383 6259 
1028 8910 7318 2863 9337 5826 9009 6217 8248 4617 
6007 5197 9409 3294 8122 9251 6910 3241 1396 7829 
9870 8949 1485 1304 6858 3871 6886 1015 3902 4645 
1226 9960 5431 5735 1971 8882 1066 8648 6389 5263 
7015 8375 3291 2374 3455 4807 4045 6270 6712 6556 
4425 7537 4976 8606 4678 6803 6107 4115 1760 8169 
5571 6370 6082 9579 6795 8733 5992 9677 7615 6598 
1945 5445 8651 4169 4397 9818 4389 5250 3636 6525 
2152 7977 4082 9205 8975 4523 6185 4354 1352 2073 
6728 9036 7558 3709 2977 6722 5861 3707 8925 5778 
9824 5408 2872 3410 2723 6082 9153 1907 9124 7353 
5873 8058 7158 1356 6476 9258 2799 7367 1331 8410 
5639 3361 9109 8576 9337 3934 8551 8171 2362 9581 
4634 8253 2855 3201 8532 8318 8772 6254 6919 3615 
1729 9663 5684 6626 4902 6186 8246 7524 3109 8267 
8754 5903 1238 6659 1395 7232 5922 9343 8101 7049 
6053 7606 9015 4315 9534 3907 5182 9646 4237 2896 
4306 9611 8096 1778 9342 7400 1238 1783 3881 9677 
8729 1307 5270 6440 1305 9464 9866 6664 8149 5929 
9893 1723 2801 3271 7911 4346 1534 8769 8931 1032 
5108 2540 2571 4283 7727 3255 6265 9440 2635 3752 
6743 6055 4372 9596 5178 8581 4367 4080 2313 1769 
7359 8156 7074 7050 8292 3477 2974 3874 5722 8386 
4282 2114 4802 3281 2700 3309 8441 7382 2409 9925 
6833 2699 7109 9010 9469 2142 2954 6964 2082 5172 
6739 7628 2723 3905 6585 4420 8120 4535 2900 4708 
6661 4823 4454 9093 8469 7688 4951 4678 7901 4771 
4404 4927 9489 1705 3710 5944 9458 8923 3960 6699 
5973 6431 7558 2842 4773 6376 5853 5355 6495 8475 
7528 8173 7282 4648 5785 2032 2728 1724 7775 7237 
9716 9288 9644 9062 6476 6595 8434 5696 8099 9293 
3475 4401 6068 5471 3221 4140 6332 8526 8049 1269 
7940 3072 3865 7622 5775 7075 9564 3637 3971 8226 
5170 5290 1747 9862 8664 8623 7199 5698 2460 4708 
2194 2982 2527 8881 6006 5903 4242 9631 5872 8236 
6813 9279 3538 3847 3506 3954 5791 9102 1809 4844 
9542 6517 1648 2001 4268 8663 5932 9737 2729 9051 
2415 2946 2246 9464 4594 3733 2274 8449 4702 5353 
9106 9281 9979 2191 9752 1038 7985 8588 8706 5724 
8596 4087 1569 6486 2683 7390 3928 4946 5594 8674 
6063 7005 5099 3663 7552 2543 8219 3736 6003 7480 
1738 5764 2055 2149 6509 4902 4033 9213 2846 6672 
1796 4260 8640 4962 8713 2945 4478 4995 8664 6075 
9337 4552 1229 5065 8260 1042 2167 3900 1871 5249 
9081 9568 1977 2448 9927 6507 8771 5516 1719 4348 
5202 7734 3261 8953 1004 6685 3427 7380 8422 6993 
2029 4275 8316 6612 7810 3674 9630 1026 4555 2834 
5566 6558 2333 8112 2844 7302 1212 9787 9889 3028 
7760 1348 4476 2299 1937 3735 3086 9539 8069 4935 
7903 9603 4947 8249 7629 7378 7925 6770 3021 5089 
4587 6052 1179 1262 4774 3129 4702 2693 6213 6455 
9077 3682 6458 5366 5436 7050 7782 5006 6701 1001 
2466 9230 7997 7012 7545 2241 8051 8338 7429 8262 
8790 4680 1607 3876 6910 1605 3567 3707 7514 8708 
7130 9025 9263 3026 8860 1083 8712 8212 8987 3321 
4538 7679 8334 1816 3852 6286 2827 7499 5993 1974 
3470 1528 9075 9330 1072 6153 9634 8674 3606 6960 
9163 3800 2881 2469 3486 1005 6003 4389 2585 3736 
3544 7938 4209 5820 9505 5510 9019 1304 9622 6803 
4783 5284 4333 7181 3092 4794 8715 4669 9889 8793 
4994 1697 6157 2410 3836 1759 1123 5791 7239 5330 
6895 1399 1194 1606 3267 1746 8892 6676 4736 7574 
9755 5552 3149 3428 5359 3992 7384 7386 7466 3554 
5652 6569 5617 4505 3788 2551 4552 7377 6179 4348 
5226 6086 7571 4983 8328 4523 7100 2258 7998 5242 
7736 1186 1918 7332 5865 9921 7945 5928 4292 5573 
7947 4250 8434 4648 6341 9493 3422 1376 7438 6851 
4752 9640 8931 3628 4759 4035 4119 6666 4712 1425 
6601 1312 6980 2082 6694 3978 5462 4974 9847 2986 
3388 8737 2742 7933 9575 7861 8286 7676 6203 9001 
3678 7011 8966 4760 1500 1287 9144 3354 5207 5366 
8338 4273 9454 3980 7733 8919 7743 6867 4242 2085 
7293 7642 9785 1304 4196 2098 9937 4745 6780 8224 
4889 6801 5609 6443 5152 5870 8480 8016 2353 6422 
2850 6647 2414 8939 6247 2251 6999 9827 7072 8260 
5063 2362 8881 3809 5897 5503 1163 9197 3494 5235 
1103 7769 6461 7473 2520 7581 4822 6712 3305 6699 
5786 3615 5369 2650 7870 9701 2363 6562 5581 7332 
1384 7358 8332 9701 1930 8625 8549 4337 6727 6343 
3979 4932 2251 6286 6374 1504 2212 6523 2764 6482 
1160 6106 6093 8855 9091 1546 6689 8364 8365 5750 
3849 6056 4894 9942 4526 4183 1622 2446 6816 9325 
6531 2308 6890 8510 5042 3649 1852 6648 1493 1942 
1337 8809 7451 8542 5931 5838 7585 7984 8486 8199 
5862 3177 7931 8072 2471 2126 3386 5935 2244 7459 
5923 9555 9903 8846 1791 2405 9322 7961 9929 1382 
2226 8908 8318 6182 8872 5986 2911 5874 8102 9162 
3007 8021 2960 4755 9112 3437 6771 4276 9693 8388 
2589 2685 7179 4854 3639 2941 2536 6393 1931 4700 
8756 3894 3028 2142 1004 6661 7513 9828 3013 6890 
2587 5117 4542 7267 4552 8397 6885 5999 4016 2948 
1500 1324 2433 2096 5506 5805 9679 6092 1209 3606 
8885 7152 2168 2324 2355 8459 3540 2127 4071 1032 
6240 8217 4025 9262 6936 6197 5596 2731 4018 8135 
7266 3941 5076 8686 8856 9065 4801 9743 3474 7849 
1573 4233 1011 1420 6629 8124 4427 1909 1241 5131 
1640 8681 7955 1616 1108 6699 3257 6131 6492 7799 
7020 2153 2338 7271 8792 9026 2768 4182 3066 1596 
2564 3250 6882 9504 2937 8182 3574 2357 8386 8544 
2294 2629 9053 6160 1299 3253 3088 8977 5355 4905 
1029 9238 1881 6321 4203 3479 7414 2240 2839 5971 
2736 2169 2093 2425 8446 4756 9504 1230 2817 3673 
8723 6788 8668 9292 9988 4392 6972 4862 9387 3622 
8538 9094 8418 1597 9145 2208 8871 7684 4859 1105 
3978 2152 5657 5881 9948 4841 9066 5044 1175 3826 
5389 2121 4600 7182 8288 3469 5765 1490 2517 2276 
9868 4445 6013 9597 4873 3486 9385 9235 9373 5151 
8629 7959 7579 3997 2650 2370 4219 2357 3081 2355 
3474 5048 5452 6716 7829 7931 4701 9428 2839 6948 
1986 8815 2517 6956 8331 6958 5008 7476 4631 8526 
8511 4621 8081 1822 4878 6653 4266 3184 8042 5449 
8874 2404 6655 5810 7271 6686 4519 2425 2469 9123 
7929 7513 9294 3523 8515 4617 8976 8003 7333 3580 
8367 2417 6821 6641 2408 5907 4600 6392 1269 7612 
8178 1605 6097 6952 2928 6216 4981 9173 1770 2174 
4621 5056 2815 5097 4596 2446 6515 2597 5549 1591 
9837 5226 8016 3587 1349 4717 3669 9718 1802 1663 
4203 2886 7101 2277 4021 9883 1080 2680 3334 9468 
5586 7406 1768 7991 7658 6540 1745 9955 9094 4560 
3839 8538 2067 9166 3826 9340 2352 2574 2928 4160 
6515 5292 5980 3176 6365 5847 4547 4335 8787 6278 
2728 1398 1478 4148 8527 2945 3558 8452 2431 9282 
9604 8815 1983 6573 5386 1027 3791 1801 1846 6287 
6551 9494 2630 5786 6598 6948 6536 2253 3706 2172 
8222 8675 1029 7172 2803 2203 1787 3192 5657 3668 
7838 1755 4542 9169 2064 9003 5594 8159 5272 4639 
1486 6955 6665 8000 9111 9183 6411 8741 5415 4930 
3840 2483 6239 5545 5621 3486 8890 3581 7875 3607 
2698 1904 6005 4823 9930 1526 3982 1782 3364 1375 
8976 2805 5298 1208 9265 2272 6213 8369 6518 3616 
7100 5697 8663 7970 6013 6698 5064 5398 3751 6427 
8812 1306 8029 3136 8479 7048 9476 8154 9117 6179 
5539 7401 2306 5093 6691 3908 5508 9981 3544 4127 
1240 5021 3797 5247 9628 7269 9329 3422 5519 3030 
2095 2538 9990 8975 6025 1516 8776 8724 2219 6944 
8000 3931 4211 6128 2219 9862 4635 1914 6138 1188 
6013 5770 6914 9869 1778 3267 3334 1126 3341 8608 
7355 1097 4041 6883 5938 6080 9576 2342 5954 9071 
2635 3761 3981 3911 3168 7115 3640 3847 4098 1651 
2049 5205 6046 4798 1343 9722 3182 1454 2562 7100 
6480 2281 8133 9472 7708 4836 4557 3260 3876 4400 
1259 9522 3299 8652 1165 7714 3118 4712 4040 1508 
1842 1975 9356 7684 2725 7437 9725 4467 7395 6119 
5951 5164 8725 4959 7941 2556 8762 2849 3480 4061 
7860 8289 5763 4133 2185 3732 4469 2709 6603 5770 
5837 5975 5598 3573 9126 5185 2843 5812 6106 1779 
2085 4017 5388 7039 5860 6476 9780 2506 4209 7194 
6135 4109 6564 1019 3469 8178 5743 2045 9116 1813 
3399 9665 6275 2060 5011 2949 9025 1873 6175 6009 
1812 2784 2996 6765 5854 6391 3413 7937 1945 1451 
3103 5918 8068 1979 8810 7547 4512 2506 9225 8744 
4322 3038 2505 9751 2076 9185 7870 2498 1245 6155 
1165 3092 5371 5925 7775 3672 7343 8206 4816 5287 
1088 2514 3070 4779 7483 2529 6293 3009 4867 7454 
4540 4171 7778 8528 9773 2974 9590 5537 4287 7242 
3396 4785 3686 7311 5090 5652 2272 1268 9177 2006 
5154 3306 5650 4114 2012 9784 5976 5426 6764 2317 
2642 2918 7067 8333 8371 9403 6715 7430 6093 7591 
4909 7231 4952 8397 2902 4765 6396 3205 9521 1746 
6390 6015 6733 3644 7307 9377 2012 2376 4904 4502 
3944 5983 2135 7161 8071 9209 8569 5317 8138 2317 
5579 7662 4417 8524 7707 7634 6364 7830 2452 6979 
1442 8643 6110 3009 9735 9416 4773 8287 7470 2659 
4300 6522 2314 1228 8254 6000 5586 5297 6822 5277 
4383 2258 5321 6211 3697 4706 5635 2842 7340 3073 
9868 6221 6392 3973 7054 1306 2806 5643 7704 8038 
5579 4401 4308 8098 2644 9779 8922 2896 6465 5894 
7574 2238 6848 6154 3234 8386 8700 1283 8409 2675 
7109 4787 1662 5388 7386 9685 2783 6426 7116 9600 
7181 4482 8292 6081 4752 9423 9190 2588 9412 5735 
6685 5341 4870 2730 4792 6332 4558 9958 4534 6184 
8206 6285 2023 8759 3889 8063 6694 9487 2367 7790 
7261 9389 5680 1589 6099 3956 3276 7588 6702 3016 
7713 7236 7499 6818 8384 8539 2956 3450 1642 3042 
9154 5815 7531 7710 9369 9223 5288 1889 6377 4646 
3492 2982 7931 8506 7094 1760 9664 8881 7157 2066 
4237 3565 6994 5998 5820 3576 7415 2242 9702 4888 
4655 1335 8606 2715 7749 3716 8985 7604 3744 9039 
4076 3583 8398 2380 1690 5961 3261 7461 4163 2060 
6557 8099 9627 4913 1358 5850 1607 2784 9060 6910 
2026 6787 3592 5510 2631 8474 4885 1833 4769 5432 
4297 2539 1082 1362 3784 6342 9209 3172 6375 6768 
5182 1752 4274 3529 9486 7709 6457 6536 3876 8397 
6205 7155 8881 8292 3622 6999 4017 6408 2911 2975 
3955 4885 7210 4231 4238 9104 5697 8818 1342 6726 
8371 2447 4043 5335 1590 9448 6225 6390 7618 4625 
8050 3172 8546 1124 3274 5574 9193 3904 6195 4855 
9419 5225 2427 2571 4043 8079 4500 6303 5516 4911 
1016 9418 2010 3032 9431 2227 4800 3512 5491 2608 
4916 9500 4309 7140 7690 5821 5989 6668 2854 6872 
5097 8812 2457 4780 4034 8176 1319 1885 1439 7664 
2860 2678 9177 4533 5475 4131 5872 2629 7165 5624 
8284 1896 1670 8132 9372 3898 3444 7082 1214 5735 
7395 4479 1155 1992 7612 5657 3490 6054 4571 5362 
8257 2505 5044 4439 9081 8194 9790 7858 6194 1678 
5288 6903 8474 4707 8185 8372 2346 6126 3448 7913 
7600 7354 5128 7137 6384 3588 6132 8660 6677 8661 
1492 2149 4034 5156 9918 5364 7531 7269 6937 9622 
2480 6768 7607 4527 4836 6587 3701 3720 2170 9319 
8063 3049 7872 9353 1803 3304 9922 2162 3661 6112 
5884 4054 3034 5364 1658 5078 1693 6598 8280 6045 
4320 7280 9509 1215 6344 2798 8307 5264 4643 6331 
1048 8145 2850 4191 8211 3262 8425 7001 7896 2672 
2477 4917 4206 7902 4997 5921 4357 3064 9819 7578 
1324 2334 7036 8561 1688 9643 3097 2944 4563 4394 
8381 8059 6465 2508 4226 2349 9301 7392 2037 6433 
2448 6711 9915 5695 1647 6684 4564 5809 8259 5181 
6924 6125 8809 5199 1481 9664 1694 7080 5793 5958 
3383 8570 1594 6216 2407 9045 7511 1340 8086 4704 
4023 3929 4500 7978 7842 9008 8423 1166 1447 9630 
5807 1179 8030 1062 9995 6734 3128 3173 1428 1463 
8915 8789 8308 3452 1868 7377 7640 4383 2603 5916 
9972 1843 5308 1463 5441 9703 1709 9482 2557 3969 
4849 2282 3512 9052 5804 8036 7120 1454 7577 5465 
8559 6191 6635 2966 4999 8961 6019 4565 1757 2281 
6128 1923 6420 1833 2050 5516 4323 5491 1181 8528 
1798 5542 8825 5882 5300 2227 1349 5851 7785 4934 
3956 9270 5719 2495 2329 4282 1728 5224 8135 4387 
2936 6911 9721 8893 8073 3999 1372 3730 1265 8739 
5934 3159 2964 3848 1208 3445 3046 2816 1313 4573 
4720 8888 1556 6488 7475 4361 9468 4788 4394 9635 
9320 2562 6237 1956 9991 2268 2786 2688 7873 2608 
6237 9226 1548 4484 9074 6270 3893 7577 2080 4836 
7410 7543 5533 1256 9038 4465 6482 8209 4340 4383 
5186 4924 2419 8864 4604 9587 5317 5241 1799 7747 
2588 4223 9073 7732 4219 3616 2953 2392 3271 8352 
3874 2818 7612 8870 7421 5099 2199 1399 3210 5509 
1943 6529 9077 5320 3444 3269 2749 4131 5598 3118 
8822 3785 1573 9007 6360 9203 2105 8421 7146 2038 
7786 4800 7525 6702 2853 3158 4725 7438 4214 8010 
4223 3248 8648 9556 3320 2622 1195 7758 9182 6190 
9413 3929 8570 4755 3335 2736 9384 2426 6916 7559 
3620 4858 9411 1494 9094 2512 3410 9686 2540 9248 
8856 8600 6881 9787 9633 5320 4201 1996 2971 9520 
3682 7988 6351 9539 9878 6215 8027 9208 7129 8968 
4800 7035 2505 9475 3864 9737 5463 5521 2269 4156 
2458 7371 5467 7735 2011 3035 7045 7328 5840 8883 
2930 2960 4644 8890 5444 1788 2228 8639 6200 4906 
5376 4563 8520 2235 1010 5106 1966 3535 7972 5662 
7660 3706 8345 5975 6129 5650 4893 8241 1543 5834 
9734 8810 5470 1869 1139 5305 4254 5945 3696 8660 
4400 3288 6244 9819 1523 7180 5457 1477 4151 2282 
9583 1992 6096 5990 2046 9886 6663 5833 7927 9178 
7287 3227 5683 1100 2584 5356 9765 3700 6743 7527 
6087 3658 9443 1414 6831 5369 3019 5017 1307 2675 
2071 2650 9866 2509 1350 5972 7336 3961 8980 7851 
3523 7588 6031 8384 8026 5674 9597 8277 2579 3213 
3882 3920 5133 5490 2432 7080 4455 9616 4120 2596 
5088 8818 6042 6603 9139 5807 3907 8541 3672 5729 
4768 1468 5385 6978 8032 2556 9447 1237 7107 5573 
5897 9809 2041 1017 5883 2868 7285 4962 7734 2823 
3376 6640 4684 7931 2301 7073 3132 5925 2798 4739 
9997 6703 1220 6614 8861 6780 4367 6606 4064 5330 
4393 3128 3652 8263 2669 5349 4147 4970 5378 3639 
1297 9053 7231 6241 6689 9653 1129 9569 8902 8291 
6659 2688 6174 2925 4740 6154 9540 4474 4672 7096 
8205 3019 1274 8319 9329 4011 3427 6795 9582 7296 
5596 7440 6608 5651 4625 2103 5239 8419 1979 2914 
8784 7695 4636 3423 4173 6124 4491 2151 9761 8768 
1494 5187 1868 9647 9039 9572 3441 5348 9073 9397 
5399 6551 1385 3798 2502 5903 2424 6184 7106 9517 
5107 1821 1951 1257 3925 7299 1680 9936 7186 7150 
4238 9874 3346 7937 8396 8888 2164 6312 1976 8541 
7596 6393 6361 2162 9660 8720 3288 3607 1019 5800 
9726 4865 3909 6009 9896 1297 2039 8506 6044 1999 
4595 2737 3309 6873 9149 6094 4832 8402 8115 4360 
5677 6591 6892 7531 4518 7888 6194 6987 6678 8001 
6515 3492 9383 1765 5469 8923 5809 7404 8663 6295 
3071 7588 8269 4248 5863 9394 4345 1875 5501 7743 
2009 8917 5314 4344 8295 8168 9692 7452 2499 1562 
5488 5576 4051 7649 3317 8126 8484 8367 3162 5076 
5778 3910 3385 7981 7096 5888 5609 5793 5639 7392 
3000 9773 4136 9760 3317 5803 2079 8596 1024 6478 
5742 1899 6430 9803 8290 2209 2498 1461 3796 3935 
4828 2110 8969 3362 6636 6021 8616 2606 4229 3822 
9573 1957 8772 7559 6629 1075 2989 4579 8356 4742 
2941 7099 7793 3809 9506 6216 6057 3906 4590 8270 
3054 1079 8097 6720 3617 8770 8605 2404 9924 4462 
2938 9318 1916 4605 9335 3547 1918 4801 1967 2233 
1925 1612 5044 8030 1627 4801 7070 7605 6340 3243 
6251 2970 5747 6165 6314 4819 9714 3612 7145 7435 
5336 8502 7625 7296 3659 8467 9308 7474 3063 9094 
1558 2475 2855 6052 8927 1075 5268 9080 2964 7050 
6627 7432 8661 5377 9941 4901 6824 4987 3569 1418 
8231 5892 6179 9220 6957 1339 3908 4697 2348 8651 
6015 6877 7447 8569 5729 4537 7052 6067 8687 2010 
6520 2441 3180 2108 1956 1150 1252 3812 5184 1963 
6993 1434 7633 1421 2994 2518 8901 4387 4784 4039 
6388 8820 4144 4127 4210 5258 4785 1032 7414 1017 
3175 8254 1267 1568 9419 3225 1341 3759 6446 4438 
4432 3197 3547 1938 1655 9145 7701 7461 6147 2560 
5096 3391 1840 4599 8437 2695 3427 6952 1075 2516 
8113 7226 9555 4955 6496 1893 8757 6421 5143 2421 
5859 4610 5583 5083 4414 6787 9260 8715 9731 6703 
6512 6803 3939 1970 4230 2749 5982 2954 9526 3864 
7446 4956 7866 1296 5238 7219 4764 5830 5186 5367 
4300 5780 9968 7457 7512 3359 2385 9167 2162 4699 
3587 5198 1996 1251 8917 7848 1943 2828 1398 5358 
1882 6151 8522 7523 3091 5167 7758 6904 6145 6627 
9188 5186 5352 9839 9486 3047 3976 7798 7767 5529 
3691 9101 7498 6848 6850 6858 3542 3680 2952 9447 
2008 6439 5025 4298 5270 3317 3086 2863 8728 8972 
7391 1058 3713 8128 1089 1611 8963 1738 1931 4767 
8925 1565 5933 2173 5596 5211 8837 3139 5019 8689 
1888 2212 6743 6028 3652 7060 1759 9682 5952 8931 
6097 8945 3613 7953 8969 5065 6305 3462 7707 9468 
7712 2201 6471 9036 5138 5465 2372 5788 6191 1809 
8636 5897 1622 2733 6681 2874 6168 2105 6020 9960 
7036 9126 9120 9015 2611 9398 2030 5417 3144 6653 
6458 8425 5973 5568 7903 9551 3214 6015 8109 9641 
8665 9100 9524 3068 7544 5295 2855 8961 4593 8346 
6465 7512 5424 9573 7229 8349 3471 9270 7600 4534 
1817 8515 7463 4291 9561 8606 9971 5805 1291 2209 
8653 1470 6480 5996 7761 4619 2844 6168 6146 1596 
7644 5694 5384 8467 1252 5534 9638 2336 9653 4988 
8255 7577 7125 2296 5781 7494 9920 3527 1806 7872 
9187 2027 9025 3645 7086 1313 5522 6228 5043 1823 
2509 7415 4110 1473 4459 5384 2223 6659 2662 7707 
7690 8708 4972 6805 4305 8117 5690 1735 1611 2877 
4445 2450 7505 9916 9443 6879 4866 4945 5640 2578 
3999 9857 8759 4475 5127 8556 5616 1011 8200 5004 
2738 8644 8230 6776 1290 7726 6631 7002 4506 1751 
8029 1365 7976 2154 4832 3620 4679 6451 8365 7669 
9262 6001 7656 4159 3122 9016 8946 4630 6661 1704 
7442 2395 7636 7096 5397 6469 6820 3971 1589 6981 
2581 7832 9042 4637 3293 3875 7506 5967 2486 8925 
9683 6153 7861 2409 5720 3186 2940 5452 6169 7565 
5426 7630 2794 8485 9459 1533 2673 1949 9463 9121 
2839 8054 9529 7083 1155 7789 2985 5950 3455 5359 
7355 2464 8414 6934 9652 9735 5805 5364 1473 7536 
2580 1417 2357 7507 6840 4845 4263 4300 3866 9982 
3763 4009 1567 7054 6132 7195 9348 2263 5143 1259 
8707 3185 3536 7355 7826 3374 8996 7167 3343 5298 
5470 5862 8006 7051 9395 7102 6962 4532 5113 3657 
1540 8677 8271 1108 9220 4089 4757 2242 2710 4353 
9175 7317 7344 6747 5734 7911 9599 8732 7856 2329 
9343 8012 4705 8258 4677 9262 6753 6721 4505 9851 
5518 1992 5025 5512 6805 3227 3603 1932 7508 8911 
4657 3467 2517 7104 9529 8388 8872 5456 1391 8708 
3964 8113 4919 4215 6992 9746 2126 6300 2253 6114 
2514 2240 6269 6588 4717 3235 8623 4744 2607 1140 
9278 8518 7961 9056 5555 1038 4064 2653 7788 9404 
9343 3281 1636 9713 3833 2552 9893 4043 5319 8261 
7341 5362 2399 2778 9083 5409 4304 3580 3579 3398 
6791 3339 9342 1644 6376 1413 9296 9713 8460 7774 
3199 2567 6663 2554 8094 9323 9030 7956 7683 5003 
2264 2674 6383 1426 7034 9111 3580 7160 3865 3766 
2134 9280 8259 9875 9790 1115 1535 1418 1518 3982 
4565 1117 1162 5399 8808 6662 8965 7179 3476 3633 
9408 8496 9165 7447 1886 7189 7732 8531 2570 5859 
5210 6696 6141 7182 4683 1144 4781 3797 5124 2761 
9229 2081 3170 6243 9088 9652 4843 5779 9664 4073 
1447 4155 9732 8755 7139 8343 3192 4083 7056 3555 
2365 7194 8948 4030 9389 1840 5117 5278 3837 8711 
9405 5172 5134 2880 2826 6701 1450 1741 8956 1549 
7076 7194 8518 4993 6862 2845 3242 4583 6403 7461 
9227 7947 5407 6501 6051 2691 7299 4042 2417 9566 
5266 3498 3324 9639 2003 1216 8874 3034 9735 2368 
3239 6102 4909 8289 2133 5301 6181 7385 6662 7413 
4355 6922 4918 9474 9642 3063 3191 5542 8104 1430 
3984 4796 9352 6111 8272 5015 2762 6265 1839 4658 
1032 2152 3415 1087 1772 1910 9102 7692 4009 8935 
9272 9569 2783 1598 1936 2082 1403 1052 3950 1701 
6052 4990 2758 7814 4983 6027 9283 5907 6868 8055 
7940 6231 6742 1491 8668 8502 4040 6471 9283 7689 
4459 1586 4874 2187 1995 7301 6296 3816 7649 6558 
6110 6957 9357 3849 7236 2122 2109 2993 2768 8381 
6848 1128 2790 5341 4117 9628 7472 7923 1413 6326 
2030 5727 3193 5016 4998 5017 1739 7717 6489 5374 
4986 5739 5415 7088 1597 1942 3154 6259 3304 6978 
9821 3443 8536 1302 5548 1673 5241 6064 1043 8127 
4871 3515 3481 6955 1941 4293 1125 2816 9674 2028 
2843 4618 6277 8895 1764 3245 7510 9994 6274 5844 
6159 1348 5543 7169 4124 9701 4782 8030 3598 5078 
7969 7252 6685 1776 9893 7282 5035 1531 2019 8502 
1548 5016 5067 5981 8416 2702 2882 7253 8669 8464 
1792 3035 8653 6554 2113 5136 8761 7839 5040 6624 
8376 6329 3469 5866 4688 4635 3875 4408 9732 1229 
9600 5610 1425 1312 9623 7026 4051 6922 6905 9491 
9820 6745 8873 9999 9440 1503 4461 8859 3812 9082 
1166 3839 1748 9987 6590 2271 4180 5802 5294 5178 
8188 2809 3004 3326 6630 8544 3223 4318 7611 8014 
6309 3674 8153 5346 8313 4376 7864 5376 5614 2566 
5848 1220 8757 7818 8296 8454 8541 3848 5516 3251 
8583 4089 2613 8641 3454 1341 9951 1602 5167 1556 
6033 7558 8030 2635 9062 7865 5094 2255 9730 8738 
9661 2443 8834 1843 8192 3234 3723 8239 5325 8235 
4095 2192 7895 2679 4369 9435 5360 8551 1013 9534 
7519 6543 5231 6521 6965 6997 7195 7554 7099 4558 
8831 8284 1039 1534 4254 9298 4255 2346 8658 8649 
4516 5067 3131 4975 1018 4861 5788 9414 1923 3869 
2454 3976 3029 8256 4184 3785 5093 2342 8661 1566 
2839 6496 3621 3039 1097 1416 7112 4490 6231 2544 
3185 4382 3146 2576 6283 3686 3786 3759 2123 5369 
6284 3337 2677 9752 6413 6768 3866 8283 2718 7062 
8667 7789 7290 8774 9398 7359 1724 7001 1258 1661 
3707 3879 4578 6983 1931 5860 1863 1198 7429 6537 
2520 9152 5767 5432 1211 6732 3639 3547 7483 1814 
9659 3778 7500 2777 8551 9074 6514 8516 5401 5982 
1444 6739 2987 1478 3252 8983 9039 4503 9417 2858 
4697 9065 6316 8093 3040 1298 7896 7490 1212 9007 
7369 5429 5531 1793 1804 9395 5040 8861 6965 7276 
4254 1146 6066 3284 3592 5107 7138 6319 4252 1806 
3293 9912 3862 1738 8634 9306 8856 1898 6214 5941 
5414 2708 1893 5858 1760 5338 8208 4719 5221 9130 
3749 9581 8964 4566 3806 6224 6944 6130 8217 3454 
3458 2679 8893 1344 6023 3537 2604 3607 6755 5272 
4503 3958 9666 6164 5181 2883 2988 8377 6463 8324 
5399 5945 3639 9051 5535 9078 3554 3098 5816 7841 
1718 6763 9148 9949 1205 3711 1995 1084 8183 7833 
3052 2713 7552 8835 5757 7672 9848 2869 3525 6563 
2045 6252 9814 4523 9819 8367 1010 1064 1253 8858 
5374 2375 2299 7671 5219 5065 5736 2027 5614 3761 
5424 2397 1974 5413 7533 3465 3874 4933 9723 3631 
9867 9512 7992 3796 1240 7787 7653 4493 7977 5292 
6913 3334 9192 6107 3741 2660 1355 3550 9936 4691 
6003 5962 2392 2727 4399 4227 1485 4155 1882 4501 
9525 5185 8734 9733 5994 7011 3127 4262 4926 4530 
4051 6711 6106 1244 4284 6813 5068 8279 5956 3552 
5766 8985 3375 1491 6599 9787 1464 9810 7474 8414 
9838 7635 8486 4065 8276 9550 7665 1662 6093 9101 
1194 6242 8103 5819 8174 9275 2780 4342 8328 5960 
8266 5292 5731 7421 4552 1522 4287 5792 5229 4073 
3620 8822 1567 5850 8645 8065 9667 9165 7787 4134 
1825 8683 6128 6951 7081 9327 9874 5561 5279 9688 
6848 7784 5722 3795 5444 9429 9751 6414 6505 7682 
2520 5769 3287 4607 9671 1321 4364 9545 1061 7368 
3739 3903 6374 5662 6644 6278 6593 1647 2355 2013 
3601 7085 6547 2478 7616 1780 7968 6596 9878 8355 
4563 5404 8710 6425 4386 7969 2773 8709 2403 9996 
5955 7202 5675 1892 8598 5493 4705 4153 2241 4159 
3245 1407 5427 2440 1654 7865 2351 9623 2394 9874 
9292 9061 4958 7656 6127 6860 5047 5008 9987 8657 
3310 6919 4668 3167 9865 7106 6008 2538 3140 2275 
5909 4434 3621 6883 8783 2770 5819 5759 7313 1530 
4901 4361 9503 1016 6506 9814 8819 6910 3771 1577 
5262 5256 3793 3608 4860 8221 3680 5165 2930 6666 
5187 9998 1326 5848 5337 6550 6435 6946 9352 4254 
1571 9568 8632 3759 1689 2299 1716 7157 9795 4083 
9931 6287 6386 6445 3057 7202 3929 7730 9995 7331 
5826 3210 4341 3225 3313 2961 1023 4857 4170 9440 
5945 9867 5773 4082 4953 4212 3568 6044 2472 1217 
2952 2997 2958 6064 8415 1555 5963 2707 8670 8147 
4481 7639 6832 7437 7304 3244 4485 7217 1027 8909 
8850 5919 2289 9954 2886 7227 9874 5004 9652 4270 
2919 7965 4727 2825 6107 6889 6850 8131 8190 3273 
7787 4094 4925 4272 9401 4744 4068 1951 8548 1051 
3683 8994 7764 7652 5641 8752 6026 5719 2259 4561 
5841 4673 4058 8919 2177 9481 4694 6937 9145 9658 
9613 9993 9495 6097 6267 4018 6342 9389 3863 6061 
2863 2954 3460 8129 2404 4507 7248 1591 6828 6859 
5547 9651 5959 9855 6726 1520 8763 1357 7646 4606 
4667 4748 6300 5903 6550 4146 5930 4181 1949 6883 
5799 9862 2659 7659 5288 4342 3220 6464 5563 3924 
9437 3207 3356 1452 1871 6123 8273 3027 5548 3470 
9019 7309 1120 2006 2432 2661 6073 4792 5211 7563 
4273 6483 2411 3245 5625 9044 9264 7095 7542 8076 
6491 5271 3566 1850 3842 8972 2859 7636 6097 9828 
5572 9794 2972 1280 6556 1783 9173 7418 3365 2780 
7316 3226 3053 1717 4660 9018 5587 4088 5838 5368 
9723 7171 6569 2403 4423 8581 2760 6021 1210 3650 
4129 4245 9529 2315 3210 1803 4886 8239 3769 1824 
1625 9962 2350 4912 6218 5943 6849 9141 4679 2853 
8028 1663 6408 5287 9997 5006 8619 5043 4514 6867 
2267 5008 2048 1202 4454 9656 2148 6561 6000 2244 
8279 1013 4429 1730 2943 9408 1143 4098 5908 9586 
3250 5225 5642 5968 2285 7372 4514 4295 1063 1221 
2195 7318 6797 4869 1038 8323 2804 3646 4509 1444 
6747 1587 4211 9495 6536 4694 6222 3207 4402 5672 
3356 9363 4962 5326 4146 4522 4115 2222 5384 3439 
2790 5683 5849 2976 3041 7767 1804 8653 5536 5242 
5008 1798 8222 8607 1927 4933 9307 9323 1786 7599 
8004 9471 5805 2256 6804 6204 7138 3046 5047 4611 
3950 2880 7518 7124 6923 4253 9799 9771 2019 9830 
4877 4901 4258 8779 5944 4308 1338 6710 6429 2587 
1035 2442 3209 8447 6491 2740 6090 5092 9421 2972 
2669 4907 6249 7306 4363 5710 5490 4001 3273 5552 
4678 5330 8787 3826 2379 3492 9729 2060 4380 4583 
9901 5208 3943 2836 1602 9766 3703 2702 1396 5409 
2419 4580 8871 4040 7129 9205 6398 9274 5635 9707 
6766 9575 3156 5173 1378 9307 4287 8561 5276 6654 
8927 6466 1116 9393 4600 1561 6837 3686 1563 2408 
1186 4207 5903 5070 8435 9812 5324 7564 2613 1243 
1330 7956 7954 1372 7655 2244 4506 8781 2148 2776 
2547 4639 1621 4515 9560 7011 4195 7597 9166 2055 
6028 2910 4380 5216 9516 6641 6631 1792 1569 7437 
2168 6531 1369 2493 5864 3915 8769 3180 2977 6749 
7026 9300 4530 6869 2504 2960 5932 1692 2117 4589 
6917 7751 8703 4385 4857 2213 8600 7677 5715 2366 
9594 6509 4425 4126 2640 8310 7127 5380 4450 9986 
7233 2592 4189 5689 6117 4897 2584 9493 3374 9488 
3707 4664 3507 1764 6565 2182 8084 6775 1034 6837 
3793 4321 9318 5815 7350 4589 5381 9850 6217 9760 
2414 2901 7243 6469 7965 7440 6459 8048 6597 6017 
9592 3408 1930 4803 8517 9851 4963 4419 3226 6233 
2051 8776 1640 2673 5981 2134 5550 1958 7080 5784 
4874 2526 7471 7193 8422 9135 5489 4630 7833 3167 
2741 7397 2795 7756 6346 8103 3070 2308 6299 3973 
4429 8406 3781 9752 9938 6199 5563 4410 6553 1804 
4956 8856 7164 9726 5535 9078 7144 7626 6671 7133 
3923 3919 7275 5147 8017 8586 5933 8585 4001 4355 
8733 4103 2762 3541 3764 8257 1860 7244 1087 2619 
2855 7198 4258 8720 7999 9686 4589 9893 6237 3883 
9605 2464 8406 2931 7639 1166 8890 7885 9172 7659 
3012 3150 1648 3818 9182 4693 5588 2342 4782 4277 
1862 4668 8030 7724 4494 3695 5144 1429 3105 4484 
6458 9381 7645 1842 5604 5850 6216 4816 4557 8135 
8413 8613 3956 5081 7045 1609 5654 9825 8623 6991 
9050 1568 9116 9993 7784 1540 5807 4560 7227 2058 
9861 8032 4700 2520 5313 5810 3787 9834 8497 7149 
4281 5322 8799 4839 7323 4109 9385 3034 1112 8981 
9399 9909 2643 2219 1132 7364 9021 3513 9985 3656 
1507 5193 5897 4478 9521 3076 5382 8376 8591 3626 
8381 5096 8328 5080 8930 9935 3740 5682 3899 3232 
4201 9436 6426 3943 6069 2720 1939 6567 5683 4619 
5811 4698 9471 6650 9131 4058 7486 6116 5060 2115 
7392 3210 5535 7913 1596 7669 4077 2565 8576 6427 
7802 2261 5704 9733 6268 5331 8304 5995 9046 2654 
9479 5819 5829 5515 4403 3734 2627 5483 9980 6416 
5421 4880 5322 6945 4034 4003 9308 9465 6418 1753 
1404 9361 8734 7679 3381 4230 9131 1371 3140 3276 
8416 9200 4883 4788 6710 1628 5669 4746 2690 3779 
3585 6215 5968 8035 7519 5421 1116 8366 2058 1404 
3783 4928 9082 2787 4612 5555 8444 7011 6695 8011 
3200 3448 6433 9365 3269 9498 6494 8505 6765 5922 
7458 2591 9217 1862 1195 1764 8630 1667 2327 2520 
9941 1526 8239 7702 5841 3633 2093 8901 6926 4614 
2483 5596 1097 8158 5633 8433 9461 2455 6934 6097 
4690 5221 8882 1018 3231 6893 7091 8084 7420 4874 
1468 6275 9702 6225 3395 6260 9822 7122 2669 2050 
6358 4042 8534 1453 7166 4115 9911 6429 8315 4651 
8441 9371 8882 4324 3492 4009 6839 7921 6972 8653 
7586 6962 5603 6343 9401 1951 2393 5074 9777 3993 
1006 7259 8895 2628 1674 1811 1405 9243 3658 3310 
7431 1347 2863 6051 9707 8952 6453 3396 3589 1912 
5569 3790 7668 9913 4406 5868 2135 7558 8096 5123 
9455 9738 1521 4400 3283 4707 7787 3805 1340 3224 
1555 1449 4885 6853 4953 6611 8170 6459 3472 2147 
8443 2555 7405 7048 2199 6376 3510 9465 8788 6223 
4257 8185 9226 3259 7717 6306 7946 2076 4127 5148 
3128 3997 7857 1183 7942 1677 1223 4900 8180 1727 
5495 3042 4817 1194 4710 7441 4101 9549 1707 9686 
8451 5489 6326 6322 3424 4643 1662 3097 7047 5713 
7425 5589 1404 8602 9142 3808 8804 3319 1044 4778 
8017 2020 3847 5866 4230 7704 4316 6929 2791 8553 
6799 7249 3456 1036 6006 2699 2865 7590 7286 6206 
2278 4570 8007 8084 6819 5220 6678 9468 9962 7848 
7578 6211 2475 6291 8594 9970 7117 6473 2990 5243 
4733 5621 5679 1855 9569 7443 9508 2950 4681 4280 
5709 6186 3827 4261 6823 5301 2118 4939 1366 3749 
3163 5341 3189 5415 5427 5302 9224 7677 4180 2391 
3498 6367 9257 9804 7000 9776 8025 1341 6090 6165 
6572 2490 7965 9564 3090 4454 8498 6956 5147 3703 
8080 7326 8824 3139 9115 2140 7623 4437 6855 2888 
7180 4901 1161 3590 8370 9174 1172 9797 2946 6610 
5389 7959 4463 5158 4758 7234 6430 2327 3817 3335 
3999 3229 6428 7367 2307 3312 3958 3123 8121 6585 
8908 7734 1879 3647 4253 1821 3947 6778 3626 4815 
6629 8731 7413 5955 6910 2367 6309 7940 3382 5273 
5982 6700 9137 6245 1023 9595 3034 5111 6015 9629 
6515 7851 1462 9349 1375 9142 5781 4897 2229 8998 
6891 4031 6676 3860 7170 4790 9994 4822 5689 4781 
9967 7610 7326 5087 2634 4313 3619 8539 3470 4394 
6557 8514 1241 1007 3103 4608 2117 5298 6452 1993 
6886 1062 6696 5204 6904 3254 6601 4993 2226 5957 
6929 9892 6022 8919 6571 4855 1247 9152 4847 6111 
8653 8795 4862 7026 2505 1405 2064 9062 8967 1137 
4701 9502 9858 6107 6299 2999 7726 4255 9111 3851 
6241 6079 5659 3194 6955 7604 7215 9248 5215 3973 
1193 1046 6707 8613 7550 2530 1527 7527 3610 9295 
5331 3919 1567 9473 4598 8444 7282 1841 2171 1884 
4597 2121 8009 7573 6846 8379 2470 3920 1528 3644 
8148 3116 3701 6267 6198 2469 2074 1742 8222 3067 
6308 1331 8528 5254 7144 9698 6892 9149 8280 9830 
7608 6670 3532 2603 6684 1736 8054 4374 1569 2700 
8758 9622 9142 3033 5230 1940 8991 5532 4656 2339 
4042 1237 4835 9192 6340 8497 7492 2691 8368 7995 
8008 6029 7101 4113 4241 8453 3526 2342 2097 7135 
7786 1687 5462 1184 9119 1290 2539 9927 8043 9891 
2653 5371 6878 9453 3233 3271 3144 4904 4449 8709 
7897 7877 8035 9068 8627 7416 9675 6473 7913 9693 
3353 8418 2787 2396 4239 2128 2892 2180 6894 1360 
7790 3971 9086 3344 7826 6452 6577 8430 1500 4593 
2081 2160 1484 4227 6121 6605 8842 7276 3637 1600 
4765 9249 3950 3969 2859 1086 9137 5288 9590 9174 
5082 7420 9923 3983 8148 9851 5977 1185 9421 7746 
2071 8655 2058 6249 3613 6414 2198 5634 3833 4577 
7118 6492 3281 4912 8628 8374 1922 9874 6434 3941 
4043 6229 1372 8832 6512 2952 1378 1253 6614 2877 
2793 8878 8721 8302 6586 4610 7400 5048 9572 1466 
9252 8501 2394 9193 5392 3773 5605 4065 1017 2555 
8206 9248 5857 9332 9773 6944 4034 2566 3359 4016 
2504 4614 5527 9036 2720 3548 1708 5206 4327 9337 
3910 8251 8224 1048 8421 5829 3608 8268 3553 1741 
4057 5727 5324 2030 4094 2498 9032 4393 7985 3758 
4253 6433 3638 4153 8541 4946 4669 7237 9402 5312 
1393 2024 4445 9448 7781 2961 5507 8276 4270 5410 
2456 2467 8761 6881 5804 2321 6992 8331 5155 1695 
3106 7181 2326 1217 5399 4805 7361 3909 2561 8907 
8831 8249 4043 5755 1227 1577 9861 7421 7356 1445 
5826 8966 2824 4646 2287 1316 1405 4086 4023 9002 
4060 9603 5765 3965 4772 7171 5313 8856 5806 9302 
2401 9509 9632 2960 6720 4700 6180 5518 3563 6402 
6028 6348 2751 3660 4268 8433 3580 6847 5715 2873 
4326 1940 3518 6557 9513 4901 1877 8899 6444 5835 
3938 3894 6141 8479 5936 5640 7019 7882 6414 2541 
2789 3080 9272 4297 7679 4116 5743 1561 2960 8422 
3666 8346 9333 4337 5115 9511 9052 5312 8083 6739 
9787 4277 7722 8520 5605 7179 4196 8356 3383 7197 
6398 2633 7913 3915 1505 5790 4957 3328 4747 6774 
2816 8613 8553 9088 9134 5478 3805 1053 6306 6372 
6844 1408 8394 1550 1434 3815 9642 3765 1138 5380 
6290 1146 9999 9679 1854 6709 3677 4374 8854 4599 
8761 7297 1707 5493 5503 2359 1657 8454 7180 2626 
6133 3948 3172 9712 7531 3805 9212 6687 3432 6741 
3142 6389 6726 5073 3191 8996 2415 4777 8733 2986 
8002 5326 7232 1585 1930 7496 7026 3752 6012 9656 
2367 5265 4293 6360 6118 2299 2507 8882 1468 4241 
7124 6823 9320 3224 1723 3576 8530 5068 1460 9454 
6889 9926 7772 9168 7009 4491 4340 3098 6075 6388 
7245 6803 9723 1312 6204 7048 5851 2165 1827 7137 
9636 9098 2414 2779 7626 6192 5866 9830 4431 3278 
1956 8861 9622 5642 4080 3064 6518 7005 7937 3131 
8998 9093 5362 9140 2572 6014 3085 3234 5864 9088 
5997 1582 7916 9509 9346 1808 7106 2430 7447 4639 
6873 4894 6841 6726 9350 1030 1736 1250 2185 5533 
3745 5737 1638 6938 5472 3543 9120 2428 1608 2410 
1628 1294 5145 5445 6377 1247 2257 2222 8614 1743 
4377 2544 5039 1929 2049 3305 1541 3185 5099 1639 
3019 1796 9144 9987 5134 1512 4144 8423 5243 2242 
2065 8998 9962 6738 8205 4953 2709 5325 5894 6182 
5235 7203 2888 2395 9284 7283 1161 1192 6627 1412 
3911 4352 9198 2530 1280 5248 9779 5099 5144 7197 
6243 6362 8370 4919 4122 6379 5538 7690 6520 9593 
3260 8650 4390 5139 9868 8132 8795 2794 2307 6133 
3767 3329 2912 1293 2991 2708 1829 8446 4445 1093 
3905 7367 1021 5259 3649 2731 9311 9581 4011 2080 
1105 2278 2284 8430 7236 4517 1431 6871 7121 2471 
8413 2700 1625 1751 9097 2502 3740 5897 4593 3740 
8351 7647 2897 3341 7992 7249 2512 2939 1027 1820 
7781 6261 5177 2501 4607 1501 5830 9241 7735 9471 
1520 6612 8332 9930 8567 6183 8108 3949 7523 8175 
9574 9921 3362 7386 4533 8435 6759 6483 6502 4503 
8305 8855 1312 7861 7316 6725 1859 6666 6410 7766 
1490 5066 2191 2120 5578 3227 7122 9928 1421 8614 
9690 4173 9489 5265 4198 5653 2927 2027 8596 2304 
4795 6095 5422 2581 9829 3954 5404 2994 2185 4534 
2188 7731 9220 3728 4376 9971 8685 3231 4158 1244 
5925 8701 3506 2011 5593 4990 6875 5456 6074 6540 
4475 8285 1957 4064 5369 6296 3364 1522 5779 4212 
4052 5379 4533 3110 8795 5652 7470 4511 5787 2175 
6489 6626 7542 7404 1187 7238 6377 4765 8111 1169 
5721 2542 2423 5194 2695 6425 4180 9336 3797 6359 
5826 2970 8185 5536 2789 3838 7304 4405 6710 8943 
6097 6591 2314 8560 2819 1913 1363 6689 7058 2322 
6056 8751 6485 5671 4604 1416 9861 4340 2022 3374 
2514 2651 3831 9425 2149 5699 5427 2095 8493 7593 
2699 2644 4235 9238 7761 7091 6959 8053 2416 9117 
2169 8702 9728 1441 1931 7820 6384 8733 6571 6754 
5575 9639 3109 3066 7437 3580 7287 9541 8797 9001 
9570 4883 7943 4589 1519 5858 3764 7369 8848 3865 
6353 7054 9982 6388 9433 3265 7351 6730 9892 4544 
8546 1569 8598 6545 6777 3790 1575 6695 3497 7989 
8372 7439 8688 8071 5129 6116 4834 5004 3055 1457 
3174 6170 6183 4228 6305 7882 6571 5588 9841 3358 
1691 4160 6447 7747 6691 5182 9302 7835 6963 5227 
7458 5522 7551 5541 6394 6241 2540 9566 1821 7700 
8465 6661 4609 8619 1767 2453 9452 1349 1462 2484 
2808 9015 3628 2617 6001 4379 2350 3416 6094 6189 
5277 8258 6747 6554 4806 7617 8462 1441 7753 8106 
4211 7155 1857 2524 5372 5835 7899 9900 5576 8651 
4255 7136 5159 1762 6760 9667 9534 5440 6076 3159 
9114 4367 5248 3471 8458 7975 5010 3954 6294 4055 
2229 7472 1173 5020 7053 7631 2559 1968 7191 3204 
6772 2659 3225 4413 1835 7078 5413 6714 3359 7770 
1142 9170 1885 5044 9347 7850 7284 6720 9345 1204 
3703 5898 6147 3100 3859 7639 5983 3269 7577 9521 
8743 7892 7326 5186 3000 8931 1219 2495 7652 6306 
8729 9962 1218 1910 9152 1499 4362 5549 1243 8228 
3631 4800 2171 4175 2103 1797 2372 1647 1627 3320 
5984 2220 4780 2889 2105 1153 7277 6850 6266 1526 
5934 6982 3045 8015 2626 4156 1689 1047 6529 6199 
9770 2625 3532 8602 7950 9324 3601 3568 4266 2108 
8976 8193 9206 2600 5863 6008 6650 1126 8748 3863 
3872 6255 2310 3119 4334 1189 3498 7731 8581 9722 
3137 7130 5755 2386 5102 8367 9842 5562 9939 1480 
3829 2583 6962 1098 8469 2047 1648 3919 4814 5953 
8893 2520 9127 3768 4689 8292 4799 8712 7578 1432 
2939 6939 2639 6502 2676 1571 9475 8422 7913 1488 
3433 4533 4483 6916 4554 7040 5023 5410 9730 8972 
6284 1366 6331 5964 9569 8851 3157 8419 2615 6844 
3073 9568 4390 1327 1436 4372 3068 1094 1493 7888 
4226 8908 7005 2216 9153 1671 5769 3052 4283 9958 
1981 4755 1371 7865 8703 4300 2339 5733 4287 3029 
9815 6011 9786 5488 6849 5520 1909 2745 8198 5764 
4109 7503 7459 9579 4627 2252 6966 3940 5721 7105 
1219 6542 2998 4690 6372 7921 5295 7107 4384 6744 
1885 9323 9363 6884 4541 5870 1558 5326 3167 5706 
8391 4555 6362 3091 7159 1350 7284 4031 8312 8535 
8555 1690 4783 2704 2160 8324 3855 3640 4907 2323 
2619 1324 4320 7254 5875 7864 3839 3528 3567 8374 
2446 3117 2883 6110 9433 8700 3849 9580 7498 5952 
4889 8628 1547 5840 6239 3488 6105 7298 1367 2741 
3902 2183 9878 6283 8030 1930 7597 9404 1978 6038 
5773 9642 6042 1856 2781 3304 7406 4452 7206 2645 
8318 9144 5278 5217 4334 3140 7977 5532 4305 8125 
5193 8325 2513 1476 8010 3291 3994 7923 2172 7970 
9832 3001 7404 6068 3616 9928 4806 8943 5182 7307 
4742 5265 4657 2841 8723 2956 3652 8939 3871 9022 
5295 8959 4930 6373 7206 1589 9056 9734 8657 5721 
8024 3782 2971 5677 1945 7655 2126 3848 9520 3928 
2329 2900 8900 3428 6321 9987 5827 4918 2883 5777 
4955 2911 2119 7927 6927 3457 6811 8418 9955 6052 
8948 1794 3921 5174 6442 3707 6224 4912 1941 8756 
6314 5967 8167 7767 2353 2728 7944 5653 1149 2339 
6609 9213 7696 7835 7815 1539 3598 2271 6510 7659 
4733 4512 3271 3722 9700 5519 9140 8887 6462 5304 
7593 9303 3896 4731 9975 5755 2330 9490 4925 5354 
6900 8736 9996 2292 7611 6057 4283 9767 6988 1534 
1857 9250 3283 9078 3921 4834 6848 8478 6001 7004 
8431 5370 7523 6679 4823 5109 1103 2097 8774 5520 
8434 1535 2567 8023 1029 5805 9218 1339 2267 8944 
2732 3331 3278 5532 6957 4999 2315 6579 6083 8824 
3929 4093 9627 6136 8718 8985 1863 3811 1387 8440 
2104 7656 5008 1862 7127 1121 6002 1240 5882 8003 
3901 1406 4219 8720 2805 7716 2314 6298 7631 8546 
7195 8810 2842 8380 5066 8374 3968 7120 8826 1674 
3747 2244 3069 8802 5660 4776 8897 9413 1084 2959 
8907 3040 7920 5733 4707 4800 2235 4306 6035 8663 
9058 2630 3984 7596 6970 1580 3486 7532 7090 6055 
3479 6603 4855 8519 2943 7618 2824 5450 6080 8075 
9843 4977 9471 8791 1020 4534 2534 2154 9760 9353 
1789 4849 1632 3550 8612 7210 6774 7690 2231 7061 
2977 5101 3142 3633 2679 5841 6098 6082 7714 8995 
3751 2183 7608 9631 8159 2273 6247 3195 9472 4849 
2638 9973 7762 3675 2211 7993 4514 4575 7278 8010 
5327 3327 1795 6339 5222 1009 6578 5666 8081 6350 
5615 5714 1100 9311 9908 3442 8398 9948 3503 7453 
3355 5347 9644 8220 2251 9320 4107 3149 9336 4521 
8411 1474 6558 6775 5882 1011 3392 8796 9797 7937 
8355 8491 3757 7372 2808 5173 9116 7159 6848 6434 
7176 4378 8561 4530 6832 2505 4445 5442 6238 6254 
6704 8823 7420 3105 8667 8721 4473 4995 4959 3093 
7098 9874 1809 1616 7881 9507 8561 5361 3688 6789 
2161 3107 2434 9472 7684 3208 9689 9196 9779 8810 
6373 4884 3675 4791 5535 6075 5270 7511 1767 7552 
7927 3037 9211 8204 3664 7564 3828 7550 8207 9598 
8794 6031 7772 2289 5501 8230 9815 7478 4384 4985 
6423 7019 4459 3106 3961 6488 4989 9455 4469 4370 
7252 2875 5121 4718 5887 6581 8255 4560 1938 6819 
9923 2798 7609 5402 6028 5936 3894 7639 4153 9695 
1909 2052 2224 6390 9180 3056 1810 9200 4895 2094 
2513 5692 4822 3080 4315 9775 7397 1076 7926 2304 
1402 7673 6578 9383 1252 3991 4230 2531 4487 7536 
8162 2009 1988 5980 1175 3347 5140 5049 6657 8463 
9589 4064 2635 4574 6450 6233 4051 5950 4642 9828 
7225 8937 9190 8102 7859 7162 3619 7337 1273 3849 
2305 2065 9850 5671 6433 1169 7841 2748 4869 2210 
2083 1176 1510 5394 8185 8113 1641 9633 7668 8575 
7281 3441 4259 8085 6618 5790 1982 8259 2348 4116 
6267 5755 9903 9864 1355 5557 7533 6010 4483 5223 
3249 9225 1910 9945 2126 7083 9009 5015 6888 9095 
2611 5544 9844 6907 1965 2487 7492 9742 3370 6040 
8370 1315 8046 2124 4377 6360 6725 5213 8890 9811 
7849 8373 4521 3743 4675 4630 8563 4618 7375 1197 
1935 3815 1307 2397 8721 2662 2745 3811 7598 8377 
7975 5842 3221 4507 4333 1033 9954 1388 9500 4978 
9660 8524 5723 8124 4532 7567 8333 7219 7523 3116 
9692 2800 5732 7710 2127 8568 9008 1586 8100 9734 
5070 4154 2625 4553 4187 6764 1335 9590 6967 3024 
8341 8886 4299 5779 2766 3006 3373 9694 7778 5233 
2896 6999 6983 8734 7674 3680 8175 9748 1402 4304 
3503 6609 7735 5712 7799 1303 7026 9068 6718 4801 
1771 3994 6580 4969 6816 5786 1862 9755 8181 9807 
6256 7124 5363 7521 3479 5890 3189 9478 6752 7742 
7307 1093 3485 1786 2680 1621 2112 8252 4829 7492 
6613 1415 3837 9249 8444 4334 1895 8810 7626 9856 
6231 3482 8959 1739 8257 3788 2954 8520 8057 2341 
1197 4884 7287 7911 1843 2324 1782 1272 6477 9398 
9890 8050 7252 3017 1547 9764 2497 4301 7192 5346 
3008 2001 5481 4454 2880 3944 4549 1487 7399 7192 
2059 8275 2209 4596 1531 9146 9228 6675 4293 5871 
8795 2713 7784 3825 2163 4491 8909 7053 3173 6303 
9267 6693 1598 3811 3088 5560 1226 7933 8716 6489 
5246 6539 2054 4089 7126 6179 6683 2610 6979 6482 
5602 3378 4548 3215 4910 2031 2454 1087 6641 6118 
7210 9818 6248 9369 2867 7054 3698 9968 8123 1930 
2549 6255 5252 2434 1104 6022 7586 4271 7926 7941 
6838 2640 1294 1133 2733 6383 6764 9814 9153 7739 
4342 1907 8441 8991 7735 3525 7529 9879 1770 4014 
4792 2579 8267 1978 2165 9436 1586 1257 7918 6504 
9780 8037 5299 8989 6463 7589 6051 1773 7554 6014 
9780 2358 4038 4608 1459 7931 7080 8751 1274 4619 
2734 7453 4569 7348 5093 6097 7543 9167 3860 7545 
5803 7630 3009 1089 4172 9390 4523 4333 1274 5899 
4046 4197 8166 9872 8631 8124 8261 8700 9921 2137 
2741 8021 5090 9442 2570 3503 6631 2748 2979 2021 
6227 2075 1616 1391 4338 4155 9512 7644 1398 4352 
1720 2273 6046 7203 7123 8367 7652 1072 7587 6602 
3451 1034 8579 9673 4816 9695 2699 4684 3759 9803 
1187 8367 4561 1302 5652 6851 8563 9143 1564 8404 
5415 8644 1382 6642 5686 6986 6293 2693 4707 3470 
8546 6576 1101 6232 4200 4666 5014 9159 7518 3096 
7852 7329 7953 8881 4101 5279 8545 4573 3916 9887 
2881 1081 3118 1243 8541 8341 8704 2299 3748 6719 
3851 4161 1127 8922 4391 7791 8455 9666 7991 4921 
9453 7091 5430 1109 9300 9098 3884 8245 7584 7966 
9549 6194 9616 1843 1110 3904 3378 9515 4797 2837 
8473 6575 3663 1286 2628 6531 2816 7823 7444 4096 
1619 7496 7126 5254 6230 3252 3678 6266 9527 4124 
6227 4362 3850 5754 4772 6542 8794 5997 2951 5270 
3808 2144 8404 9986 9774 9499 6992 1335 5785 9435 
3237 6334 1443 5560 3577 6967 6731 9015 3448 8772 
6556 9049 1079 5443 8667 9580 6812 6746 9117 5446 
2016 1872 5623 8206 8796 4887 8320 5640 3048 9129 
8669 9923 1894 3396 9250 1559 7166 6130 1252 1371 
4789 7650 8896 1385 4487 8885 6869 1175 9876 8556 
7045 8340 4982 2351 1343 8321 9334 2711 3837 7187 
1717 9295 9901 1961 1560 3450 8723 3916 4175 9933 
2726 8697 9928 7163 5981 8431 7371 2554 3514 5353 
8403 7129 9031 4514 7380 3599 3930 4956 6403 8251 
7936 6364 4851 8850 7992 2956 8228 5840 8324 1763 
1796 6442 3979 7690 4752 8632 5588 1959 6611 5283 
2356 1991 9037 1479 5829 1435 1091 1959 3076 6148 
4662 4228 1952 7572 8816 3949 7428 9569 7497 1095 
5720 2013 3836 4966 5817 9115 4943 6680 5416 4332 
2374 2293 6365 2716 9093 8588 8925 2628 4505 4133 
8657 5237 5259 9110 4111 5202 1588 5430 3866 8235 
8086 2830 7923 3171 7389 1691 8419 5877 7257 1092 
7819 3013 6856 8687 7517 8624 8783 7971 1248 7931 
6660 1037 9144 2119 4977 4754 8847 8385 6254 7627 
3743 2913 7231 6389 5524 2252 5409 6332 3138 8482 
5387 9819 5811 1771 2740 9680 4391 8494 3038 3572 
3820 3566 6920 8148 2462 6234 3857 6729 2316 7755 
9142 2542 8886 9698 6814 1587 5072 3899 3541 3547 
6673 9669 7008 2182 5378 9094 7454 6224 6678 8833 
9245 8406 5482 8092 5724 6956 5038 8925 6639 7161 
2512 9071 2926 7151 8833 7024 3562 7688 6679 2343 
1688 4378 9545 1086 2295 3869 8099 2585 9428 1519 
9331 8732 9382 4296 7098 6211 4577 7264 6687 7841 
9574 3616 8146 5109 1440 9209 4216 7948 2997 9418 
7276 8268 8727 3060 6130 1059 5870 1292 9218 7813 
8955 2712 9795 5978 3401 6445 6416 2980 1521 9694 
1861 5758 5263 9820 3763 3573 4768 5054 4316 6052 
7300 4977 1744 3503 4487 9117 3086 7207 3693 5514 
9487 8153 3844 7896 8094 2416 1632 8613 1561 4926 
1408 1149 9745 2798 1021 1500 6494 7149 4594 7950 
2054 6273 8060 1751 6812 7623 1851 2942 5269 4321 
2455 6458 2920 5283 6598 4865 2277 8812 2086 4397 
3198 7410 9535 8418 1508 9303 7008 2840 3098 2613 
2617 2195 4129 4613 7569 9770 4666 8464 8505 1126 
1382 6753 4434 7144 6512 2446 6411 8395 2281 2205 
6913 7717 7510 5809 6282 3233 5025 8431 2870 4320 
7385 8583 4004 6895 8653 5843 6586 7033 8010 1881 
9824 2246 2509 7391 8177 2867 7402 9496 1684 6316 
7764 1286 2840 2696 5864 9566 4643 3357 7331 4180 
5637 8909 9205 7670 7093 5278 3103 8508 1017 7366 
5220 7806 3894 9139 4418 7170 5983 8707 6872 7409 
3626 5695 3143 7410 1808 5639 3885 3617 3671 3852 
6955 1323 1556 7615 2497 6446 2391 1778 9235 1226 
3742 9696 7094 3281 1360 1096 3558 8898 2894 7769 
7351 4233 5164 5981 5233 5899 6790 7387 3730 9674 
8146 2610 2003 5077 4118 9619 4394 3574 7344 4777 
2133 6528 1733 6703 7321 9400 9356 4306 6586 8518 
6345 2171 2724 8082 6864 6793 4029 1494 9329 8381 
9721 5067 9816 8251 2750 2664 6891 2084 4499 6647 
2541 8697 7844 4826 6065 2811 3396 5513 9674 4756 
5592 3071 9794 4606 9558 9079 4731 2890 2276 6489 
2248 6212 9835 5647 9311 4466 3121 3497 2903 5425 
6287 6004 9216 1591 1468 6744 2907 7256 1396 5605 
9014 2414 4697 6214 7105 1490 1426 6261 8403 4748 
5520 6921 4219 3347 5053 1521 1383 2020 5838 8087 
5504 2000 3780 6871 1551 7041 5934 2870 3712 7326 
1814 5229 1497 9594 6371 4494 4697 1673 8197 7609 
1313 8156 3238 2354 1616 3459 1083 4386 8570 7580 
4765 4787 1384 8815 2055 6347 5235 4692 3332 2511 
1772 1020 9409 7313 2584 3267 4976 8305 7527 1565 
1942 3384 3678 6888 6394 1393 1750 1177 5118 8274 
1406 1155 1624 1490 4728 1813 6238 4083 2711 5896 
1052 4243 6893 9902 8482 8399 2633 6733 8135 2769 
9692 6923 1988 6219 2697 8151 4227 4019 8461 9478 
9361 9662 7795 6313 1404 7781 6449 9409 3850 4859 
9860 6028 9847 5655 7151 4123 5130 4804 7435 9160 
3898 3856 5345 2833 4974 9010 8043 4997 7951 6576 
5405 8252 9580 2347 2998 9467 1560 6510 7480 9771 
9217 9182 6105 6752 8447 2541 3326 1333 9060 5127 
1351 1958 8055 4744 5269 4915 2154 7906 1731 5371 
9265 7426 2002 2708 6466 2764 4740 8473 7022 3085 
4734 1605 1679 8625 7384 7437 2106 3243 1112 7044 
7234 4958 1727 9429 7591 9096 5049 5545 2916 8640 
4087 9064 5275 2577 4048 9865 1116 8531 3683 6782 
1569 5502 4787 2391 4655 9230 3959 2489 4298 8361 
1475 9987 1134 6256 6780 5955 1261 4285 4806 4540 
7066 4337 9291 8564 4248 5320 5192 6162 7102 5002 
2486 7880 2031 7732 3708 5091 3999 2917 2448 7554 
8781 3238 1503 6733 6465 1775 6925 3884 6537 5566 
2413 3886 3588 2496 2691 6553 5495 4508 6585 3222 
8308 3605 9131 6414 5107 9051 7504 2969 6118 9374 
9291 2270 1182 4850 4763 9617 8317 1498 4612 3760 
9226 8425 1840 7040 5491 7345 5152 8269 9139 1475 
1425 6457 1284 1263 9942 6432 9736 9685 5437 5247 
6635 1854 5972 2518 8792 5130 9511 6558 7231 3684 
5759 1913 1117 2725 1581 6175 6311 7405 2548 1591 
6557 9274 9164 7564 9539 3449 8418 8476 9629 8543 
8190 9259 4517 5013 4397 3551 3724 4687 9199 2454 
6657 6029 9327 4886 5488 2697 8315 5144 1584 5446 
6880 8383 6797 2639 6907 2690 3951 7831 7005 9908 
9401 5564 8482 9608 9945 2839 5195 6363 3182 9437 
6423 7800 8286 3264 6214 5407 2303 8315 1974 8749 
4816 2518 7153 8851 8369 1144 5360 8700 7516 4572 
9529 1625 8954 8021 9591 8049 2106 2998 3925 1955 
1730 9777 4026 2541 6628 6681 3726 9444 6343 9884 
3993 5219 1899 6117 6880 9714 6062 4343 2991 1567 
4910 9216 8065 8716 6155 9054 7439 5737 3134 8834 
7912 5059 8738 8492 2509 1275 4401 9252 2504 5255 
7375 6140 3703 7598 1756 7362 7909 3849 9673 5875 
8870 1310 9493 5876 9784 5979 4122 4092 3170 8827 
3060 9083 8162 1450 2203 1911 8012 9783 4017 4129 
3043 5656 8917 5922 4041 2237 6754 8245 2750 8083 
8631 4360 2276 8574 2623 3620 3455 4446 3340 6321 
9935 3459 2239 3508 8545 2806 6492 9623 4101 2122 
4070 1655 8928 5947 4869 2102 6574 3627 8300 8873 
5806 5447 8317 1405 2971 5440 5744 2545 2363 2771 
2310 3120 5915 7998 8246 3584 2211 7473 5555 1833 
5144 6244 3226 3574 6881 3963 2349 8663 2463 4908 
4671 7371 4577 2749 2369 1451 4983 4387 8795 5981 
3622 6758 2672 6388 9379 2397 1647 7797 6344 2161 
5953 6288 4284 1519 9005 2875 6900 2840 3587 7958 
7115 4869 1414 8409 7105 1006 3472 1104 2856 1214 
6464 6943 1532 3482 8149 8206 7259 1074 9333 9195 
6348 3929 9231 5361 5777 8762 7768 9391 6393 9676 
6458 7320 1046 1551 8191 6049 5215 1709 6557 4085 
3411 6134 8681 9184 3768 2453 2326 3086 9716 4623 
8413 9463 2780 2225 7856 6945 8396 2517 3240 5685 
3041 1648 7651 3816 2910 8523 4060 8837 3797 4521 
6186 5338 5542 5340 7919 6006 4594 7335 6795 4179 
6709 7563 2326 6806 3764 5623 5440 6556 7926 9669 
8413 9234 1121 5276 4766 3445 2767 2232 6296 4260 
6436 8550 3985 2381 3378 1898 9498 8127 8924 2173 
7971 6103 2906 8998 2079 8683 3827 7257 3437 1562 
9704 9063 6682 5896 3529 3186 5953 7714 3576 5172 
7982 5226 9065 4000 6872 6807 5995 6786 9851 4612 
2039 2858 1527 3763 7875 5399 8132 4452 5477 7737 
5529 2816 6594 3158 8875 9420 4305 4324 9582 1020 
7634 5551 2225 2609 6523 9472 1887 5078 4320 4199 
6672 3529 5563 1959 5790 5369 7750 9773 3232 2686 
4855 5671 9412 3594 8853 8964 8365 2979 2680 9172 
1563 9213 6332 5649 9458 2712 4281 1433 6191 9242 
4671 9837 3367 4424 7823 6179 9147 7244 9908 7184 
6553 5183 9138 6833 4733 5929 7507 1166 4614 5476 
7269 3661 3383 1188 9419 1534 8247 7426 5081 1455 
1686 3506 1908 2799 7006 7525 7639 5054 8637 3893 
9827 8724 6379 3000 7011 8194 4593 2203 1182 6901 
3580 3016 5033 1978 6592 8477 6949 1099 7537 3967 
2372 8052 3028 2062 7080 1884 2675 1743 2567 9248 
3302 8696 1608 3203 1082 2335 7281 1294 6486 3719 
4645 7704 4319 5433 7970 5886 3315 2104 2401 8238 
7611 6545 1875 4025 1695 8607 9926 9621 4252 9093 
9666 4182 6666 2368 8519 2247 4592 1781 7253 1327 
7145 8481 7100 6272 2876 1935 7534 6455 9334 9853 
3983 8625 5494 8087 8214 8294 9053 2900 5653 4958 
8747 2886 3369 5227 1199 7976 6198 8392 3124 2729 
5704 2264 1402 4018 3288 3022 9075 3671 5113 9164 
4261 7754 8916 1282 6440 1681 2816 3640 5837 7761 
4875 1423 1343 8718 3575 4790 7035 7950 4716 7266 
6209 4426 5121 3100 7672 7582 5205 4343 4485 7985 
5461 1801 1290 3092 3499 6405 3469 9274 5845 2976 
4675 3503 8857 2270 3558 6039 5141 6739 3282 4078 
2624 8375 4604 4541 9250 2383 3310 4859 4079 4461 
7963 8211 6428 9757 3998 6004 5455 1905 1949 3068 
6170 4002 2102 4286 2073 9324 6537 5062 6820 6882 
4949 4296 8419 2199 6322 7241 1795 3446 1231 3592 
3680 6100 5892 8304 4377 2640 1410 6194 6806 5634 
7466 1935 3053 7188 1999 6434 4883 5457 9347 1900 
9189 2169 8041 5326 1561 5689 2106 9728 8380 3737 
2419 6197 3261 5914 9528 8704 4555 3313 5876 1250 
6363 4807 9496 8561 1620 1184 4066 3506 4571 3920 
4599 9434 3876 8808 7190 5560 8548 9531 1365 8996 
5634 3979 6062 2318 6223 1671 9770 9180 6835 5409 
6531 4580 5101 7787 3488 4472 9925 1929 8061 6422 
4130 4211 4910 7544 2915 4532 5648 5261 5524 2339 
5740 3031 6062 8227 5419 9675 7681 3225 1178 4289 
9640 7650 3226 2806 1623 7372 1313 8602 3993 6853 
4076 5600 9132 8228 3761 1456 1006 6129 1246 1108 
6558 3070 4324 7239 1456 4110 3541 9013 7517 9723 
9011 8562 1729 2667 9259 9249 1769 7624 8984 4247 
3122 6112 7600 2170 5444 3180 2560 5181 5794 5773 
4182 5593 7587 6571 7931 8541 9399 3102 6222 1322 
3773 4182 5522 4585 4114 3342 9730 1511 4826 3940 
8065 5980 2709 5147 1057 3531 2389 4794 1510 5341 
6308 9811 6231 4895 1871 6093 1978 3441 7066 8405 
5979 7164 3203 7328 7656 7852 3086 5735 3275 1164 
3032 2083 5068 8066 5468 1137 6377 6672 9022 9699 
3854 4278 5225 3921 6728 9452 9724 8346 2835 7326 
3760 7183 5952 2606 7777 2815 6812 7437 8588 8186 
5398 4748 2595 8069 8119 6693 7813 1400 1704 5910 
7894 9938 3215 1512 2584 2838 2911 4521 3902 7629 
3503 4436 1421 3940 5794 2170 9935 7545 6936 4102 
1123 8537 3951 3148 6011 6287 5242 3447 9565 5045 
7321 7396 4916 5116 5484 9905 2107 4406 5326 2990 
2009 5559 5834 6928 5165 2225 6711 7444 8602 2803 
4974 4442 6929 1936 7932 8462 6038 1522 3567 3464 
5298 8587 8464 1742 6971 8591 2802 8702 8395 1311 
9121 4665 1127 6383 7438 1233 2919 5012 9898 9887 
7660 4372 7688 3105 4639 3712 9561 9606 2318 2450 
9138 4936 2356 6865 3661 6519 9052 1830 7916 9514 
1290 7591 6832 3159 9441 6163 5433 7559 5914 1425 
7135 6705 9078 4891 8864 7213 4177 8584 5434 3597 
9293 5041 4848 7485 7513 4383 4341 4839 9317 5131 
9536 7749 3038 5401 1394 3016 2859 7148 3921 1681 
3305 6813 5955 8481 4593 1042 6422 7871 6457 8679 
4080 4641 9615 8158 2545 2714 9881 4292 4850 5218 
8471 1299 5672 3731 2928 8129 6724 7499 5039 3725 
6647 9091 1391 9419 5441 5831 6528 2555 4611 7602 
4893 4764 5264 5577 6547 4831 1194 1112 4445 7297 
4404 5287 6085 9394 9059 1804 1967 1924 5183 5877 
2053 6866 9164 8217 5366 7954 2817 4886 1901 4341 
2031 5185 7222 4127 5303 7358 1608 6077 4358 2343 
8362 7686 4865 3551 7539 8337 3063 8696 5158 9377 
4670 6981 5024 4124 8295 4846 2450 6435 9289 6744 
9052 4403 9198 9991 2351 6402 9570 5401 4172 1069 
1281 4657 8987 9746 5097 2481 9567 5913 8439 8801 
9413 5600 3344 6632 6633 4740 4328 6554 1426 6524 
3976 6829 5112 1907 9047 5072 1909 5284 7480 8365 
6556 4794 1726 3820 5907 7740 9728 5035 6971 6657 
8250 5366 5089 4842 1142 6846 3084 1446 8194 2523 
3404 5891 1378 6326 5048 7929 3026 5646 2710 4789 
6807 4904 4517 9894 5680 5441 2193 9711 2257 5160 
1958 9268 2078 9431 6573 7359 8616 3017 5233 9531 
6412 2150 1278 4468 4246 5928 1879 7615 5903 4159 
3012 1420 9796 2345 9217 7839 3527 2002 3900 9380 
9000 4439 7223 6695 6001 9512 2267 9696 5213 6743 
8686 5872 8674 8515 8283 1458 5546 3116 5267 8239 
7758 3620 7015 1599 1158 7721 9112 9435 8446 8424 
1639 9124 3070 7752 7654 1843 8950 1087 7016 9709 
6807 8983 7880 7807 3031 1688 7460 1547 9720 5280 
5175 4856 1036 5266 3855 7622 1875 7397 3567 8253 
3423 2576 1003 9734 8801 2371 8445 5780 2739 6482 
9031 5257 6702 3999 3300 4240 4002 5859 1363 9123 
4477 2749 3100 6290 8922 7801 7891 8018 3862 5665 
6723 8197 2831 2111 7099 3230 2517 4494 7417 4836 
7137 1592 1956 3803 4388 1568 4747 5285 9943 7676 
6222 1738 5702 2926 1573 4593 7103 4111 8786 5421 
2723 8871 8560 8862 2059 6257 4878 2248 2414 7101 
9439 6650 5288 3557 9433 3853 1539 6135 3097 6480 
2522 4216 5630 6777 5965 2385 3250 6526 3454 8149 
9516 8502 9107 7431 2422 6436 8871 2237 8815 6989 
9913 7727 2890 2056 5647 2277 7368 7905 2454 6065 
6420 3824 2298 3116 1662 8700 5976 5772 4007 6093 
2445 6336 6671 8804 5322 9342 9775 1255 1964 5116 
7950 3275 2722 4136 8263 4482 5175 1179 2683 3509 
5417 8482 9632 1580 9647 9295 2013 3159 9704 7660 
7002 7151 3172 5571 5356 7770 2057 2883 3322 4998 
4853 4193 8092 6265 4423 9173 9657 9931 9187 8900 
6386 7699 6185 2315 5621 8975 5309 6834 2678 3816 
1205 3183 2890 5108 4116 5687 9104 4012 7390 8522 
5480 8185 2683 3602 5027 9534 2981 9761 3657 9174 
2208 6239 6240 2334 6563 7340 1698 1277 3758 5090 
9968 7996 2022 5114 5012 5595 7979 1195 8950 1519 
3467 5541 2369 9004 1102 8764 1562 4061 4463 5022 
9168 2239 8282 5612 8443 6310 7192 2397 2643 8829 
5316 9390 8229 8930 5814 3175 8345 8881 6082 9562 
5066 2017 2322 9491 9783 6099 3813 5973 5078 1481 
6041 6344 3973 6257 9362 8859 3593 9408 4423 2903 
6715 3721 3215 5614 9374 4958 6678 9673 3404 2989 
9954 4535 8103 7627 8848 6328 9911 9702 6883 1537 
3871 3495 8103 4867 6090 3537 5260 3089 2970 3085 
2478 3759 8363 1072 9672 6388 5954 4261 3468 6669 
1159 7285 3872 3059 5107 8391 1749 7619 8787 7362 
4606 2780 6613 9720 4487 5567 9081 8599 2099 7257 
2028 5939 6825 4891 1395 8195 6827 4186 3331 6533 
6428 3686 8779 1861 5619 4945 7514 5982 6375 5793 
6994 2918 3173 1391 5828 8651 4577 7060 4992 6207 
1001 9200 8142 5902 5222 8280 1436 8923 3736 9883 
3989 7216 4506 3733 3574 1042 7680 8072 1800 2438 
7787 3463 4891 7884 8162 8327 8194 9028 3592 9611 
2935 3461 4985 9300 1663 5787 2046 3550 1738 2146 
8038 2392 8967 9994 1549 9499 3280 1950 7296 8483 
2159 6033 9450 7324 8271 9446 4309 8392 6545 1452 
5035 8651 7775 5901 1911 1147 1570 9095 3536 7849 
7565 2892 7487 6148 3322 7825 2179 5048 7612 5164 
2182 6058 6878 1512 5945 1155 6539 9888 2227 2685 
6062 1781 3300 3205 6321 2204 6778 9153 1790 3623 
3957 1308 3639 1040 7819 7573 4301 1229 1203 2914 
2014 6713 1839 7641 6667 6581 7218 1060 6545 7256 
3484 6597 1502 2989 9693 4783 4018 5926 1157 9470 
3143 6739 4674 9959 5822 2825 5248 5902 5560 5016 
3525 9780 1189 6375 9714 4180 4979 4096 2940 9324 
7895 7610 9550 2105 5860 8057 5760 3161 5938 7840 
8126 7760 6649 4471 3285 6999 9831 7565 5486 9510 
9098 1921 8142 9641 1401 2882 3248 3083 1146 9220 
3279 5322 4843 3199 3801 2701 8369 9818 8290 9708 
7136 5758 1010 6307 5200 4514 9111 5223 3545 5795 
3391 2857 9052 5749 5791 7679 7766 4429 5987 3672 
6861 7138 7795 8483 3206 9321 1400 7275 6113 8954 
7023 2569 8405 7226 3383 2263 1010 8559 4025 3576 
3453 3501 4251 5715 8653 9283 2152 2427 8614 4253 
1978 1156 1654 8123 5496 3032 7982 1142 6676 8825 
8703 2094 9977 7692 8261 7334 3279 8229 8935 2953 
2423 9045 1732 7855 8499 2770 5628 4670 7096 6821 
4327 7976 1750 8562 2708 7836 3315 2348 8905 2311 
9400 5766 7095 7456 9337 6716 5765 2218 7232 1873 
7342 8670 5168 1074 6273 3016 8638 8228 1072 9616 
9609 6961 1883 4504 7498 7231 4490 9156 5211 2777 
4665 7448 5628 1500 1550 3210 6710 7623 5185 9147 
3918 4861 2195 1974 7597 7765 2098 9430 8930 4070 
5220 2490 9422 5273 6978 5526 9297 6906 8298 4309 
9674 4536 7846 7383 4021 1637 8907 3135 7590 6894 
8050 7728 9449 8982 7340 8554 6164 7375 4876 4812 
4255 2035 7328 2958 5199 5271 8443 7435 5925 4509 
5070 3380 8823 9900 6342 5592 9839 3343 1355 5783 
3212 6142 9655 6545 1679 9798 8108 2562 9378 5249 
4070 6003 6455 1206 8614 1354 9809 1853 8190 9135 
1423 5659 5293 3379 8930 3176 2394 8975 9691 5062 
6654 1009 1037 5842 3542 9573 2513 1722 1727 6519 
7598 6447 4621 9939 7097 8512 5181 7439 5444 3456 
2868 6582 9210 8793 6181 4313 4358 6482 7078 3031 
4611 7207 9061 3613 9348 8670 4725 9187 8089 1599 
9172 2113 3905 3582 5996 3929 2307 8681 8222 8483 
1687 3574 3557 3344 3910 6750 8311 5091 8267 9165 
3392 8555 8085 8996 2400 2667 6796 5713 8803 9893 
7216 8911 5056 2598 1326 3923 6040 9984 6440 5351 
5231 9668 8413 8381 2195 8491 4876 1079 9488 3728 
8695 8962 2450 2964 6983 5342 7156 5868 7184 5332 
1510 7974 5331 1584 3202 2642 2679 7184 8728 9300 
9965 9802 6482 6087 2288 4218 9850 9779 3750 4396 
3541 5052 4330 8389 5012 6717 3717 2101 8384 5810 
7405 4967 3048 4784 5859 5387 6300 7989 7491 8500 
5940 9683 2192 3491 8895 7111 9043 2857 3046 8992 
5867 5177 5853 8217 8371 6681 8175 5617 8910 6410 
5648 1517 4701 7405 1991 4582 7311 7187 4711 9307 
7818 5662 7374 4579 7377 6292 8901 4952 4008 4753 
2021 6383 9928 5350 5975 6124 8845 2531 4812 3308 
5032 8605 4582 8058 9968 1437 6632 9436 3038 3468 
3828 6714 7378 7598 7189 9761 8981 2998 1385 7479 
6673 4621 2849 6333 4579 8528 1125 4017 5111 2657 
7071 9630 2673 4611 4722 5809 7239 6377 5586 9473 
6076 7730 6022 1416 4141 8379 7566 4077 8864 7171 
1068 5494 2232 8486 4814 2728 1129 6867 2005 9263 
2466 8324 8238 8614 2600 2211 6163 8947 9473 3680 
9160 7977 2795 4697 5292 7929 6257 2302 5239 7022 
9439 5425 3071 1961 6495 9425 2309 1341 9746 4205 
8075 2774 6591 3693 8051 5247 9229 4577 6794 6343 
9385 3924 9692 1164 4476 9971 9230 5022 6205 3654 
2867 9018 6056 6710 6653 4592 5478 6972 3381 2900 
3949 4570 8368 8012 4364 4614 6073 4907 9850 8082 
6174 8720 7596 9800 1882 1799 4756 1644 3983 7571 
6476 6681 5918 4385 4426 8902 7472 2009 4100 3034 
6255 3719 9059 4491 2494 7794 9503 1075 9270 5654 
7534 8032 6692 7124 6659 7729 4123 3004 4740 5146 
1706 7794 8719 5102 2215 7791 6938 5590 5057 3448 
6468 1229 6403 8065 7255 9171 1601 7829 1316 9014 
9975 7061 8093 4719 3652 6408 9925 9785 1710 3852 
9957 5686 9298 2151 4497 9773 7798 6764 7705 2805 
2771 2350 1803 4678 2691 2254 3703 2411 8053 6827 
7152 8690 6508 4024 2692 9758 4895 2699 8538 4495 
5405 4641 9052 1452 3167 9233 5677 3004 5418 7501 
2378 5674 2098 1393 3086 2968 6783 2397 9446 5225 
7919 1446 7343 1134 8061 6137 8722 9537 4288 9182 
8243 3725 6537 6569 1771 3333 6493 7472 2217 5121 
2375 4068 8935 6474 8061 2874 2062 5597 1769 1995 
9817 8768 2779 6278 8864 4273 8722 3401 9879 4172 
9864 6973 3379 8294 3188 3344 3638 1223 3959 4972 
3655 4423 4961 5155 3772 2366 4581 8644 1183 9192 
1967 5621 4069 1043 8163 4598 5855 3037 1473 8286 
7752 5426 3185 4917 5613 5603 6760 2248 7329 5456 
8904 8851 9897 7011 3491 2579 8611 9889 3037 3017 
6128 6776 5569 5201 4757 2736 6365 6368 8720 3329 
8553 5310 5398 4168 6535 4952 1234 8696 1802 2719 
8364 9726 1508 9667 4779 1490 8861 8974 1146 9177 
3185 3437 4491 1551 3552 7926 4554 9524 5628 5009 
1574 5089 6067 7882 1368 1053 1287 7319 8670 7355 
9746 5120 4935 7035 7337 2412 6048 2151 9407 3895 
3479 2284 5049 8028 4067 2813 7825 5870 2493 8369 
6042 9455 6682 7042 3009 5001 3577 2656 9562 8315 
2955 9547 7701 7609 6494 7600 5810 5244 6810 9336 
4163 4098 7235 7629 2332 8660 4406 3649 3806 8737 
5291 9700 6589 6591 2236 4694 8278 5091 3846 7351 
5684 8198 5128 6425 3643 6974 8321 5984 4481 5435 
9577 5045 8819 1501 8024 9988 9779 5817 7559 4144 
3803 8982 4470 6975 2978 7543 8527 9959 8348 2818 
3411 1641 2709 5100 3097 7118 9963 2242 8730 8736 
1008 5092 7972 7157 4214 5612 3282 5411 7081 1709 
4556 7274 4806 9668 5893 8765 9767 5527 6971 6084 
9902 7873 8007 7758 2664 1026 4664 4922 6816 6835 
3018 2260 6438 8588 8202 1099 6505 8482 2581 9823 
5114 8705 4959 2365 4600 3307 3126 9466 6094 8983 
4832 8173 6717 2158 2751 7422 5476 4089 9485 2872 
4123 3095 7518 6660 8694 3852 4177 4088 7877 4177 
5533 1175 4894 2492 3778 1094 6989 3073 3454 4340 
6584 4132 1783 6335 2217 8278 6359 2158 1539 6867 
8078 8305 6905 6069 3750 9686 1621 5161 6857 7844 
3682 7279 3037 4784 2964 2942 7871 8968 9751 5126 
6084 6459 3950 1750 9350 6833 7238 1915 5927 7200 
7903 9261 5361 5510 6822 4917 3494 7898 1313 8067 
5555 2042 4321 1545 2978 9043 1959 4101 8894 1764 
3808 1180 4429 4887 3540 5604 9131 7925 5437 2911 
5485 6301 3518 1100 1127 3609 8483 2661 8066 8420 
9148 5068 5752 9084 4952 3525 8625 9434 8462 5401 
2222 3952 2958 2197 4584 2790 5845 9104 1353 7655 
5486 1815 2344 6431 6829 4364 3725 8326 5463 9261 
8017 8716 3485 5255 6940 8016 3715 2666 5119 3672 
7491 9736 9770 7665 4806 6658 7364 9190 7280 1213 
2018 1380 8459 2457 3400 8212 4467 7592 3150 3553 
6232 4896 1900 3646 6347 1567 5868 8644 5726 3431 
3610 9187 3119 8739 4025 1036 1524 3290 1108 6348 
5752 7528 7613 4077 3995 6048 3288 2282 5767 6769 
7323 6113 6861 8840 2466 1160 8155 5612 5068 2399 
7868 2256 5614 2263 7486 7671 8532 6004 3208 4089 
9705 3827 9098 6607 7659 5757 7949 9161 6492 1538 
8346 8571 9523 5459 6779 7676 6205 8573 2927 6097 
2102 6949 5185 4567 7670 2823 6179 3974 1523 6062 
9517 5858 3124 7439 8591 2882 9177 3861 6587 8917 
3381 9601 1618 8074 5186 8018 5381 3577 6364 4434 
2217 6607 8715 6160 1251 9962 6254 3463 9251 2420 
9178 8807 9869 9384 7986 6893 4572 2211 7455 6356 
7386 3533 1782 8433 4805 2049 9163 3429 4689 3947 
3090 5445 4068 9812 2913 8551 4622 4301 8901 8389 
5422 9239 4960 8928 9306 3570 9051 8128 9948 3592 
5370 8011 4193 8117 8255 7315 7802 3472 5562 5495 
4236 9253 4175 1911 1556 9290 2296 4072 9306 4097 
8032 3342 8843 3486 6587 7252 6388 4638 1269 8386 
4447 5224 7406 3947 5131 7395 6680 4342 8460 9885 
1609 8166 6983 6278 6689 3999 3202 4450 9916 1988 
9464 5729 3811 5082 2911 8457 4687 1391 6208 7521 
3662 3608 8250 6303 3088 2402 5620 4472 1947 7105 
8725 7240 3340 8112 4626 3670 9907 1306 4265 9200 
5806 3886 3315 9140 9459 1523 5972 7673 8353 3409 
3514 5937 4493 3505 7042 8283 3804 5421 7756 9488 
9639 2039 8786 5533 8562 5015 1169 6686 6967 5357 
6756 7791 3954 6026 9467 4423 1416 1578 7517 3677 
9771 7620 9817 2101 4460 1384 4835 6386 1180 9688 
4453 4327 8362 5341 9121 5515 5116 4228 9885 2996 
9645 1111 1071 7839 5859 6510 3150 5870 7050 5309 
8346 8359 8100 5169 3993 5179 2889 5843 7379 1854 
7556 5344 2404 7646 5497 5571 3433 5738 6785 6858 
7209 1601 4859 9321 1414 6316 6471 8470 9002 3830 
2958 7377 5426 7242 6171 6537 3084 3621 1121 2099 
9962 4356 4874 9139 5004 9687 3050 1258 2067 1928 
8463 5515 1373 8199 1968 6408 2149 9214 4619 8123 
7144 2877 9856 9458 3813 9269 8586 6043 5177 4791 
8988 5784 3809 6284 3777 6290 1217 5734 8678 6580 
2186 7373 3304 9523 1517 2913 2040 2208 5610 6089 
7494 4379 4088 4375 7888 1004 8724 7117 8965 1198 
9827 9191 8837 2223 5909 7468 7340 6429 6031 4014 
2442 8537 2283 5700 4396 3738 5137 4304 1403 6132 
1833 5032 3971 8879 9391 6988 7524 4986 8718 6068 
1124 6025 6770 9722 5358 3548 3540 6235 1441 1649 
8959 2738 1779 2508 7457 6149 3869 8087 2930 7960 
8267 5888 7344 2362 7275 5814 1390 4419 5682 7042 
7447 3950 8072 8160 4783 4102 4829 2978 5650 1494 
3465 9318 6717 7990 4108 3809 4086 2207 4622 5436 
1656 9555 7859 9181 2620 2241 9071 8417 5202 2948 
7779 6328 9084 3742 7759 1539 2078 6317 1763 2160 
7642 7370 4118 6695 8085 8428 4482 3874 2922 1141 
8713 7076 1222 4935 6562 5212 5556 2210 6890 4890 
7716 3567 8869 8688 8849 3134 8091 8169 6741 4325 
8828 5192 5901 8122 7567 3948 7858 1410 4032 5873 
4644 2684 9294 3572 7771 5929 7604 2912 1864 9543 
1088 1003 2606 8824 6252 2698 8246 6446 2001 3728 
2725 2641 5178 4548 9336 2662 1875 2587 2967 1838 
3663 6350 5384 6139 7522 6381 5508 2673 1908 7152 
7775 2034 7990 7567 9261 1502 6354 5099 4404 4411 
6600 7407 4596 6983 2693 5892 6153 2173 2276 7209 
6988 2959 2746 6397 2717 5111 1647 2409 5096 8712 
5295 7458 4357 1918 9811 8108 7017 3895 8499 5421 
4754 1692 3907 5870 7861 4840 9436 8478 7216 8853 
7855 9976 3708 4740 7210 4296 6330 8975 2888 2601 
4877 3039 2582 9537 4930 2192 1243 3415 2843 9775 
9028 9461 7737 1321 2736 1195 4826 3301 1948 3436 
8088 1036 3645 4940 7978 6379 8655 1381 3215 4990 
3758 2683 3380 3218 7014 8320 3608 8031 2731 5956 
8728 4943 9789 1180 1446 7564 5525 7272 9189 7890 
4430 9804 7028 8082 5799 7391 8747 4010 4358 3857 
6306 9758 6626 3630 3940 4100 3876 1436 7382 9443 
9169 2677 7313 2528 1868 6445 9383 6053 9863 5919 
6183 9115 5809 7811 6153 7753 6363 7052 2093 9344 
2759 1005 2295 4470 6256 3126 7143 6740 3558 9919 
6048 7776 8741 5276 2736 1347 5566 2330 5418 9885 
4289 4473 2780 9522 3511 4838 7868 3537 2816 9134 
7024 4688 9665 8855 3378 3589 7576 8633 5769 1821 
3920 9978 4641 6299 9447 3179 5337 5182 1438 3434 
2756 2737 5435 4309 3715 2503 1268 5376 7689 3752 
2016 1382 9429 8613 4426 5189 4945 6552 3850 1845 
3647 4090 9103 4478 3822 4028 4711 3606 7091 6116 
9277 2073 6600 7015 9028 9656 3604 3057 3319 8827 
5180 2544 4918 5240 4343 6465 5835 6351 5331 4201 
9408 5935 4971 1614 2289 1953 2461 5936 4937 2853 
3336 9869 5270 5768 2542 3153 6470 4796 9127 4332 
1852 8420 8171 7482 6707 5177 7974 3371 4113 4144 
2284 1668 7092 9207 3725 3976 4534 9486 8184 7417 
7868 1109 9309 8031 9921 7767 8552 4720 1990 1541 
6881 3956 6161 2170 9298 6098 6271 5534 9996 6127 
2011 8016 3203 1202 2806 9930 7816 7901 5608 3694 
6681 2705 5091 9692 4871 2279 8986 4184 7360 8012 
2885 3169 3506 5585 7212 2815 7946 2780 4003 8560 
5973 5464 5012 4549 7204 2122 6015 4232 4776 6237 
4137 1965 8174 4101 1519 2641 4212 8309 3446 7197 
5063 2133 1006 3470 2370 1087 4409 6577 4011 8760 
4371 7007 8020 3551 6368 8636 9440 4511 8871 9911 
5036 3530 2275 7531 6118 8578 2194 4178 5372 7487 
3437 9211 5086 8163 4204 8473 6441 8680 9914 3608 
7159 1849 2623 8460 8385 2678 5525 7432 1182 4824 
5074 7329 3650 9501 5388 7957 8500 2412 5520 2750 
3533 5596 8354 5101 6284 8727 3232 3305 8151 4581 
3959 8105 8450 4558 9602 9170 4892 8159 8679 2881 
6077 9673 2104 7935 9773 6123 6764 3311 5944 6555 
8567 9095 8466 7323 9390 9281 6788 6260 8918 4768 
5373 7482 2736 9183 5239 8445 2739 3579 5236 3427 
5984 1199 6557 4131 3041 6472 3279 9942 3622 4828 
3516 5778 2544 3076 5242 6920 6552 8436 6274 8079 
7361 3479 1956 9738 1933 2250 3794 1152 8710 3811 
1873 2995 9035 3676 7133 8413 9395 6252 7806 7268 
2331 9331 5829 2193 7243 8973 8711 1310 2612 7192 
9183 9336 7371 2839 2730 4795 8380 5456 3503 1337 
5871 9763 5538 4004 7780 4604 6295 6466 4152 6410 
6984 9535 4265 3481 6904 1923 9528 5893 5494 6293 
4507 1022 5914 3546 8995 8063 6432 3679 1060 1568 
9240 9258 4148 8126 2148 2358 1150 9794 7921 9538 
6647 3681 9711 7630 7242 4887 4461 1873 1264 6120 
2830 6725 2670 5273 2497 8269 6355 7001 6997 4836 
5820 5903 7749 9338 4651 6153 9505 6507 9268 3577 
4383 1756 9423 4613 4863 6027 4700 3263 6281 8083 
3172 7779 6346 9588 8384 8343 3192 9299 1151 8917 
5390 4443 6817 6517 7389 6889 4957 9309 5507 3112 
8738 9206 6718 4559 1341 4119 5822 4092 2828 3427 
6962 3256 3569 4775 6684 1044 6830 3497 1859 7375 
8890 9537 9010 2263 7847 3080 9665 3284 7519 8196 
8255 1132 1139 8094 9091 3860 3130 9085 5448 3704 
3370 6710 3161 2041 1909 5695 3036 5931 7012 9120 
7245 4116 2900 8531 7726 4781 1238 8673 2720 5242 
5419 1603 4040 3204 4866 7966 7334 6893 8414 4485 
6779 3194 3464 5297 5697 3221 2421 2939 6474 8479 
4250 8932 8797 9543 4131 7297 7366 7485 6128 9987 
3406 2417 6225 3374 9181 1284 1531 4615 4860 5515 
3052 8137 2485 3077 1789 1623 2525 6468 8048 2669 
1507 7947 2369 2416 5326 5601 5074 7887 3760 2185 
9682 9073 5765 1757 9956 8497 4538 3815 1526 2634 
1036 1513 5673 9077 2304 5300 6693 3127 7119 3812 
3211 1661 1281 1060 8203 8304 4869 8741 6448 4978 
1296 8239 7971 3978 7514 7629 6873 1718 6239 5011 
6648 8941 5232 7077 1611 8291 9574 8682 3910 4606 
5230 5324 5141 4527 4649 5821 5157 5224 9995 2986 
2648 7507 1285 2997 2993 9549 6156 5433 4343 9628 
3268 8386 8591 3735 7568 7352 1227 2031 7225 6259 
3125 2512 1249 2173 8813 7459 5725 3053 7468 3274 
8882 1239 5727 7605 9000 5617 8646 6465 7954 4464 
5732 6532 2336 3632 1971 4463 2162 3869 1585 9839 
6143 1322 5045 2077 7032 9558 2613 6525 5909 3210 
4517 6586 4586 1767 6181 7732 8474 6339 7755 4245 
3174 4088 8314 1582 8583 2777 9983 3754 7721 7317 
1276 1126 8989 6766 2007 7783 7626 1996 6839 2997 
1247 8941 2677 5252 5277 7533 4794 1072 9435 6569 
2087 5252 4420 4519 1966 1870 2970 3548 9170 6816 
7127 3190 1509 7037 7788 8727 5149 3066 4118 3384 
3796 6665 2374 8279 1840 6670 9887 1232 4757 4887 
2105 7272 3269 8912 1839 1924 1561 2056 4273 3912 
4168 8550 7504 7957 4653 9496 4715 3232 6042 2634 
5042 1982 6425 7593 2610 7876 1111 5384 5448 9571 
8267 7532 3751 8632 5635 6058 3291 7925 2984 9660 
2115 3857 1188 1243 6933 1075 9070 7852 2718 3112 
2342 9699 8869 1535 4632 4334 3524 2358 8586 9220 
2539 6028 2565 3320 3360 8662 6856 9650 2659 2606 
9962 7388 5637 1533 4691 9137 2166 2260 2080 8522 
3941 9680 6188 1064 9213 3150 2564 9551 9587 5966 
3581 5502 9922 2622 4489 8160 7779 2973 3746 9639 
2173 9027 2419 3610 2847 5222 2461 5496 4874 1045 
3335 4876 9022 6876 5722 8778 8496 9087 6514 4631 
3749 3451 7554 8865 1798 9091 5913 5348 7895 5208 
4847 3585 7448 4112 9669 1346 1272 7800 2447 9255 
9122 9629 5370 2735 8204 1899 3486 8554 4953 3696 
9749 7813 1292 5499 5446 1256 9621 5457 1059 4002 
2098 1679 1821 1165 3247 4887 4913 7345 8199 9684 
3175 8185 9252 7317 7017 7316 9981 3375 6115 1747 
6529 6728 5969 7079 9785 1065 9813 2268 5139 3771 
3440 3204 6699 5629 1304 1713 3709 1500 2408 8874 
2061 7252 5911 9255 6317 9117 7494 8779 2323 7506 
1222 8297 6298 5845 2757 5878 5003 9213 5911 8541 
6742 6388 2653 9800 8859 2735 6746 2469 2698 6146 
3136 1816 5255 5737 4958 1713 8788 8031 4561 1859 
2454 1996 4796 3490 4300 6496 1987 6866 6223 1001 
1446 4705 7327 2235 5179 3959 1308 7104 6570 2773 
8180 7276 9955 5444 9905 7209 3603 9931 5364 6069 
2074 9749 2173 9278 9584 5264 5060 9423 4307 1690 
6141 6075 1396 3307 1349 9706 6971 2096 5623 3214 
5449 5395 6212 8338 3871 3693 7581 5944 7995 8759 
5876 6518 4481 4834 4184 7333 4796 5914 3600 8795 
4217 6534 5617 1945 1486 4946 6563 1878 3218 7207 
4870 3055 6449 3989 1753 4864 5126 8617 1426 8260 
5436 7282 5385 4569 7745 3059 8695 6546 1826 5091 
4257 4365 4006 6889 9663 7806 1571 6078 9399 6704 
7886 3175 9812 4886 6233 3362 9244 3797 2990 9155 
4462 1244 9977 4182 8742 2186 2907 2728 2248 4352 
6265 5665 3535 5011 5243 4940 4861 5957 2470 4900 
9699 3617 2836 8212 2133 5728 9332 9351 4037 7704 
2458 2288 4862 7378 6709 7257 9893 4186 1983 1341 
6988 1437 6894 3375 6025 1309 2166 2456 1358 7456 
8116 8335 1009 1112 8949 2819 4130 7095 2447 8641 
4275 7322 3377 2082 1463 8912 9229 6035 1995 4016 
5481 3975 5674 8364 9070 3869 8966 6487 2174 8413 
4643 8008 9107 2111 5879 8204 3769 4509 7618 9316 
9930 2844 6616 8188 2970 3136 1307 1428 5045 4478 
3764 5296 5034 1350 1353 4832 3729 9891 8835 7992 
8183 1159 9392 4152 7888 6040 2992 5697 4413 1350 
6882 4523 5313 1603 4578 1416 6974 8211 1941 6829 
3547 5437 9727 4446 7693 7391 1915 6726 6771 2218 
9153 5566 2012 5429 2906 3499 1310 8915 2229 1257 
2528 5494 6019 1938 9157 1395 1136 6341 9533 5232 
8276 1431 2332 4024 4684 7502 4844 3569 1559 5020 
5680 2477 5571 9962 9097 7908 4687 1772 6062 2558 
9961 7222 8297 5419 3212 4272 7641 2151 8727 6036 
4196 4775 6812 6699 1938 4355 8466 5787 9834 9033 
6230 8725 9346 1573 7591 8646 7693 2404 9948 4943 
3371 6604 7442 4476 1726 6495 4799 5422 2899 1455 
9812 2563 4424 1581 2090 7351 8841 2136 3132 6473 
7283 8920 5003 6069 7564 8121 1424 3939 6612 2104 
5077 6601 5647 6478 6275 1829 6291 6601 2973 4084 
6073 7792 8791 9916 6375 4278 7152 4522 3201 8125 
5220 1953 7885 4890 8681 8908 2731 4648 5321 3019 
4902 4644 3532 7855 9506 3304 1406 6083 3326 2281 
6318 9975 5196 8470 5675 9015 7346 6491 9430 9362 
4039 2680 9900 4566 6412 1247 8810 1011 1618 8110 
6728 2950 8410 8409 8660 6624 5871 5796 9858 9079 
2115 8839 5071 6909 5516 5800 5038 6949 8785 7326 
1773 6402 1010 3056 2645 8723 2896 7297 4198 1874 
7060 9909 4563 9331 8123 3760 9655 6355 9708 7187 
5525 5045 9855 9816 2539 3819 6773 9938 7834 6770 
1019 2840 3715 9883 3460 1617 1639 8737 3016 6361 
1790 8785 8294 8579 7603 7285 1675 6427 1716 7081 
7258 7994 1385 5602 8718 5774 7152 7352 3547 1767 
9459 3931 5055 9144 3166 1572 6670 7055 9136 3246 
6221 1456 8279 3625 9442 7462 4671 5679 9760 2830 
1976 5390 7667 8999 6688 9492 3372 5478 3716 3705 
4151 6240 3098 6576 3845 6781 3737 9906 4279 7956 
6207 4918 2542 5430 8199 2154 9186 6734 7215 2639 
9023 6305 1691 1610 1683 1033 9730 9757 4003 5739 
3865 7687 9919 5582 5557 6792 6168 6181 7700 4600 
8648 2340 9465 2861 2210 9990 4083 2388 2245 3774 
8781 1007 7097 8772 1268 3118 3624 8583 5703 1216 
8079 8102 4100 1286 6577 4956 5356 9318 9640 9548 
7741 2072 5215 4353 9002 9840 2799 9403 4975 6186 
5185 2570 3262 2784 3421 8450 3950 5062 3915 1920 
2769 5127 2178 8826 7928 6987 2072 2001 9504 7746 
1898 7013 5560 2081 6302 3459 2485 8092 4961 7559 
6542 5996 9974 4495 5369 8647 1355 4998 1447 7150 
7883 9599 2914 1635 9346 9109 1172 2342 3473 9425 
5367 5924 3790 9200 8680 6668 3152 6187 4527 4651 
9002 2291 3800 3658 8667 1077 3772 3359 5183 9834 
8551 3865 1201 3296 4480 7178 1414 9732 4552 8245 
9938 8410 9139 5133 4487 2491 5427 7916 3464 4552 
4243 4965 6112 4550 1086 2868 7107 1843 9742 7133 
2582 8826 2072 6322 1288 9712 9882 5303 4159 1790 
4858 9204 1993 2881 5755 5731 7278 4000 2065 6877 
6214 5127 8523 8495 1381 7468 2092 1381 1579 8904 
2005 6780 8722 9390 2845 9557 9530 7541 1008 1398 
1957 8656 5303 9944 8406 9707 8939 6327 6952 4542 
8078 1732 8111 2716 4103 2621 6930 3025 6240 6053 
8026 1053 1531 7961 7317 8851 5241 9573 3015 7553 
9700 2880 9461 4336 6105 4322 1920 6646 6613 4489 
9544 4621 2324 8431 7265 3342 8458 4934 8768 4252 
8257 3185 2321 2868 1507 5393 5989 5514 8580 3261 
6489 9769 3444 7579 4758 9778 2575 9667 7814 6957 
5326 6519 1730 6372 8291 7788 4375 5477 1823 5541 
9214 8453 7254 6877 8716 4680 9819 4482 2890 7190 
8235 8304 9878 1471 3053 6922 3697 2270 6390 8235 
3825 7046 8402 4068 2238 8941 6990 3376 2987 1805 
7229 9854 2597 7955 8035 5455 8851 5249 9069 2284 
8980 7196 3133 4226 1963 1758 1396 7431 2668 2864 
6265 6044 1259 8598 8054 2019 3011 2934 6592 9842 
3376 9649 1024 1129 2899 3392 6293 6802 7552 9305 
8960 5627 8374 3385 4542 9581 4793 9915 4809 3816 
4069 3221 4022 2497 8343 8443 9447 6239 4578 3181 
2548 7222 5581 8869 9172 2566 9031 3452 7007 8187 
9061 8869 2776 4855 3763 5258 8210 7466 5118 9610 
7861 7193 9291 1076 9708 9780 5024 2186 8208 4566 
9706 5505 8530 9477 5306 5112 7564 4690 5880 5546 
3386 6111 2139 4908 5892 2550 7469 1224 6189 5466 
8243 3709 5532 8806 8277 7969 6054 5440 2188 9631 
3770 6860 3598 2289 3396 4123 2415 8699 9798 9299 
8538 7581 7886 7447 4863 9772 3445 6460 9292 3410 
8725 1771 5349 7141 5831 6637 5136 3507 7322 4368 
3065 2910 1777 8484 8906 1695 5410 6015 9677 9436 
7852 9721 8071 3492 5236 1767 4377 4285 5465 9941 
9107 8925 5828 4512 3682 4571 1218 2832 9415 2131 
9958 1515 9585 8863 3606 1996 8681 5337 9463 7299 
6863 1624 5451 6552 8220 2872 1957 3516 9248 9412 
7937 1134 1988 8917 6741 7940 8830 1157 1533 8225 
8226 4963 5620 8842 8911 4294 7737 2666 5056 2406 
5966 1613 8082 9670 5830 6373 6237 3619 8333 8675 
8104 7156 2344 2116 8769 3334 3834 2794 1986 5598 
7278 8421 1606 6485 2756 1702 7367 8129 6279 6011 
9464 7272 5786 3217 1581 6643 6040 8174 4558 7300 
3886 2422 3966 6996 7114 1281 8959 7550 7934 8320 
9910 9082 1419 1886 6592 2651 3175 9738 9751 9349 
1522 6615 9692 5701 6319 5543 9948 9221 4520 5319 
4131 2230 4416 6620 8125 4127 8611 1158 4156 6543 
9654 4033 8315 8264 1683 4699 1485 2412 1841 8316 
4398 6001 8861 8882 4601 5708 2515 6612 6702 2035 
1266 4880 3954 4890 2186 5562 5507 6635 2146 6559 
4696 5183 1830 6594 9654 7071 9911 4578 4576 8411 
4304 3434 5229 7287 4602 4318 8134 1023 8298 2692 
7389 5960 3358 6891 5274 8074 7772 7409 1635 5846 
6904 4795 9939 2096 8074 8206 1768 9483 2596 3682 
9823 9283 3351 7124 1928 2278 1184 7972 2378 3971 
3525 6335 6008 4397 8871 3322 3497 1317 7820 7185 
6895 5461 4885 8527 8286 3474 1660 8355 6762 4168 
4090 7885 8590 1779 7176 4906 7759 2258 5407 4551 
5129 7107 3160 5070 4909 6449 9274 8064 4788 4104 
3133 6417 7357 7725 4047 4739 8427 5823 5527 1884 
6771 1372 4203 2442 2667 3686 4161 6547 6835 5427 
2276 2139 9858 3287 2133 3597 6927 2664 2081 9359 
4966 8591 4078 1063 7901 8221 3472 5235 9180 4347 
3295 9540 2959 7248 6013 1199 8387 4019 7324 8692 
9033 5719 9668 6571 3526 9820 6313 5315 4837 4201 
2916 3640 9120 8331 3010 6967 8122 1546 2049 9870 
5355 8197 8281 5792 4838 9086 1813 3348 4893 5299 
1062 9309 4026 9476 6941 5902 3557 6209 7208 3032 
5849 2874 2103 2378 3914 7381 2846 4110 8123 6819 
6540 6774 6482 8196 6992 5850 6983 8011 9123 8331 
6021 9255 4402 1416 3640 5833 8210 5562 1552 5512 
1616 5761 8757 7984 5605 7367 9031 7951 5777 4065 
1036 9497 7278 3460 8469 9373 1548 9569 6535 5709 
2233 9272 1995 8195 8187 8943 5129 8909 8352 8466 
9487 7566 8446 6311 2115 5154 6662 7276 1699 7889 
2553 1528 2780 6880 6529 3679 5908 3496 2023 7795 
4151 2466 9863 9714 5790 6171 7164 1968 5876 3063 
8540 8420 2300 5335 7329 1095 4786 9783 7493 4636 
2531 1772 7370 8491 7867 8505 8968 6995 3934 3560 
6062 4022 2898 6946 5588 8225 3779 8121 2707 9332 
9899 3972 8643 5065 5472 5084 9091 5058 9428 2729 
8120 4347 6826 3186 4890 7784 9317 4887 7879 1817 
3102 2378 8829 1313 2252 1959 4129 8090 2673 5031 
8022 1822 6364 6747 4924 8629 6178 2297 1992 9936 
7438 4525 5599 5002 3828 3663 9780 2392 6116 3693 
6496 1779 5634 1559 8593 5350 3195 3404 6224 6805 
6709 6472 9504 4832 1662 4162 5813 6296 9902 2626 
7028 8654 6472 2437 9408 6630 6553 3491 7969 7225 
7180 8695 7960 6971 7177 6991 1331 3825 5684 7025 
1215 2359 9943 4957 3552 5040 8574 5181 6457 6947 
8611 2499 3149 9390 6138 3711 2095 5895 5550 4397 
2767 6854 2311 7053 7898 6474 7696 3602 6834 7324 
8502 9653 9458 1417 7968 5488 1590 3483 6647 9002 
3841 2572 7125 3103 9613 8789 9491 1468 8723 4710 
6975 9749 1022 8549 3839 6554 1768 1921 7569 2879 
2599 2149 3494 9016 2779 2829 5296 8922 3604 6434 
5664 6431 1685 8563 1015 6133 6004 3987 6134 2363 
4679 5049 3004 6542 8812 8800 8933 8587 5075 1146 
4095 8853 9698 9541 2651 4550 4272 6556 5042 6997 
2638 2181 5446 7312 2282 2255 1077 5145 4431 9962 
4728 3154 1784 3301 9379 5533 7087 4771 9458 7725 
6803 3331 7878 4130 2467 2991 7903 5309 1019 4571 
4747 7493 5869 5642 8257 7401 8638 3351 5323 5001 
6797 4389 8739 3852 8403 3421 3553 9002 6175 3324 
9613 7764 5427 8482 6130 4792 3095 6507 2327 8363 
1263 8191 4991 2948 3230 8648 6135 1990 7560 5583 
4494 7890 7603 3345 9585 2486 4067 6768 1950 3462 
2477 9755 4823 5572 8355 5796 1495 5977 3256 4561 
1102 7852 5690 8881 7659 9717 3990 2991 7840 9644 
7313 2537 6012 2433 9312 7996 4107 7724 7128 6154 
1029 7200 5891 6779 1434 5255 9701 8098 2756 5035 
7143 3937 9076 5044 1565 5503 8071 1804 3690 4116 
3719 7991 6638 4095 6963 3988 9210 9638 6854 3346 
1412 2213 5410 7907 7785 7197 7869 9134 5772 7546 
1174 5446 6346 1831 4850 1904 8024 3394 3853 2763 
2143 5115 1910 1338 1919 5503 5937 8367 8452 3444 
8381 6397 2723 1759 1537 3625 4043 5956 2384 2697 
3893 4381 1671 1607 6522 2673 4196 4987 6731 3778 
1034 1464 6533 2874 5839 4379 3242 2139 4572 7186 
8278 9014 4141 4487 7583 5372 8712 4531 2842 4877 
8641 7919 6524 4148 4820 2031 1145 5783 3080 4394 
6755 3374 8899 1316 1919 8674 2519 9321 6931 6537 
8138 8515 8357 2915 1171 1441 6138 6263 3578 1137 
7673 8006 3163 2737 4337 2246 9943 7195 4533 3532 
5972 2033 9019 7133 8408 6344 6942 9334 3543 1079 
9788 6783 5341 7423 9196 2840 9770 1322 2234 8407 
2357 6101 9781 1232 9202 2993 1873 9646 1801 1049 
6249 9615 3210 3235 3728 3167 7196 8226 2372 4321 
7110 8465 5476 3735 6428 4773 1802 8191 1932 5306 
1784 5736 7622 8528 2373 2274 2465 4391 5499 8126 
4096 6180 4150 7645 2782 6572 3654 4368 6318 7349 
6509 3751 5858 6461 1113 2182 3317 7265 6974 4056 
3007 3920 3220 8714 4061 4837 7657 9556 6225 2985 
9909 7665 6497 4343 5939 8643 1512 7119 2040 2485 
4207 8157 7372 9476 4650 4504 4034 8147 7662 1139 
9707 7452 6688 5490 3755 7160 7301 4518 8689 3579 
6086 5777 4877 4541 1269 6605 2016 6462 9035 5056 
3256 7417 3096 9345 9643 3781 6188 4982 8717 9890 
4358 3406 1826 3200 3858 2135 7329 4307 5472 7815 
3138 6475 6919 5940 9188 1780 6685 8685 6209 1111 
2317 5021 7728 4842 2097 3151 4676 9965 8518 9439 
3894 5641 2782 3720 3267 1405 4117 3771 4191 8155 
9885 4937 2736 6700 5681 8289 9771 7578 7580 6126 
4262 8810 4779 3719 6287 9373 2925 4732 6508 7757 
3562 9924 4049 8373 6841 1010 2699 7348 4780 7707 
9098 1513 8196 2093 2974 4789 3888 3693 6770 9710 
2601 3374 7508 8277 6997 8034 9046 6008 7191 9757 
6786 1100 9591 4716 4520 6855 2471 7454 2648 3552 
5391 3989 8180 9955 3768 9569 4801 4302 2857 4511 
4067 9675 8626 4633 1526 5882 1034 3718 3099 4966 
8000 6639 9038 1155 5712 3252 7094 9336 5324 8776 
9462 7651 1269 9503 3575 6460 8905 4757 1580 5367 
2528 1644 1312 1685 5481 4293 6302 9016 3327 4255 
3990 5504 1875 9625 8667 3032 4238 6712 3369 7424 
1866 5936 7313 5213 3906 7414 9241 4031 2993 6823 
3829 5508 3242 9568 6048 1607 3080 3993 7399 1796 
3474 7741 4788 6536 3281 8704 5699 2439 2644 1954 
4420 2219 9307 8285 2200 9315 3508 1192 3437 6896 
4742 5785 6791 1744 3815 2899 3948 8058 6650 9417 
9436 1814 3014 2758 3763 3142 7096 6674 8009 1066 
2416 4709 6224 2778 2007 3364 1766 2740 9270 3041 
9484 9357 2690 9788 3342 2833 2232 8791 9178 5927 
9588 3694 6795 6001 6727 3168 5248 5602 8433 9434 
1347 2571 1012 8966 3513 2825 9427 6918 9470 2832 
4873 8963 1925 2787 7081 9286 9886 6263 3089 8263 
6745 6130 1107 9190 9979 8088 1049 9678 3497 2243 
3079 3085 1346 1802 8396 5558 6221 1289 7269 8006 
5773 7952 1008 3052 4525 7863 1681 7069 7795 4333 
7892 4112 3785 7830 3765 4932 7088 9544 8576 2104 
3721 4766 1360 5261 1350 7501 1782 8181 5676 1714 
1566 7287 6879 1675 7963 3628 7788 3642 6612 8147 
2073 9973 8251 2690 3827 9637 2461 6209 8653 3410 
8409 4026 8197 2649 8484 6520 8085 1085 6894 4422 
4201 3182 5857 1724 3105 4028 6729 2669 9028 6930 
5934 2102 3542 6222 9630 1735 5354 6576 9180 9693 
9861 5693 7104 5945 5011 4264 2210 8768 9674 2041 
5629 9389 9981 4107 8309 7084 4327 1568 4505 4982 
3829 3956 1908 3252 8734 7428 9812 9684 6782 2537 
1387 9740 3429 2804 4257 9764 7166 7885 8244 3412 
8519 8645 1135 9966 7956 4682 3798 4895 6056 7864 
1429 7396 5825 7774 6513 5313 7074 6271 8109 4343 
4239 8505 6806 3989 9676 1206 7771 9086 7753 2228 
6173 6907 8048 4823 9290 4456 5100 6034 3732 8480 
9102 4614 4084 6997 7476 4958 3674 2769 3810 6535 
6157 3239 2880 4233 8917 6530 2866 6209 1841 2979 
5313 4801 7790 1783 1359 5445 8214 6271 2098 1423 
9203 5287 7318 3724 6957 2415 2049 2680 7213 7090 
1592 2669 8929 6249 7206 6415 5264 4062 2540 6295 
6687 4228 3475 5687 4288 7035 3963 5399 5172 3596 
4296 7643 1442 3576 3736 1508 2616 6094 7967 3977 
5863 6784 2055 2345 8663 8707 2350 3246 6129 3442 
9044 6830 5078 9314 5589 9055 3617 1700 9164 9977 
7672 3327 3065 2330 7954 5893 4108 6306 5562 1423 
8241 8248 4894 3951 7100 7367 9188 6727 8823 5515 
3770 6815 1607 9317 8444 7270 1201 5459 3357 1053 
9989 3940 5354 1995 5174 1795 7801 5532 3742 7401 
2169 3474 1827 6800 4748 1008 9761 5561 3853 9678 
8924 6666 3428 5100 3235 5740 9997 8158 8407 4144 
1976 3961 3925 4191 1344 3237 6372 8755 2409 7372 
6074 7011 7480 4951 4741 1330 3187 7284 2961 5413 
8306 8813 3338 9596 3539 8681 6766 3018 7570 7557 
2943 8687 8573 3214 1086 9960 7829 2496 8032 6117 
6136 5136 2942 7035 4216 2486 9485 5025 2198 6112 
1033 6617 4360 9426 6690 2539 8875 2740 3061 7788 
5635 7742 3146 2076 7573 7662 3146 2674 8680 5768 
1472 5341 3868 8340 2567 8139 4865 1166 5505 5498 
9069 8854 3879 6954 8691 9284 8846 7000 6524 2477 
7290 3812 5093 4183 3093 4924 9118 7343 4302 8175 
1567 1607 1052 4413 2148 6232 1995 1642 7825 6134 
3133 4097 8817 8552 9346 7070 2991 3999 7157 5929 
4336 4612 9287 3697 9348 5751 3309 1754 4486 1695 
4450 3160 7834 4243 7203 5284 3251 4310 8393 3804 
4172 6722 3573 1119 2440 9449 6092 8577 9537 2516 
1418 5165 8939 3995 3914 3227 6537 3059 5900 5477 
3770 4082 9833 7404 7576 6687 6636 1440 6205 2774 
7889 9056 2611 9648 5327 9585 2344 3517 9769 5420 
8870 8241 8769 7361 5494 1387 4771 6982 8191 7515 
8503 8639 4557 5573 2189 1513 1271 1523 4031 8162 
6421 2526 9341 8312 5386 9553 7433 2092 9237 6583 
3922 5042 3847 3902 1647 8906 2666 3840 4679 6257 
2219 8968 6829 9490 8170 4097 1077 6235 1555 1558 
9858 1904 6603 9360 7615 6668 1650 6998 2168 2255 
2498 2841 9146 4290 9222 7572 3793 7259 9663 2508 
7275 1583 1198 3655 8441 7581 6772 6092 3622 3589 
5322 8340 3780 3653 5719 9418 8846 6695 6807 7751 
9130 9383 9377 1854 5567 2119 9259 4201 1347 1118 
4364 3360 3190 2382 5432 6044 8398 4560 6582 1378 
9822 3706 2488 6818 8291 3120 7399 5522 7632 9874 
3005 8598 1459 6353 1527 3024 2545 1282 1989 7250 
4709 5186 1747 4239 4051 4869 3145 9244 3726 3631 
5270 2083 4771 1763 5412 3477 6378 8133 4604 8903 
4159 2771 8592 4717 7412 5681 7597 8492 3991 8007 
9882 2572 3681 9197 1442 5668 5823 8696 5860 5681 
6551 8454 5027 3469 2477 3806 8756 1736 2898 2266 
2120 4786 3171 7135 3091 7903 8706 7380 1232 5449 
7955 9510 4861 8944 7832 5289 3957 1789 3215 5596 
8299 8681 6144 7782 8440 7361 3591 4982 8976 1975 
1024 7259 1899 9566 3326 8590 3395 7879 6930 1203 
7370 8011 2625 9197 3417 6186 7055 9450 5410 8759 
3758 2140 6872 1210 1814 9053 2114 2679 6430 6551 
6410 5601 5642 6214 4104 3175 5856 5020 2905 7325 
1869 1811 6705 1665 5276 6945 2937 8296 4210 6171 
9314 4764 5520 6447 4655 7893 6909 5476 6649 3265 
3436 6618 9406 4770 2961 6129 9391 6805 9011 6960 
3648 9778 7467 4464 8210 6742 5754 3657 7695 9070 
4762 3935 2888 2585 7474 1452 8369 5826 8911 6400 
1045 9216 1166 6569 7598 9592 8356 3913 5342 8824 
7957 8972 9419 1217 2712 8643 1355 3034 5016 7581 
3068 2776 9150 4578 3489 8185 6219 8395 2871 4394 
8442 9334 2919 6383 4235 3727 1393 3875 2092 9860 
2488 7224 9123 7350 2191 9654 3276 9397 8123 3351 
1268 1671 7662 7360 6760 2056 7619 9666 7493 1633 
1320 5018 3420 7796 4527 4790 9604 8186 4786 2783 
6743 5683 3835 4295 9864 2133 7391 1405 5899 3607 
5547 6577 7834 8904 8861 7523 5408 3170 1389 6083 
8630 6107 3731 3699 5674 8974 8907 9918 4337 5241 
7725 3149 6630 8413 5100 8524 4075 6061 8448 2938 
9752 2056 2837 5574 3794 6867 3197 8324 5089 4782 
5246 9394 5351 3061 3568 1998 6376 5698 6722 9095 
9729 2459 9286 9190 3895 6888 1836 3365 2811 6013 
8872 2897 3440 2435 1144 6072 2937 4095 4773 9929 
1460 4900 1680 5342 6722 2210 7891 7848 1578 1143 
8127 8222 7053 9087 9378 8317 7522 5072 2662 6835 
9738 7508 9834 4408 5367 6813 7553 9788 6002 6026 
6383 1088 1285 6544 8619 9945 9799 1136 8940 3198 
1376 8333 5021 1743 7509 3932 1811 6507 2944 7718 
6401 4112 5860 3748 6324 2140 6962 1292 6639 2881 
8736 6698 6700 7172 1979 4299 5797 6595 1332 6264 
7728 7567 1146 3696 9676 9694 9579 9452 2003 3516 
6464 5549 1363 1636 3350 1137 2473 7277 2877 3201 
8507 1936 8903 3167 6915 6001 2187 7167 1812 6081 
8607 1166 2311 3497 9935 9483 4959 7735 9003 4863 
6931 4151 8240 8873 7798 7449 2531 7621 9059 1541 
1251 3244 7171 2979 4234 4271 2181 9108 9947 8155 
4419 1194 2651 2090 4783 1620 7981 2074 6469 5764 
7182 4295 6683 6617 4657 6322 5318 6552 8008 6255 
2395 4268 3778 3420 5739 9326 7104 5825 4128 6611 
1257 1622 2010 3529 3477 9446 9156 5971 7169 2117 
6514 9316 3976 2253 7417 4022 8116 1076 5360 3911 
8511 2124 9976 8050 6284 5758 3977 8785 9546 1157 
4648 5213 5837 8086 3688 4567 9929 4182 5939 5023 
5369 8545 4614 1406 4136 2381 8503 6112 2119 7436 
5328 3382 7931 2251 3588 5540 3396 8231 9139 3247 
8222 3306 5228 6783 5524 3902 2603 2408 4714 7485 
1927 5186 4952 3372 6401 6943 5843 9635 3856 7229 
1797 3795 2385 5275 5831 6181 6411 7359 1970 2035 
6315 4809 3245 2595 3502 3805 5868 8953 6014 2734 
3216 6696 4978 2663 9780 4302 1785 9814 1563 8258 
1440 5923 9487 8312 1974 9597 3435 8834 2170 9307 
8571 7305 3514 2669 3750 1092 4791 1617 2729 2911 
3360 7925 8841 7594 3473 8990 1652 7595 8497 6144 
8604 2213 7034 6366 6410 6496 8201 4942 9118 3669 
5897 8511 7624 7613 9814 3663 5504 6236 9049 9899 
4827 7197 7625 3194 9457 6548 1185 4064 9692 2594 
6531 4264 8011 4397 2004 5487 1672 2602 3909 5581 
3166 1350 3784 3582 9795 7414 7926 4437 8210 5391 
4895 9856 2304 2194 2080 4350 8442 9573 4173 5189 
2300 2881 6448 7474 7276 6270 7917 5985 7171 9721 
6942 6673 1143 1068 4025 3512 8078 6098 1327 1972 
5521 6380 8387 5857 7953 4166 9199 8295 8721 7952 
5218 2573 9068 5080 9746 4636 5728 9479 7050 3943 
1689 3798 1790 3297 9099 7056 7107 7137 5292 3123 
7815 7959 6075 9959 8284 8940 2054 9668 4009 2804 
5213 5448 1351 7558 9689 1662 3358 3437 7955 6199 
2097 3496 7251 1129 2462 7372 9058 9752 5431 1426 
4657 9960 2487 6211 7901 9200 3961 8208 1628 1113 
5291 8622 4289 1314 3978 2900 2561 7641 2578 1090 
4263 6695 5220 6163 5640 8269 9607 7894 7562 8164 
3227 8044 1565 6292 1935 4899 6654 6791 9058 5653 
3938 2510 8637 7954 1220 3677 3600 5712 9319 1261 
5351 1725 4491 2687 8351 5988 4641 7989 6608 4163 
2112 8177 4042 9405 3152 1690 3547 7605 5188 6479 
8203 3444 7655 8478 3208 1506 4389 8322 8472 8278 
7934 9973 3651 2920 5518 1772 2217 2508 1758 7194 
1473 2670 7691 1504 6746 1443 4293 6889 9560 7182 
6858 4858 2958 7287 4548 4668 8807 5354 4316 6020 
2469 8182 7342 8616 1456 8712 6978 7329 5608 9849 
9675 2680 5864 6657 4633 3561 2640 4796 9755 4043 
7652 8726 1646 1158 1015 7729 9559 8147 1852 7068 
1929 9654 5041 9056 7122 9736 7691 7724 1582 3752 
7751 4693 5882 7776 5109 9042 9820 1273 9937 2778 
1469 1608 5266 5920 2705 9222 5311 5119 5130 6875 
6889 9959 2380 1990 9436 2265 1298 9713 5725 8850 
8690 7114 5780 4361 4696 5850 5155 4090 6686 5472 
4133 8726 3665 7784 9399 6483 3054 2209 5846 8806 
7678 7372 1171 2073 5127 2819 8586 5195 8216 1402 
3515 1313 8503 2306 4444 5612 9303 3647 1140 6505 
4733 7860 1808 3847 5756 8101 1549 5205 8289 9474 
7302 4084 6443 3328 5985 8618 7641 7190 6948 7526 
7637 1020 9073 5565 6175 1742 8282 8763 8641 7179 
9646 5167 5615 1788 8032 4388 7380 9333 7551 7427 
6016 5572 1933 5295 4689 8116 4917 3733 8784 6622 
3967 6029 2825 1084 9806 7466 7481 6680 7482 3050 
7372 7700 5770 8366 7636 3758 1192 4109 3754 5935 
2247 6352 2474 1546 2886 2085 7640 1505 5492 2848 
9160 8943 4751 1631 2764 1493 5925 6894 4427 9467 
6953 9237 3347 4734 2154 4858 9410 3088 3279 6482 
1476 9458 1784 9272 6871 6687 9161 6228 8695 4178 
3202 5470 6794 8775 5705 4543 9661 8015 5682 6621 
2457 1592 8192 5129 8797 1859 3592 3649 8893 4915 
4118 1003 1340 8897 3016 6286 2397 6015 3173 5101 
9045 6205 3921 4570 2012 6676 2430 2524 5959 7722 
4605 7570 8392 4659 5020 8697 9796 2044 6582 2345 
8837 9520 3461 5628 2143 6167 2162 7357 9385 4146 
5068 1628 3402 3998 7840 8675 3237 6105 9249 2013 
6486 9500 1899 7938 8859 9326 7781 1401 5698 4601 
6836 4252 1275 9908 1226 9061 6027 3925 6913 8013 
6460 5390 4251 3860 3299 9797 1908 9990 5647 1550 
5996 7171 7184 7967 2545 9668 6292 2214 8973 6795 
2436 2550 1647 1480 5762 3231 9965 6779 2101 7156 
7448 2635 1708 3057 5258 1663 2678 6004 1234 9035 
9978 2968 3524 6518 3631 5481 8743 3011 3140 8135 
7078 2593 4714 6567 1236 4403 8872 4372 8460 5632 
3024 9660 6692 2202 3471 1181 4777 6726 1599 4342 
1623 3935 9903 8015 9268 1002 4091 1929 2888 1887 
8676 8088 4388 4514 8654 1535 6930 5051 9833 4102 
7167 3969 7204 4714 5211 6475 8726 6091 9736 2352 
6152 4109 2404 2652 9173 1610 8085 8447 9620 4931 
2278 7088 5528 5228 3256 8910 5569 5289 3926 7265 
1857 2598 6593 8232 9414 6591 4845 7919 9306 5037 
6308 1017 2424 4800 7756 8447 6435 1309 3962 6878 
9814 8899 2969 6293 6654 7848 6441 2391 2900 5093 
7616 4175 4913 4679 8910 3205 4021 8557 6067 3792 
9658 5695 3519 6995 3767 6564 5165 6925 7627 2013 
7232 2468 5453 6627 4609 1796 9485 2042 2335 6462 
1725 6969 9432 8078 5092 2934 2931 1431 1972 9964 
2782 2159 4660 3344 4829 7467 7690 4856 1598 2767 
9612 1308 8026 5466 1924 1755 7853 5148 5622 4919 
2560 9641 5688 8915 9876 8954 5305 6265 8409 9644 
3238 5349 6405 1681 7776 7824 8237 2057 7776 5988 
4108 8754 9496 3373 3196 2059 7097 7156 8730 3620 
6625 1421 8762 3244 2375 1656 7385 5345 2662 3364 
1507 3246 5013 6822 6993 8753 7264 3438 4828 7426 
2199 4306 2918 5084 1868 6794 2199 2470 8587 3019 
5227 9758 1124 8303 2718 9519 9098 6050 6837 4315 
1502 7131 3665 5343 8423 3654 1130 7576 4075 8918 
9257 8056 1944 5052 5002 7320 2876 8677 3483 8215 
9165 1599 4852 3111 6227 8239 4350 4890 8161 1080 
7711 8612 7350 5833 8320 8599 2259 4815 1439 3625 
1857 2969 5290 4311 7086 9026 3633 3021 2058 7470 
8201 4448 2039 6666 6126 7775 2939 6049 6011 6849 
3162 4869 7452 8390 5369 3125 7795 6832 5721 6840 
3486 3194 4544 2446 3425 8508 3855 5896 6689 2994 
3784 8665 2183 8236 7743 1651 2836 2999 6865 9703 
6048 8146 1638 4466 3028 8890 4378 2339 2532 5496 
9252 6558 8112 1996 8509 9561 9127 7390 8206 7893 
2867 7455 9015 7666 2693 3141 8281 7724 4213 7302 
7807 4036 6560 8955 3168 3442 2354 7897 2567 4131 
6288 2321 4643 1858 7968 7581 2709 2931 3161 7141 
5668 1069 6442 3334 4360 6732 2468 9939 7154 6110 
6988 8924 1839 1376 5487 4057 7325 6418 8949 2450 
2264 6637 1238 3182 3330 7570 9131 5014 9114 4217 
1868 6469 1892 2306 7725 4282 3240 2885 5066 5602 
2227 4454 4071 4494 1075 9468 3247 7320 9193 5775 
8984 8066 1482 1258 8576 9710 3490 2350 7081 7680 
3579 3165 6195 5295 1361 9428 8277 9597 2339 9944 
1218 9776 9985 2039 4097 1336 9177 1636 1487 4978 
9135 9400 3055 2339 2316 7248 8172 3897 2101 4445 
7398 1719 5147 8214 8230 1491 5722 7507 8494 5312 
1360 3320 1864 9466 6824 4263 8659 1230 3647 9385 
2763 9718 2589 9633 4943 1803 5005 8780 1348 4107 
8611 3489 4871 3704 6480 6789 9729 3114 4710 1472 
2864 7698 2856 7091 9615 4430 2510 1315 6266 5013 
1991 5907 1050 1774 2223 3696 4567 9807 3180 9526 
2681 5017 6521 3637 3018 6371 2529 8320 7210 3747 
8799 7977 6535 4305 1304 7206 7909 4298 4498 6221 
9187 3106 9207 3516 3842 2658 8960 6071 4250 9669 
8248 2040 4758 1970 3853 4346 2971 3660 1592 4166 
1992 3760 4111 7912 1485 6799 8331 3273 2875 6177 
5647 1084 4051 8463 3074 8249 5249 1141 2370 2492 
7415 3949 5620 3463 1179 7345 5273 5183 4049 6043 
4277 2280 8724 3663 2310 4547 4027 4980 9249 1199 
9739 5439 8486 8290 7335 7078 2414 2926 6448 1981 
4883 3719 4049 1023 7607 2528 2343 3690 3836 1596 
9053 8612 6437 6582 1771 2060 6947 8501 1900 3320 
1814 9998 8935 2641 5693 8422 3735 3600 4027 8874 
2391 7158 4006 6750 9987 3991 5601 5790 9956 5979 
1047 2469 7919 6569 2625 7818 5956 1543 6707 3692 
3312 2971 9165 8952 3098 7745 2996 4887 8143 2209 
1031 3474 5176 1228 8692 3666 4328 2467 9944 4221 
3003 4998 9370 8761 8139 1614 6599 6727 3035 9038 
6601 1400 9073 8801 6351 9429 4629 6345 2006 5560 
7224 4125 3031 6819 2344 7063 4406 1989 7228 5754 
2087 3366 5635 6570 1961 5265 7697 1796 4885 7768 
1342 6606 3702 8749 4419 2560 5727 6745 7676 7744 
4447 9560 1408 8688 9131 3267 3741 5040 9321 6957 
5972 5524 9252 2985 4980 5009 7899 1823 8527 8629 
9290 3858 6436 1606 1371 4716 7545 2243 4827 3672 
4221 5845 2401 1295 6688 3696 2634 2348 5084 1706 
6953 8368 4580 4379 9770 4265 6579 8925 6141 8202 
3599 4123 8093 9989 3950 4327 8141 5830 1323 4384 
7515 8409 7382 5588 6811 1058 5971 4644 9761 2169 
7586 9202 7251 8131 3378 6246 7794 3256 3315 2388 
5947 7955 7100 8522 5486 1189 8240 7358 1184 4287 
3906 2814 7424 8262 9977 6313 2911 3658 3133 6737 
2155 5852 1256 9839 1248 3918 2461 9193 2768 7523 
9410 3623 1059 5633 5953 4796 2943 2213 3925 5224 
2255 8562 9910 8296 5422 2223 8682 1805 2788 5669 
1730 3714 5043 4576 4119 2171 4661 4317 6405 2323 
6689 3021 5843 7953 6484 1953 2976 6952 8058 8697 
8166 1821 3477 5340 4078 3602 7987 2147 5220 2616 
4221 2071 2037 1671 4944 6843 6086 5331 5764 1137 
5856 4192 5274 3635 2779 8228 6636 6582 1059 5624 
4459 4527 1411 4745 1623 5086 9639 4428 6510 9727 
2008 3290 7259 4234 1124 4658 1689 9132 4690 8414 
9833 6797 1131 2846 8010 3658 5075 2493 1311 6417 
5994 4984 4153 5405 2310 6829 6872 4819 6627 8561 
3643 9956 3859 1392 8996 9462 8866 8736 7689 2535 
7396 5618 8531 7839 9338 4666 5595 4689 5176 7018 
2054 6915 5928 8821 2249 4939 4984 7993 3831 7736 
3780 6104 1291 1639 8661 3665 8070 6460 9065 6897 
5253 3949 5435 5293 1318 1613 1065 6054 2024 6468 
5066 5864 3941 4325 1711 3637 6677 1706 5337 1186 
1808 2666 6766 6904 5543 3037 8013 4497 1691 3268 
1623 6256 1606 4926 1677 2352 8377 5565 9269 7457 
3360 6871 2182 6729 6477 2741 7858 8081 4134 9074 
3174 3615 9397 6090 8302 2736 9870 4272 6046 5937 
3003 2456 8389 4077 8181 3056 5470 3141 4258 7083 
8141 7133 5794 1242 3123 2767 1164 3579 1179 7487 
4877 8312 9748 3199 2143 5791 6452 1850 4438 2126 
8639 5766 7831 4687 3076 9434 1490 4433 8093 1411 
8883 1770 7298 2259 1676 5942 4941 9602 7077 5214 
9747 3609 3689 8306 5162 8992 2921 4925 3869 8640 
3195 2974 6113 9171 1862 7955 2082 8544 4842 2976 
8221 4664 3639 4955 5661 5014 5249 1596 4061 8728 
8905 6258 7292 3480 1742 4724 6311 4103 7282 2076 
1451 4969 4040 1475 7804 9691 5249 5162 8810 6913 
4266 1634 6611 7332 7511 2594 2005 6520 7499 5241 
2035 4965 1113 8015 2493 7471 5945 4437 8182 6221 
3886 9986 6104 2373 1300 1877 7359 3779 4008 4575 
3560 3046 1841 2245 5021 8696 3589 2116 5034 2881 
6035 8364 6337 1324 7181 9408 5963 8680 4497 7085 
5406 7367 1387 7060 5128 5802 1269 8646 1044 2096 
5405 2827 6829 5812 3964 4585 2601 5807 3859 2638 
9395 9955 9956 3596 7176 6687 7293 4013 2991 2130 
9326 6729 1316 7328 4359 3973 7767 7740 6806 8041 
2500 8318 5770 2464 5218 1131 6764 5551 2675 2711 
3453 7462 8341 9442 1584 4682 5774 6301 5366 3469 
1340 8384 8142 7612 9216 2213 4739 5388 5960 7298 
3175 7634 3496 7954 6022 1156 3400 1316 5883 5081 
5956 6305 7117 8180 4708 8215 2822 5714 6312 9834 
4420 6240 8086 8494 8597 2765 1044 4472 6648 9156 
9057 9836 8457 7252 6835 1707 2863 6127 3795 1052 
8230 7213 8225 3300 4006 2602 8619 1443 4675 9513 
5941 9055 3888 4919 9652 3052 9801 1037 3851 6546 
3277 8420 4415 3643 3885 4695 9941 6347 2606 5472 
9804 5006 4768 8971 1955 3900 7713 8214 6345 3237 
3144 7736 1773 1349 5288 8727 3931 2902 3914 1598 
9493 3033 8809 5049 8062 8898 9225 8802 4225 1145 
4315 4990 2738 6875 1872 4303 5141 1673 2480 1657 
5577 5575 6680 5369 7647 6536 1696 2817 6633 8574 
7690 4564 2266 9700 8352 9448 6285 5801 3193 8970 
1056 8619 9473 9869 5784 7726 7700 8058 6299 6559 
6072 6908 8764 8618 3250 9459 6691 9502 8296 3090 
7820 7573 1409 8780 2391 2605 6513 4711 3568 9129 
8568 4585 2685 9029 7832 2281 1700 1073 7021 2513 
5134 8822 2126 8642 7481 1634 4341 2509 3183 2391 
4931 5900 6684 3031 8132 9830 4495 9717 3817 7019 
3086 6774 6318 4362 6242 5161 7917 4593 7267 8741 
7303 4209 2524 5374 3925 1893 7420 9955 3989 6493 
7058 8142 8111 1746 8796 3310 7780 2137 9216 5809 
6225 2872 2888 8409 5596 4091 6585 9698 3549 3416 
1191 7417 8572 4266 1299 1409 5088 1648 3232 9397 
2849 9568 4441 1324 3283 9213 1098 9404 6194 7978 
6802 4023 9464 8840 5954 1820 6441 9363 9970 9419 
7616 7235 1080 2427 5176 5935 4643 8884 1523 6637 
1362 7711 8797 4902 3593 1315 5436 3900 9853 1962 
4615 8078 6695 7934 6108 2950 8505 4367 2686 4898 
2661 8089 2652 6188 2647 7359 4061 4627 4376 4423 
1336 4890 2894 8764 2793 5788 8867 1740 7550 9072 
4211 4213 8643 8712 2688 5227 6640 7866 8627 9908 
8926 8211 9697 6612 9759 1386 5284 4375 2344 9334 
9314 1030 7538 6140 1927 9855 3665 7660 9946 3843 
5679 5096 4890 2807 1342 8217 4691 8572 4447 7687 
7898 1598 3399 4085 4499 9503 3192 5678 7027 6209 
2866 5188 9330 1408 6251 8973 9038 9560 9946 7467 
6328 9193 8211 7050 9171 9132 1914 2621 8807 3770 
3750 2691 8306 1936 7645 2696 6506 2488 1660 5764 
8742 5825 9577 7370 5219 4460 3113 8840 3113 5570 
1556 9162 8521 2237 7423 4890 9388 8600 3690 9098 
8298 4606 6820 5414 3960 3313 5542 3460 9792 6419 
6266 2396 4594 5516 8006 4661 7633 9671 4036 5895 
6610 8197 3579 2295 4832 6933 8434 8301 6121 8334 
6165 9815 6398 7641 8874 6652 5463 9119 2466 2981 
1092 8166 4186 1190 1076 4865 1087 5246 5243 2888 
2293 1025 6345 2325 3560 4907 3448 8216 3067 5727 
1109 2897 5896 4635 7523 9725 6797 7977 7877 3309 
2768 7304 2938 8825 6612 7806 2528 4180 6382 2231 
5923 8802 3890 2769 1597 2877 3419 5240 4698 7840 
5248 4176 5501 5417 9934 2688 4381 2006 1580 8972 
3558 3694 7508 2826 3657 5996 5658 4348 4274 3943 
4707 6289 1201 7651 5074 8119 2821 4137 3298 7815 
7453 2133 4517 1376 5133 6956 3331 6226 2305 3078 
1778 4479 4521 2664 2067 5677 2077 5026 4437 4380 
7417 9356 2938 7357 6463 2618 6280 3375 5732 4883 
4748 6030 5284 7081 4085 2558 3138 3821 4002 5538 
8428 7916 6298 5633 3115 3121 7847 7099 6395 7963 
9909 2162 1060 4006 2701 9198 5619 4758 3720 7858 
9435 1378 2992 8651 3910 3096 1458 7342 3795 8105 
8115 5812 4179 9538 7207 9696 4334 1589 9487 4690 
5842 5702 9423 9333 3564 9053 6933 6595 6663 5687 
5050 5020 7590 1526 4251 1497 1256 2439 7113 9163 
5334 6863 2078 9419 2174 9508 2094 5490 1977 8951 
7437 3576 5506 6475 1335 8120 7761 2014 1868 6605 
6933 3321 1692 8620 4830 8156 2498 7957 6814 3340 
9436 7786 9348 5228 6151 9669 7821 8903 2441 5920 
5591 2841 1259 9997 1462 1013 8547 7604 7320 6956 
5624 7479 9901 2583 6531 4497 9920 4605 3757 3078 
8969 5029 4253 6902 9821 1092 1419 7624 9068 9143 
2367 9316 8006 5103 6494 6887 8930 3307 6315 3434 
1850 4195 8354 3625 7836 8381 2947 6659 6252 1896 
7252 9282 3072 1339 2963 7459 8003 8786 9988 7186 
1178 7520 2692 4470 9529 9121 7171 9971 7932 4454 
8985 2890 9026 4826 1498 5091 8451 4092 2534 5529 
8918 1994 9774 2533 3109 7616 9482 5066 1064 1507 
6813 2968 1845 9764 2822 9717 6127 8723 3862 9672 
1343 1830 7719 5005 2327 1786 3074 1317 6243 1724 
7139 5233 6414 3677 7640 3558 1232 6973 5512 4697 
5441 2319 1866 6426 3654 9491 8244 4674 8272 9319 
4842 4866 6387 4364 3886 6353 6751 1614 3663 9848 
3708 8301 5169 9729 4990 3438 3479 2632 8217 3765 
5477 4711 5628 9567 7596 8461 6726 6967 9021 2168 
6077 9296 5813 4191 3932 4880 8421 2527 6640 6318 
8657 8930 7119 2076 9434 3988 3641 1572 6112 7268 
8035 5987 5716 4156 9962 9869 8446 4008 4098 4356 
4800 5641 6460 6702 4629 2565 5808 2828 5280 3088 
4359 8868 8129 8275 9525 3014 1509 4179 8841 1169 
3573 2944 8955 2772 7337 3586 2464 6664 3404 4994 
9453 8993 1130 8034 1015 7839 9621 7322 2463 4930 
1108 3997 1664 7246 8006 5437 5825 2308 6876 6783 
6812 9486 6935 1629 2294 7498 2432 6987 3716 6813 
2854 2985 8170 6835 7786 3295 3674 1334 9221 6910 
3170 8626 3308 9444 1162 9829 4815 7292 6173 9707 
1439 3904 5273 7555 2923 3457 2740 4987 7383 2009 
9019 2188 7315 4583 7067 1802 5668 6904 9044 9320 
7315 3531 4506 1692 6997 2218 7071 5426 2304 3584 
9306 4769 1599 3589 9523 6431 9680 4789 8276 6680 
2082 9801 5516 8996 2556 6423 7156 1646 2120 5540 
7707 2252 5553 9707 3204 3108 3106 8365 4539 5917 
4846 6313 2748 8755 8593 8439 7599 1386 7572 8809 
3954 2099 2257 9015 9396 3567 2923 7191 5826 5105 
9358 2841 8239 5591 7422 7049 1175 7782 8991 8193 
7177 1874 5429 2683 5831 1228 3596 7544 1632 5595 
2955 7190 8241 7160 6370 6305 1434 1981 8095 8778 
6039 4201 6636 6378 9021 1665 8642 5972 8777 7891 
2873 4589 9200 2152 1338 7115 3583 5019 7033 7586 
8976 5807 7444 2110 8569 9376 6254 3649 8358 7851 
7713 6657 6667 4198 5696 2129 9911 2075 1803 7737 
5509 2583 8319 1941 9002 2403 1763 1109 4369 7118 
1040 5833 4136 6193 3464 9593 9935 6979 8942 6643 
8645 6013 8878 5731 3618 6725 9977 4299 2465 5791 
3856 9122 9260 2680 9442 6079 8236 2839 5244 2590 
9206 8325 8631 1822 9117 9034 8249 8183 6225 2856 
5289 7667 3587 9459 9383 8461 7566 7097 5273 7149 
6642 8622 6165 6066 2680 5730 8577 9930 5954 7922 
5471 9986 3510 9941 5857 8661 6242 9043 6125 7323 
4032 5080 1048 8388 5981 4090 1886 7577 2366 2869 
3960 4951 9047 3965 2101 6049 4519 7836 3560 6177 
3551 8994 4098 2157 3974 3082 3828 6938 5809 6572 
1522 1489 9472 2485 3179 7253 8677 8472 6789 8123 
7166 8765 1523 1821 1207 2859 1525 6374 6057 7654 
9501 6830 8715 4306 8792 9607 1656 3342 9029 8859 
6768 3646 9671 3359 7566 9646 8136 9677 1045 1118 
8667 4681 7075 1856 8909 7109 8284 1889 8439 5775 
8463 5084 8391 3424 4755 8000 7273 6207 9212 5481 
6633 7677 2889 4893 3286 3039 9167 7260 1599 8311 
2675 9978 5554 5864 2242 1767 3970 3181 2064 4639 
6095 9251 2717 2042 1921 7774 6331 9023 9608 8700 
8107 4054 5079 4888 9286 3821 1477 2842 5136 5681 
5157 7830 7762 7627 1132 8561 8343 3538 8155 4938 
2549 6724 9954 3913 9556 5471 4393 2930 3435 3267 
9214 6440 1849 9644 6901 3607 2188 9540 5430 2663 
9471 4937 5753 5155 8656 9951 8261 3710 2447 9201 
3867 7261 4767 1135 5380 2193 8763 5641 4317 1868 
1219 4062 8597 9745 7924 5678 2522 5698 7429 9858 
7651 7467 3509 7544 7425 9053 9935 7480 7969 1390 
8149 8959 4234 1485 4812 8541 3013 3577 4912 5159 
9243 9676 2637 4206 1428 2899 3305 9835 8691 2674 
7784 5802 3143 8773 8272 7207 9861 9916 5909 6913 
6979 5288 4478 4249 3825 1208 4906 1891 3912 2973 
1551 6499 2229 1847 3117 5257 9855 4513 6021 6644 
9111 5132 6794 8370 3765 2516 6719 3405 3781 4439 
7996 6102 1276 2841 2057 5438 7853 4543 5293 4105 
3981 2097 6978 4185 3494 8018 1333 5547 2044 3753 
8757 2965 1091 1958 4551 8279 9477 7784 3594 4227 
4057 9902 5799 4991 1385 7521 1939 7966 7790 2067 
5741 6394 6569 1636 1264 4727 2689 4269 8086 5983 
6352 1612 7707 3213 2625 4804 6171 1091 7097 8316 
6937 4810 3264 3743 2819 2194 7872 6916 4105 7501 
1508 1468 4567 9525 3127 4007 7063 5133 6634 7441 
1962 4667 5583 1100 7978 9510 7166 2397 8887 1826 
1737 4925 6647 4920 3878 6783 9272 8105 6511 6003 
2126 9748 8390 9685 9144 7525 7274 8869 9292 5666 
7099 4444 9531 6883 5600 7418 6972 6174 6976 1289 
4699 3645 1979 9501 4462 4730 6342 9878 4289 1717 
1103 3355 3396 1536 1716 6989 9465 4468 8433 3041 
3331 1105 9034 4970 5161 7736 9284 6013 2947 6169 
9108 2331 2811 2491 3991 2943 5884 5721 9062 6341 
2683 1005 8246 9228 8941 5992 9658 3512 9315 6114 
7328 9658 4502 1339 6860 4528 6196 1078 4414 4701 
9690 7945 8764 3382 3500 9403 6883 7928 6111 7884 
3952 5805 3542 4416 2039 4702 7826 4802 6412 8134 
5830 4793 3644 2463 9291 4898 8496 4287 6043 5262 
1616 5040 7668 7230 8437 3029 3851 8706 3166 4402 
2187 3308 5364 2892 2913 5127 6126 9274 1512 3600 
9633 2684 5274 5131 5777 2685 3865 4063 9004 3035 
6106 9164 2523 2830 5255 7879 1650 5832 3626 7685 
9655 1672 8196 3060 8066 8977 9750 7876 6263 1359 
1152 7469 9245 8047 7722 4786 4434 9532 6231 4929 
8241 9265 7977 1876 2557 7618 6683 9393 7388 2971 
5238 6268 5041 5956 9011 6084 9494 1607 2930 1417 
3138 3655 6065 7665 1875 4504 7131 9716 6114 6793 
6168 2349 7172 3332 8735 3388 6383 2400 3301 6971 
1382 1670 5800 2237 2747 1620 9046 7454 1263 3128 
7972 9674 9533 7252 8527 8767 8041 6109 1607 5567 
7415 5066 5476 9884 3131 9974 3293 3629 1841 5176 
6950 8631 2239 4780 9509 5867 8303 6448 7827 9837 
6443 7981 3069 8408 8213 3441 5875 1059 8565 9388 
6606 8371 1213 1442 9457 8472 2552 1580 7691 8456 
8384 2434 5687 2113 8433 2687 3958 1879 4810 5181 
7895 7015 2147 2643 8277 7026 4213 7266 7510 8392 
9184 4987 8789 8259 9613 8919 6281 8262 1246 4845 
4481 2270 1830 8137 8584 1565 1738 6909 3822 4165 
3113 7313 8033 6772 8939 6921 3783 6225 6762 1456 
4954 8108 8958 5936 1495 6359 1964 8752 4300 1019 
6194 7935 3272 9272 6804 3219 3383 3734 3161 3208 
7597 4744 7821 1521 7933 7400 9379 4519 8548 7196 
6355 1124 9046 6587 4114 8880 4165 9968 9275 3723 
1589 4277 6216 2176 7814 4815 8689 5158 3226 2396 
7335 4578 8292 4672 2403 6629 6823 2658 9364 4331 
5710 8527 8954 8658 6108 3587 1057 8517 8432 7524 
1513 4427 2257 6293 5699 6269 3305 6807 1677 3802 
7129 1605 9292 9067 4740 7487 8326 3208 8165 8207 
3662 6844 7593 7366 8310 2992 4700 8754 5708 2913 
4080 8890 8377 9072 7399 1377 8715 7803 1696 4746 
7068 9050 9598 1904 2444 5312 2553 3884 4218 9551 
7894 6043 7324 4959 2739 8193 3562 9374 3449 4283 
4244 2652 5980 3779 3394 2694 4633 4073 2123 1033 
3805 3927 3215 4269 5736 7795 8942 9380 5222 2311 
7922 6469 9188 1807 6819 8255 1612 9107 1060 1401 
8956 5592 4243 6919 1045 3297 4646 4658 5795 2423 
3933 9671 5095 2942 5710 8129 1392 9790 3697 4129 
1836 9496 9511 7379 6981 7140 9300 5026 8835 8460 
5138 9988 4212 9417 1602 6467 4222 9225 9655 5401 
3599 6493 3196 2266 3660 1931 9419 6416 7162 1209 
3081 3414 6724 4978 9188 3063 1981 2147 9258 5545 
5325 5624 1465 6014 7425 7947 6243 4921 9729 4179 
9016 2713 3142 1065 3002 1886 6760 9020 4448 6499 
9017 6951 3735 9637 9054 3910 8228 6603 9363 4338 
2731 5200 4486 4886 7186 9288 7051 4566 7740 8016 
1002 6557 8393 7533 3133 5130 5661 2994 2996 3043 
2799 2966 8086 1452 2455 4527 4544 3200 6743 5812 
4150 5476 9356 1824 4778 4025 8281 5931 6877 7301 
9583 7031 3248 8560 1927 5303 9718 6834 6603 8665 
5361 5920 4282 2718 7214 3312 3712 9163 3089 5446 
6994 7102 8972 9371 2254 6180 6179 3203 7286 9702 
4922 7603 6105 7808 7632 9031 1837 2645 2822 6525 
1803 4577 1049 1919 8808 3489 1106 9459 2346 4987 
6169 3492 6189 6201 2098 6313 9451 1872 9521 1428 
1505 2890 9280 4171 7246 2711 7998 9066 6716 3200 
2501 5912 3465 7855 6823 8058 4158 7526 3711 6157 
4292 5677 7595 7708 2870 7759 9864 8758 8912 6915 
2182 7362 5462 6176 2637 7129 6598 9528 3229 9187 
1919 5844 1356 6808 3925 7822 4765 2189 7666 2658 
5193 1206 1842 4295 6624 7465 1827 2759 7342 7255 
2044 2656 5582 8634 4841 7350 3044 2474 5509 5352 
6463 9347 3764 1441 9844 4171 5194 5403 9208 3762 
7191 6998 3710 8826 3685 2059 6715 9058 3627 8198 
4010 6779 7692 9243 2460 1793 5982 9174 9707 3636 
4486 8083 7741 1145 5193 1564 8856 9938 6544 9365 
2698 4677 8290 3831 1590 5390 5138 8944 7931 6213 
6631 3009 8660 9090 1916 5878 1618 7631 6494 2087 
9762 8960 3090 5424 6501 6338 4004 2049 3365 1042 
8004 4169 3555 6492 1800 3014 5538 7686 2813 1513 
7756 6646 2156 8932 4097 3608 1428 9789 8497 4955 
5236 2966 3192 8636 4612 5448 3548 1275 7301 1836 
3524 2064 1404 7772 1517 6637 1037 7392 8766 3947 
7694 1680 6495 4009 5575 1810 8988 7776 2330 6543 
1786 1152 4051 1030 9183 2492 1990 6309 7607 5196 
1607 2280 6058 6871 7702 2145 3466 3860 4382 1260 
5085 7551 2058 8094 6950 6254 7000 9181 3962 4469 
2030 5709 2700 9993 5127 3126 8879 2135 9343 3285 
1646 6085 6796 1194 5011 8730 2814 4012 6728 6493 
6976 7799 5261 4361 2523 7593 4539 3339 6468 2897 
7355 5053 1919 5867 2468 7742 9552 3735 5307 9700 
9906 7652 9884 4067 5092 1178 6345 8228 2936 1983 
9623 2198 1669 3342 3414 7580 2147 8926 3487 4571 
8292 7424 3412 6936 2257 9755 2009 5202 7318 4495 
2286 2046 7358 2987 7330 5517 6656 8774 8242 9867 
2394 7970 3870 9659 1184 7347 2318 4444 4218 2908 
2121 9376 7342 5906 5838 9666 8805 1450 3248 2939 
2119 9335 7766 5201 1807 5323 3453 4651 5395 3688 
4109 8282 5037 2561 6709 2248 7849 1249 2888 8558 
3931 4573 9989 1576 6364 4524 1655 7076 2769 3817 
8035 1259 3007 6785 8203 2059 8622 2137 2042 1454 
5722 2648 2832 6545 7406 1320 6942 4898 2756 4245 
5635 2200 2208 4062 5253 4703 5186 7792 8708 9041 
3384 4731 7988 3192 1090 4001 5542 9903 2328 7491 
6735 8716 2866 2310 1370 2068 7950 9268 2425 5835 
9859 1954 4501 6015 3208 8475 7111 1665 3915 6157 
5983 5420 3959 3403 1559 5419 6971 4775 6791 3846 
1831 3417 2391 7178 6739 6834 7034 1343 2899 5979 
4647 1311 3170 1949 7425 5982 9735 6769 5338 4720 
7476 8744 4106 1906 8698 8419 1562 6758 9360 2307 
7282 7842 2171 6004 6661 1849 1152 6417 9056 1922 
7907 8805 6991 6223 6049 3848 4861 9134 5887 7738 
2994 6183 4196 7158 5729 1319 5588 8559 6483 2477 
3938 6421 3197 7262 4746 1650 4863 9989 6184 3522 
4766 5956 4773 9640 4447 5823 1300 9206 2166 8561 
8414 1034 4042 8498 6959 5951 7216 4707 9155 6354 
5370 5701 1327 9554 4085 1829 5712 2021 4036 9559 
3816 3202 5305 1564 7824 8560 1639 6433 7256 8131 
9770 1501 8091 7506 8695 9199 6215 9734 3533 3189 
5741 4835 9034 3869 4282 3500 1524 8735 8957 4138 
1661 5059 4388 5052 1673 6696 1974 1365 8950 2532 
6683 2165 9825 9923 7410 1885 2261 3000 4849 3877 
9756 5918 4588 6655 6949 1232 5444 9529 1967 3928 
1480 2911 2929 7311 3887 1683 6292 1126 8010 5180 
3311 6596 4533 4979 1759 6459 4229 7072 7777 1441 
9834 8398 2673 7970 6270 9471 5807 7436 4486 1571 
4309 8133 6082 8886 8238 3005 4282 1536 2260 4994 
6274 9696 1568 6986 8534 9559 2508 4209 7679 7563 
6116 4648 6411 1157 5048 1658 9750 3829 9079 3031 
1581 1868 8878 4032 8218 2014 9106 5445 8101 9962 
6690 2881 4245 1868 5459 7490 3144 9025 3757 6112 
1506 6327 5191 6426 7469 9419 5587 8904 2756 1407 
5023 3171 5787 1697 7332 9411 8074 3546 8110 3495 
7823 3815 6347 7642 7629 4559 6186 1029 4682 2725 
6998 5982 4786 7605 1797 4634 7387 9168 8111 4661 
7396 4605 8957 8094 1968 5440 2418 9923 6515 6427 
1776 2624 3630 2457 1394 9053 6061 5946 9587 3306 
9207 1556 1967 8923 3275 8009 2005 4537 6669 1656 
2999 4612 7952 2148 5077 3502 1001 1526 4443 5784 
1993 5028 9108 9592 7890 2037 9207 8155 5669 8331 
4989 6326 6464 1483 3063 6716 2855 6310 5880 2548 
3756 1310 6882 4788 2948 4324 2826 3566 6791 6012 
9006 7777 5804 5237 5143 7832 5783 6545 8216 9226 
5474 1351 4648 4858 4571 8265 3181 1437 2463 1092 
4755 3112 5537 3506 6890 3282 2015 9489 1564 8268 
6326 4968 4965 5222 8737 7642 8059 8002 3288 8451 
7834 5621 4714 6510 7498 2396 6471 8464 9421 8765 
7929 6395 2717 8568 9706 5783 5303 5863 3866 6301 
9025 4261 4772 2973 4096 5121 5643 7785 4949 4852 
8307 2054 1131 6471 7934 9775 9147 9785 6554 4024 
9931 8086 4825 3303 7185 7807 7636 9149 1907 5676 
6051 1696 1506 8496 6580 6067 9544 8227 1890 5401 
7767 7942 9623 1193 1617 1452 7942 5030 9123 8200 
4935 6642 4827 6035 7458 5481 3320 1441 9052 5704 
7805 5164 2674 2758 1111 1548 8134 5085 1286 9643 
1037 4289 6133 3628 2559 8851 8143 4564 3659 3142 
6233 6899 5521 2184 1226 9833 3751 8978 9125 7454 
9565 9659 1289 4619 9368 4911 8939 9226 7358 5165 
5067 6422 1987 8881 4159 6911 8514 1771 1559 9973 
4204 3628 3248 1828 6073 6909 4903 7097 1850 2463 
6468 7922 7522 8192 5165 6888 6369 8291 8281 4647 
9250 3143 9976 2271 9299 8712 5793 2048 4171 2385 
7141 7413 9627 7655 1980 6382 9037 6935 7626 4531 
4814 5510 6067 2351 7541 3921 9134 9145 9689 6553 
2051 2592 8673 1295 8187 7824 7840 3361 7622 4946 
2332 1443 6670 2528 1476 7878 8229 6995 7382 6940 
8608 2496 3380 4767 6727 2802 4924 9614 4556 1845 
9522 9736 8322 9175 8645 8479 9152 6158 1006 1102 
4489 6733 1565 3757 1657 6957 9298 6310 7473 2980 
8523 3647 3864 5043 4504 1853 6166 2744 7686 9852 
8964 9849 3299 1849 4024 6777 5323 4309 5696 1780 
1371 4538 1339 4338 7501 4465 7045 8512 8630 2847 
2996 4445 4174 1450 9178 9474 6263 1356 5511 5956 
5291 9637 3761 2743 3980 7125 5475 9668 7757 1151 
5561 4683 6010 9381 2829 1990 5214 3480 3763 1104 
7683 2475 3824 2673 9793 5607 7375 6605 3467 9290 
4806 6854 8676 8325 5162 5508 6127 2506 4870 9287 
3046 2413 1059 8423 2556 6247 2786 7875 4627 2459 
7919 4034 7987 1529 1795 2175 7078 8323 7821 4141 
5984 3809 1967 9864 2250 5395 9192 5140 2604 1641 
1712 4204 6351 7048 1030 9282 9265 1668 8305 8362 
7825 9419 9055 3071 6449 2073 6941 7156 8813 9719 
8710 9213 9659 1858 7762 8489 4218 7461 9397 4283 
1135 8947 5171 7159 6907 4250 7175 6166 5291 7987 
6250 6458 1708 6480 1893 7675 1030 7862 1694 6837 
1103 8147 4384 1736 6466 5760 6181 3373 8082 5077 
1778 7047 4435 8467 7304 6119 5450 1843 4355 6610 
9804 7246 9011 6996 9746 3824 1108 3886 1764 7669 
3254 6394 4598 8313 8974 3675 9831 6101 5013 2755 
7812 8006 3150 4323 6742 8211 3636 2263 6903 8938 
9568 7762 2168 8807 2699 4758 9303 9618 5207 2453 
8004 2388 6302 2201 4339 2005 2478 6835 2911 8006 
5381 2235 4068 2442 5874 8052 8415 1066 4821 2792 
2995 4940 9296 1882 5166 8078 3016 8120 9128 2093 
7000 1399 9546 8364 6068 6865 4808 5927 8190 1480 
1052 3709 8350 9709 5301 8275 1601 2325 1461 9167 
2174 6939 7263 5107 9755 5655 6903 5703 6605 8461 
3209 6792 3578 6842 4045 6228 8469 5135 5549 4210 
8467 1426 2231 5745 5993 3526 8914 4148 4800 3902 
6756 3107 7266 6140 9155 1324 2321 9122 8227 7037 
4390 1590 6415 4955 5261 5198 9472 9963 4091 7158 
7650 2083 2153 8778 3935 4086 7596 1586 9224 2733 
5580 9256 7358 8264 9767 7366 2731 7784 6885 5118 
9685 1695 7674 5402 4215 8675 7465 6396 1430 7141 
5285 4979 6212 9637 9310 9960 4424 4345 1109 7086 
4656 7870 8227 4449 5420 4912 8990 1661 6156 6685 
2617 2789 5814 6498 8433 4989 8161 4468 6234 7661 
8444 1417 5703 3319 5065 6758 7864 6677 6828 1762 
3252 4988 1968 7612 1147 8475 9414 5296 7270 9897 
2148 3830 2906 5619 3547 4092 9628 6899 6263 8869 
8777 4207 5456 5593 3054 6847 8528 6063 6092 3229 
8165 8082 5712 3714 2026 4258 5332 6195 6889 8424 
9060 6962 9694 5949 2759 2310 3284 9372 1586 9044 
9032 4994 2132 6358 6747 8167 1465 2751 6486 7425 
2682 7671 7937 9324 3130 9922 2134 3330 9174 9254 
8157 8851 8021 3173 8868 1894 7199 2452 4466 2633 
4724 8807 9180 3373 1002 7543 5246 3341 7376 9747 
8051 7984 1604 6123 4053 9423 5842 6782 7326 7302 
4224 2796 2747 3328 9608 5144 4570 5195 6433 5153 
8730 6496 1666 9150 7444 5126 3529 9443 9011 1267 
9682 1418 6899 7930 4087 5774 8647 7792 4051 9538 
4989 6257 7879 3458 2434 3129 3502 6987 3525 3285 
7610 5005 9582 4955 8223 9546 2043 4232 5118 4326 
4206 6672 8706 2932 6614 1510 3818 8052 7981 9892 
3064 7287 3198 1994 6732 2866 6530 5350 4792 1628 
4497 9359 4852 8737 3631 4174 2190 3553 9012 8595 
1295 9427 5873 7862 7140 7670 5508 3872 1257 8826 
5685 5182 8211 8252 3934 4677 9871 1128 9373 7949 
1141 7986 4377 8088 6623 1625 8835 2672 2456 5727 
5531 1407 8685 9813 9899 4395 4512 9647 2472 4838 
3145 8868 4566 6395 4769 3993 4591 8749 7302 1505 
9274 2336 4427 8465 4814 5157 9898 1734 3874 5109 
7609 4794 7699 6214 2009 6700 9166 1129 6658 6614 
3683 8386 1804 2435 8188 6766 7131 7511 4745 3004 
2513 8592 2318 6344 3901 7611 7468 3390 3428 6132 
8622 9682 5908 4878 3076 1547 9185 7997 7358 3438 
5230 5253 8577 9148 8548 5810 4352 5332 3567 8983 
5004 5698 8637 6169 9139 6012 1024 5839 7926 3762 
9370 5177 7287 3085 3482 1453 1086 7045 1275 1686 
5159 2735 5392 3155 8209 3409 9765 6802 1558 7083 
4465 6551 6434 9496 8382 7888 7227 7421 8300 1920 
3789 8942 4297 1503 8963 3901 2787 9196 6234 3330 
1181 3674 3816 6023 8857 9951 5179 6072 9839 3078 
2500 6340 2871 9357 1820 5426 5896 6696 2024 1536 
7780 5279 2268 8830 7984 3678 5765 6023 4105 1068 
7923 7543 4271 2303 1607 8979 3395 5395 9444 7927 
9303 7743 5287 1293 9802 5178 7129 3045 1418 3150 
9215 9269 9585 7676 4447 1241 9295 9827 9114 6678 
8711 6371 7639 9392 1725 6151 2536 8743 2866 9645 
3085 2099 1894 2298 1555 2097 7926 3323 3623 6945 
1083 2065 3296 2458 1773 6431 3319 8544 4865 8010 
8884 7600 1751 5221 5425 3804 1715 1756 8353 8753 
5437 3892 1206 5652 2527 8171 4617 2846 5437 5051 
9155 4466 5919 2166 6413 5870 3793 8129 4691 8834 
3370 4528 2379 3713 3724 9988 8417 7172 3169 2030 
8482 5916 1979 1432 6994 2412 2120 3078 8129 8270 
2714 8128 3193 7046 6811 8796 4631 5313 2774 3693 
7844 3130 8282 8271 8714 6439 6564 5682 2238 6645 
9581 7215 8140 9910 6777 6647 5912 9582 5975 4384 
5276 5278 2721 2124 3897 2903 6453 8974 5781 4340 
6470 4789 2161 7624 8468 2849 5763 8883 2155 3173 
5654 4317 4025 5346 3536 6817 3251 3427 9559 3901 
5446 4741 3141 9846 9465 8395 7874 5743 5276 2637 
7147 6026 7601 3016 4253 7472 2504 4162 2552 4560 
3473 4250 6627 9312 3179 9721 7793 5716 6041 3733 
3855 6499 2745 8324 4023 2207 2016 6543 9471 7059 
9681 3506 3419 5975 7040 8431 9652 6025 5946 4227 
5795 1952 9797 9218 4006 2522 7494 4778 6716 8702 
2053 6712 5742 5827 2409 5204 3189 9449 9974 8415 
8463 2621 8699 6267 7319 1183 6097 5073 9661 1638 
7627 4167 7777 5872 9100 1226 5137 7321 6424 6696 
6192 1401 8719 2081 7720 5460 5560 5020 3227 8507 
5977 2251 7307 7025 8611 3869 9859 1273 8277 6758 
5714 4058 8735 2161 2845 2526 7838 4807 2943 8218 
7268 7962 9241 2257 3465 4825 4917 3289 2847 1449 
5790 7290 8448 7269 1853 7817 3487 7563 7102 4950 
8480 4101 3950 2239 1496 6894 7948 5503 3872 9711 
1474 7438 9900 4336 5159 5268 1470 5023 6521 3061 
4381 4689 9705 6500 5043 5068 9115 9550 6202 7284 
8854 4505 9152 4852 8094 5958 3424 2647 7263 2168 
8680 6288 8653 7005 2911 4991 5233 3816 4681 9212 
1374 6002 2423 9546 3529 6889 6812 4104 6766 9418 
6803 5509 6477 2445 8063 4530 3324 5090 6539 4337 
3045 3097 9375 2899 8101 9926 3687 2496 5832 2336 
1072 1478 9885 5138 7539 9690 3022 7778 1464 8772 
9619 1669 8380 1094 4037 7435 4988 5184 5629 9495 
5386 4683 2796 8158 4141 5554 9867 7292 7290 3032 
6868 9230 8934 5710 8713 7150 4313 4056 7261 3666 
7299 5387 1470 1475 6781 5356 3275 7052 8776 5950 
9369 3465 1107 6710 2087 4051 3693 7940 9021 1673 
6859 1807 4373 7507 9350 4335 2943 1889 9812 8122 
9780 1966 6759 5438 3790 8961 8027 9038 9501 4830 
3646 7098 5447 2072 8611 8967 7139 1942 3588 4805 
5424 6446 1240 8770 5816 8646 2558 1643 2165 8822 
5583 7722 2980 5201 6016 9486 7757 3622 4461 3333 
9730 5317 6403 6951 6182 5084 3803 6419 2391 9999 
6325 2829 9104 1988 5893 8286 9143 5056 3375 9846 
1531 6917 5916 8750 4757 2344 5921 1439 2064 6727 
7323 8690 8359 9441 6372 8087 9402 6847 5205 4293 
5395 8352 6630 5862 6305 4589 1323 9217 7046 4774 
9253 4503 8185 9570 1805 5145 4853 6180 9425 9912 
4230 1660 4786 8323 7487 6633 9690 9645 2292 7886 
2923 1812 3874 7641 5933 4734 2780 9858 7666 6719 
8663 1316 6426 6563 3975 7683 7287 1390 9321 5539 
8471 9176 9681 5670 8997 7638 3167 3921 1012 1873 
6266 6472 4376 2016 8790 7984 6950 6282 6982 2181 
2118 7679 2295 6816 5960 8629 4624 5893 4500 5189 
1819 9595 7166 3440 5108 1436 1266 4854 8407 6781 
1830 3243 2091 3617 8630 5961 7545 1687 3954 5821 
9016 8563 6382 5223 2911 5559 4034 4249 2383 8853 
9267 7278 6445 1214 5203 7568 3860 9978 2822 4423 
9418 5404 3273 1917 1338 5251 8774 6793 5915 1565 
5764 5914 8418 2469 7112 7012 3482 5362 5604 6473 
8491 6908 9956 8304 6758 1452 9155 9178 7625 9562 
5158 3894 6639 1973 4098 6676 4479 1088 2290 9192 
7121 2924 7333 9874 9456 4622 7327 4079 5866 3752 
2869 3134 9847 7008 1283 6325 2316 3402 6531 9296 
5111 3688 2327 3043 8779 7019 8099 7912 7225 8462 
1095 4537 6509 9471 1668 2595 1263 8102 2549 4170 
1262 8812 2501 7724 5837 2162 5289 1216 1670 2960 
9568 9093 5852 8349 2952 5410 3928 7542 1826 6996 
6196 4532 1362 1504 4053 6023 6829 6442 6403 9248 
3715 6022 8124 3274 2467 9856 9627 6206 2596 5387 
1095 4808 6654 8482 5048 5389 2846 4589 9446 6198 
8965 8921 1660 3837 9454 2180 2072 7816 1627 6280 
3645 9545 2795 9282 1827 2766 9985 7539 7370 4045 
9699 5105 5035 7425 2742 7200 2292 6043 8101 7891 
3513 6199 4461 5740 3424 7200 8549 1211 7991 8421 
3909 9875 9756 9411 3415 3816 5992 5348 2023 5904 
9052 9435 9453 7067 2295 9661 8872 6243 5617 4316 
7689 9645 3350 2162 9648 8473 3528 3158 4881 5928 
1234 8690 6341 8437 7021 5485 6632 6259 2503 4944 
3089 5172 3561 6942 2704 9666 2158 7298 2808 2719 
1946 7166 8399 9180 6133 3674 6086 9353 5058 3207 
9186 9492 7846 6232 6692 4406 9385 3722 4558 2043 
4839 1856 6571 1295 3146 9639 7446 6262 9122 9955 
5785 7764 4869 8152 9408 4649 8998 2108 9754 6074 
7453 3635 7675 7315 3929 1433 7800 9128 9843 3343 
4678 3784 1647 9346 2659 2605 5646 1785 3700 8744 
8315 7485 6054 1577 3607 3941 3014 9069 9108 6891 
1280 9367 3148 5048 4410 1141 6409 5199 7836 9753 
4489 8316 2173 9997 6324 1156 5453 6547 7764 1353 
6883 9826 6701 8940 1548 3980 2993 7539 7706 3132 
3865 8203 2247 7395 6087 9667 1043 9336 4884 5900 
8688 4059 4397 3310 9986 1665 2954 3687 6900 7908 
8557 6532 5418 6668 9424 1229 2557 3472 2808 7757 
1989 2762 7127 5159 4987 7634 8159 3988 1258 6385 
2709 4036 6844 5902 9219 6341 1940 1359 9241 2742 
8132 8524 9819 2357 4919 6563 2421 1234 1687 6321 
1675 3188 8256 2548 4796 6550 5417 7528 1990 2788 
4829 6616 5582 9879 8598 8968 6413 6874 9017 9065 
2377 7318 1883 7789 3466 5730 5689 5641 9283 4935 
2477 4540 1884 7891 1345 9887 6220 7447 3191 5675 
1910 8169 3503 5822 8965 1782 5165 1015 7266 3385 
6277 5514 4120 3675 4521 1827 8152 2779 6547 8354 
9083 6971 8392 9527 6095 4345 7477 2764 9496 9138 
5964 7094 5521 2114 2019 4692 7588 6927 5639 6784 
2126 1188 8921 7697 2985 5095 5383 9413 3507 8842 
8970 7321 3347 3097 2530 5255 4949 5391 5375 2721 
3219 1418 3121 6615 3171 1521 4882 5894 3991 8612 
5105 1054 2938 9166 6316 5245 3871 1731 4902 3822 
6587 6034 5244 2028 3612 5651 3410 2253 6951 1327 
1895 8662 5943 4939 4041 7743 6758 4427 5769 3502 
3588 3921 3670 4567 9004 8863 5379 9794 4381 2037 
2322 2268 4564 2445 1556 9362 3647 7956 5536 5776 
3072 6922 9952 4705 3891 9187 6521 4680 1065 8253 
2489 2467 9313 2938 5976 2311 8321 6084 9314 1690 
5356 7497 2590 2681 1328 1972 7190 7564 3262 6741 
5105 8053 8769 2192 5215 8697 9690 6705 7857 3126 
4135 8012 1844 4243 1739 1710 7274 4389 6938 8897 
1864 4455 7750 5052 9886 3970 6304 8525 1355 6462 
9222 7725 1276 1783 2039 1034 1998 1042 4867 8831 
8974 5968 5491 4133 9707 6368 4190 4419 4516 3248 
5013 1436 8284 8339 6892 9740 5471 3685 4990 6704 
9548 3921 6283 9427 3649 9334 3510 9004 9719 9036 
5895 3385 1118 1588 7730 1526 9602 3109 4455 8061 
6762 9174 9805 9473 2578 3469 7771 2901 6792 3429 
6707 6653 6921 8489 8423 2774 2815 1887 5350 3120 
4726 1225 5178 1428 4519 6027 3569 7935 9852 7634 
8713 7483 8191 3511 8714 2622 9666 7222 1997 8568 
4711 4036 4494 5039 5509 7995 8983 6773 6209 7982 
3932 5015 2744 6919 4380 1295 7470 9231 1180 4127 
3401 3745 3068 6073 8799 3768 1992 5748 4155 3960 
3007 6852 1521 5946 5039 7947 7813 2527 6341 9992 
7948 5049 4188 2879 2451 1764 5536 9761 5640 6545 
4738 5116 6050 3695 9085 4393 1837 9619 7723 1544 
4428 4227 3996 1895 7100 2073 2679 4825 1508 5332 
6586 1739 5704 8554 5457 5363 4962 2893 8833 6306 
5917 7009 8009 3510 5341 5233 8996 9729 6409 2713 
1497 8585 1824 3090 9668 4125 2597 2340 3686 8152 
2541 7625 8020 6532 1870 3215 5672 4431 8446 6460 
8116 3575 3941 8177 3223 6325 2847 5113 3717 2677 
8656 6660 3755 7012 5651 6748 1579 4542 7397 7397 
9579 1687 5381 3426 7536 2002 4729 9983 4538 1958 
3921 5555 8093 8549 3891 2188 3788 9225 2433 1341 
2377 4981 1885 6410 2507 8850 5751 7238 9856 2833 
6885 6915 8812 5524 2978 5686 6953 8036 7138 6387 
1001 4796 3653 2799 2852 6605 7129 1112 6138 6919 
5894 6796 9501 4260 2808 8836 5782 4552 9504 3350 
1088 5039 5825 9495 1519 2432 1263 8123 4102 7257 
7569 4913 7600 4706 6347 2784 5608 3142 9084 5322 
7730 1361 5895 5175 5771 3952 4123 6678 1298 6125 
9523 4811 8082 2193 4981 1241 2451 4415 4938 1847 
4651 8149 7545 5374 5979 5496 6329 6586 3337 3331 
6897 5598 4201 4659 9484 6115 6369 5362 7975 6549 
1123 9948 4417 1500 6710 9379 7144 8743 2680 4358 
3033 3142 3277 1771 2243 7111 8026 9922 6248 8905 
6345 8803 4571 7663 1243 7506 8288 9660 3608 7130 
7836 3826 7158 1245 6481 3750 9958 5619 2961 9589 
8099 4358 9157 1159 4184 2171 5379 7274 8618 4262 
8129 6925 8603 3464 5774 9607 1722 7197 8553 8198 
5686 4633 8721 8091 8362 2647 5946 8581 4971 5629 
9450 3851 8307 1663 5451 3175 9047 8246 6450 3718 
6424 1307 3668 6397 5188 3306 9863 7816 2835 2839 
5932 7277 5115 8490 9884 8458 6914 3093 6836 7039 
4427 9612 8514 8205 7203 3212 9203 6299 5843 5210 
3239 9835 5582 4212 5539 7540 4362 1609 2941 2780 
2939 4622 1707 9704 1242 4151 2157 9104 8310 1873 
3867 9450 9496 7521 1358 8067 2197 7481 5853 9177 
1632 6286 7838 9920 6102 3931 1011 2823 6748 7510 
3437 8201 3176 6621 7911 2007 5082 8181 7593 2443 
3066 6790 4421 6166 6881 9821 3149 6886 8722 2956 
9831 4154 5383 3099 9379 5539 7197 7776 6410 5909 
7726 8625 7697 7748 3949 6494 4411 3150 9516 4681 
2413 7751 5967 3743 9964 8578 9302 3945 5785 9367 
4261 4109 3651 9375 4837 5198 6721 5968 2315 4006 
2906 9252 6736 9862 1237 4635 6746 7447 8798 1283 
2700 4239 3334 2194 1035 5602 8757 6359 5538 6606 
2413 9743 7798 8223 5394 9034 2862 2532 1563 3508 
5454 3723 6245 3469 3744 1982 9724 7041 6721 8176 
6001 9237 8314 7507 2759 8820 5656 4985 4975 5133 
8566 5690 2085 9752 2267 9285 2964 2977 3782 4865 
8769 3586 1231 7839 9171 6896 4198 2038 1178 7721 
2572 3505 9387 4146 6472 4486 1920 8264 2174 7061 
2432 3001 6280 2190 2986 9392 2691 7598 5599 7444 
3793 3201 3358 8989 3050 5874 8526 9683 3519 8188 
1292 5767 4407 7726 7752 9576 8740 1169 3556 2887 
1412 2603 2981 8956 9893 5597 6399 6325 3984 1514 
7068 9082 8265 9474 1891 9066 9016 4898 3583 4141 
7575 3256 2914 2930 7404 2158 5465 5597 6899 5290 
1790 6762 7153 6570 7737 4945 9152 4805 8856 3424 
9678 2582 8506 4167 1643 1818 1098 5782 7538 9987 
1875 1197 9519 6171 6121 6189 6136 8530 6356 2182 
1267 8404 6849 6636 2755 2459 9483 6175 3492 4632 
6073 5463 5832 5256 3067 6244 2351 7174 2041 5605 
5605 5778 3155 3976 1893 8940 7416 2812 9681 1729 
8321 3241 2046 4735 5727 2180 7646 1438 1310 7037 
7158 9138 2736 5494 3089 4210 1731 5072 9872 9419 
1130 8057 8229 7633 7318 6225 3129 2916 9767 3866 
6477 2728 3116 3962 4089 7015 3580 6743 4315 4718 
2322 6338 6768 6254 7617 3275 8855 3107 2386 8403 
1054 2627 2831 4975 8298 8433 1173 2424 2778 2801 
5976 5710 1768 7496 3561 1496 5946 2801 9742 2237 
2098 8985 2159 8694 1454 4685 2158 2940 5686 6529 
1786 8644 5023 9479 5062 5228 7312 4383 8803 9663 
8105 1293 5773 3630 2549 6658 5106 9667 7651 2967 
9426 9770 1022 2521 1462 8788 5991 1200 1508 1229 
6567 2758 7246 7717 5719 8529 2634 6989 8824 6473 
8296 8860 1055 1324 3905 4976 2118 4186 2353 8935 
8754 5907 7991 1714 2077 9861 6342 3242 3585 7324 
4899 1303 6343 2369 8048 8051 6453 5481 6548 8016 
9447 1669 1287 5839 6574 5539 4663 2692 4131 2531 
3445 7250 3173 9010 3453 8165 2525 9135 8413 9510 
1635 8280 9925 6260 9768 6726 9394 5218 3759 8775 
2690 7529 6975 7094 7107 5607 9679 7237 3590 5725 
1655 6104 5463 6154 1371 9124 7460 6247 5342 6850 
9023 3192 4663 9146 9751 6459 8075 5102 4525 9203 
6975 5360 4213 3859 4282 2331 5056 8341 9613 2580 
3861 4154 5378 3429 7574 4198 7829 5674 1096 6208 
9727 9664 7990 7431 5004 9855 6220 7892 9667 9994 
9245 2997 3889 4233 8522 9990 1897 5917 1234 9312 
1177 4934 7891 3074 5111 1728 3114 5092 2994 3821 
8568 5096 1551 6413 2734 7925 9133 9166 3050 7121 
6761 3628 7455 3263 8820 3856 9771 4781 3148 6276 
7011 6586 9763 6259 3766 4958 7599 9756 7469 2482 
3784 6325 4173 2892 1711 2085 7065 2599 6206 8241 
1730 3982 4951 3170 9293 3951 6710 1027 5540 9346 
2138 4566 6657 9634 8522 1813 6010 5607 1496 8358 
9248 7405 3930 6774 2522 1054 1536 2311 7921 7024 
4340 6668 5494 7180 4497 5100 3349 9839 4265 2127 
3635 2830 8533 8392 1217 4864 4446 3101 3571 6728 
3409 8727 8869 9748 6574 4999 1628 1310 2550 5453 
5123 8152 3904 1288 9885 9019 7459 9648 8728 3407 
9932 1449 6145 5486 5607 7202 9628 3512 2398 2362 
5883 1462 2371 1366 4042 6545 5271 3563 7465 1133 
9362 3462 3292 9461 4348 5598 9492 3227 8810 7865 
7598 1716 7059 3550 6420 5270 1047 2810 1782 9404 
5011 9217 9988 4814 5651 1485 5869 7312 6601 8338 
8249 3150 7740 4508 7430 7156 6430 9553 4071 8307 
6998 6806 4850 3867 1710 3777 4304 4917 6496 2463 
8836 8744 1994 2496 2630 4534 9599 5540 3975 3670 
9857 3527 6878 2164 7670 7637 5181 2021 4941 7659 
9834 5780 6480 4174 3884 6703 8636 1210 7791 2658 
9948 4021 1343 3304 7634 3672 8826 2615 6419 6861 
9440 3367 4155 3469 8341 3904 8575 9104 1239 9967 
5837 3391 3661 9432 8237 3716 9710 8260 1278 8339 
3304 3532 6644 7078 3761 9489 5980 8948 9417 6558 
9771 1119 3905 1091 6984 7147 8273 6525 5030 6226 
7940 1606 2241 1321 3335 4745 6146 1981 4449 6902 
8847 5461 6404 2981 7489 5500 6375 9886 5564 9618 
3940 6724 9161 4923 2516 4241 3238 8918 9889 9479 
5823 8244 7359 7906 2863 5698 3356 3047 4854 9066 
3940 8710 6692 4933 1212 4437 4530 3191 9196 9443 
3652 1766 6170 6811 5546 5354 9854 4300 4989 8386 
6573 3907 4203 4904 4457 3978 5391 2656 9957 5602 
4889 5991 3292 2974 3967 4767 6247 2883 4893 9372 
1798 4103 8471 9859 6293 4349 2602 4884 7338 7619 
9397 9541 5951 7701 6998 1292 7657 3565 8572 9615 
4869 6489 8611 9301 4779 3906 6227 4210 2629 3173 
1645 2034 4136 2042 5250 8871 2747 9678 8166 4147 
8250 8567 7743 2999 7600 6208 7950 1358 9500 6558 
2962 5094 5215 7654 7644 2240 8250 6368 5073 3549 
8988 9628 8922 9797 7164 6745 5739 5340 9819 4311 
8290 5451 5942 3442 2833 5909 3999 5629 2038 5271 
3157 9184 9725 2390 3009 4587 7276 1593 9428 8150 
1200 6803 6942 7831 4541 1956 5402 4714 6486 6323 
2869 5232 6129 4252 6886 9919 8514 7400 8326 4894 
8275 6193 4382 6347 8627 1940 4822 9787 2818 9719 
7198 6323 9264 1161 8370 1118 2851 9195 1553 8131 
3275 7518 4488 4172 1762 5838 9834 6742 7608 3236 
3579 3756 1919 4612 7491 7076 5421 6205 2954 1156 
9506 4816 3580 1755 4331 2978 7304 5264 7154 1376 
6479 8776 2490 3646 6167 9289 7451 1121 4126 3732 
7240 6261 6488 1444 5017 3141 8094 1843 9591 3706 
4867 8561 2413 9816 6827 9370 8435 8059 9637 5518 
3705 2589 1502 7853 3273 4227 2212 4261 2156 9760 
7760 4241 1488 8640 4382 8209 6281 3085 8561 6704 
3017 2032 9619 2271 9812 6807 4744 6095 3917 7528 
4095 3164 8903 2501 5749 6318 9296 8353 8070 1767 
6233 8841 2856 2970 9996 9962 3569 1980 5336 8893 
8573 8613 4977 6033 6361 2748 8675 7506 9643 4220 
4017 3922 1483 1141 3168 7836 8284 1093 4910 3663 
6342 3832 7420 9264 4367 6605 9898 6607 8561 9402 
5686 7463 9362 4436 7281 2369 1902 2874 1260 2057 
6010 3337 2229 9179 4851 8536 6549 7999 1294 6062 
2925 2960 2708 5578 1910 9673 1753 4028 3594 9808 
4260 7181 8964 1421 6918 4114 5430 8174 8349 7552 
8823 6740 2727 4500 4723 7727 1726 3006 6241 7883 
7895 7751 3440 3552 1679 9002 2288 9333 5902 3459 
7643 8079 6393 1286 5254 2045 6986 4110 2870 5063 
8644 2657 8805 1819 6559 3593 7960 9177 8528 2665 
7836 3246 5353 2984 9663 4628 6273 1961 7066 6360 
3193 3063 1756 1737 4353 8460 9220 4954 6909 4396 
6337 7282 8308 6872 3774 2435 3137 7621 7301 9408 
2464 8265 9817 3002 9440 5863 5061 1384 5347 4658 
8636 8277 9109 5272 2596 5047 8630 9631 5015 5459 
5729 3901 2053 9082 2817 6940 3558 2659 4418 5857 
3079 9550 7950 7999 2232 3630 9716 9198 8145 7759 
8821 1405 4478 1096 2931 1085 5101 7845 8470 6829 
7097 6043 9380 6688 3097 6104 8814 7290 8605 1294 
3430 1551 7848 7361 5062 8599 1698 5747 5625 3875 
9911 2775 2585 5787 8440 5616 8976 3758 1365 5742 
9166 5348 6177 8881 8499 5592 3525 1357 6840 2358 
3616 4565 8989 8949 6552 4460 3161 8299 2282 6886 
4764 6708 9925 8926 7062 7875 7861 5325 6784 7347 
5872 1123 6020 6688 5134 8582 6523 9192 9481 1645 
5310 5747 2724 9034 1202 2446 9285 7096 3218 3376 
4286 4407 2484 3656 9982 6111 8900 2492 3767 1511 
8189 4701 1091 9624 1909 5565 7627 7896 4518 9740 
3758 5669 8581 1138 2526 4709 7240 3162 3108 7909 
9980 3213 9631 3904 8237 1447 3418 5646 2045 5178 
5879 5471 2365 1038 2295 1644 8584 8107 9017 6096 
1957 6427 7434 1623 1769 3573 7258 8790 9815 6872 
7535 8909 5498 5643 2689 4405 3638 2932 9927 3017 
5027 3492 9259 2953 7100 4144 6485 5079 2419 3855 
3846 6436 9097 3242 2710 4742 2267 9205 8825 7864 
3384 8149 5760 1322 3727 4126 2840 3750 4991 8392 
8879 2116 3662 8241 1758 1266 3717 9190 2287 7570 
8096 2457 4496 3309 3245 8294 7616 8422 6822 9661 
2366 8874 5425 8555 8811 8090 9204 7673 8830 7463 
5309 4003 2154 9995 3862 9920 8816 2552 9878 4449 
1640 7937 2103 1738 2124 9378 4048 9241 1700 6399 
6142 3040 8107 2129 8539 6222 5774 3152 3340 3564 
5446 2747 9731 2470 3120 1214 5731 7817 4852 6076 
3771 5097 5852 3285 9783 2097 8934 3885 1089 9612 
1642 9164 8177 1229 1181 7696 3869 4442 9473 7056 
4559 4509 3976 9144 6535 4507 8900 3872 2609 5930 
2824 2118 1258 1715 5136 9304 5759 7624 9561 9352 
6991 8052 8193 2131 7340 8560 3368 2855 9437 1481 
5006 3642 9606 2157 1501 2806 5870 2858 7644 6723 
1237 2728 7169 8657 4844 3928 2440 6491 1637 3268 
1982 6541 2854 6255 8417 4396 9085 1307 4547 5690 
3508 5020 1228 9182 2187 9296 8125 9912 6728 6758 
2932 2116 6199 3708 6229 2953 4423 6698 8833 1665 
7211 8019 9687 7996 9430 9587 3480 2577 5730 2288 
1219 3181 8275 1280 6420 2488 6710 5174 7587 8981 
4437 3314 7844 5810 4076 8873 3948 1812 9650 3849 
4308 4583 6589 3579 5797 7240 5669 5525 1324 4617 
4093 9132 8455 7011 5110 9927 3940 8472 8430 1110 
5957 8889 9450 9463 3165 5195 4729 6010 1772 2866 
6631 8109 3974 3803 3961 3393 2775 9915 7382 6549 
8048 3216 5566 1541 5200 8592 9313 9065 1473 3650 
4144 2685 6545 1702 3371 6827 1963 4992 8343 8422 
5023 6756 3562 3491 3352 4574 5063 8147 8936 7422 
8402 7711 3362 4550 7757 2464 3897 4573 7494 8612 
8134 7406 7631 4181 9622 3978 6006 1474 9476 9437 
2774 4167 8883 4659 2009 6581 8858 3012 8556 1992 
9541 4328 2350 3828 6937 6752 8973 4345 9081 7688 
6582 7041 2030 8161 1954 8273 1119 8128 8369 6611 
6714 3450 1620 8774 3541 3024 3561 3138 4203 8607 
1252 8467 6644 5957 4961 7709 3659 3872 5548 2655 
6121 8881 7058 8696 8948 4606 3790 3700 7011 8311 
5801 8434 2194 3262 2410 2251 7137 5699 7048 8956 
1811 4233 7718 1846 7643 8734 3722 7509 2084 5505 
2184 3968 3202 5516 6231 8891 4650 6484 4587 3690 
5342 9484 9091 8771 8924 8830 7830 9240 9107 2100 
6767 4179 4053 1405 3618 7478 4499 2644 7666 9810 
5021 6065 7105 1651 5870 1114 5452 2554 6730 2940 
9383 8270 9709 7564 4504 8980 9280 2000 1395 7384 
4977 9645 3301 1771 9136 6750 4847 8806 9098 4112 
5393 9747 2576 5890 2656 6522 9479 8824 2839 9412 
8795 8584 2579 1668 7259 6269 8532 2572 5570 5419 
9539 3635 5613 2853 3327 1720 4715 3133 4552 2731 
5577 1725 5441 2929 3879 9257 7367 7765 8416 2518 
4463 5673 1131 5405 9510 4351 8321 2227 3997 9885 
1854 7017 5508 5873 2600 3124 5467 6960 3780 9132 
6202 2421 5682 4802 2897 2334 9177 5136 5140 7306 
9548 3310 4527 5065 5742 7783 7116 5279 5184 2564 
2513 9195 7948 4795 1460 6072 7655 9226 8055 4577 
6280 3437 1889 7141 8527 1614 4170 1012 5109 9903 
8501 8435 9357 8289 3619 8357 3397 3206 4757 8618 
8879 3946 7572 1577 5182 9423 3585 3731 4739 9300 
7460 3174 2352 6825 5636 1900 9271 6910 2295 6001 
9056 3548 3614 7353 7983 5130 3370 5322 3088 4825 
1269 3994 2270 6461 6695 1895 3216 1399 9903 4815 
6912 6467 2969 6403 6386 1220 6287 4962 1526 1448 
1010 1327 1609 1241 1805 6979 5411 2300 9020 1736 
7511 9578 8985 7060 6352 7031 7206 3638 1667 7285 
7224 6123 1451 1071 8364 9923 4212 4970 4492 9403 
6751 6846 5037 6688 5000 5015 2723 2499 7335 4257 
8313 1850 4709 5922 4395 7166 8820 2655 3526 4655 
7972 1219 8703 4797 7557 2601 7636 4190 9521 4304 
3011 4357 6240 5516 1993 5170 3104 2180 3340 6280 
9546 3919 7657 1822 4786 3676 4060 6525 1193 7917 
2118 6073 6530 2792 9823 1499 7052 7520 3212 4505 
2777 6265 4015 6510 3714 7899 3281 9752 5380 1084 
2758 5130 3778 8826 1775 5196 9746 4867 5685 8137 
9882 4819 9155 2253 8841 5143 5588 2949 4443 7371 
1027 3459 3987 2953 3701 4146 9766 8318 2097 1692 
4160 1355 7023 3945 8608 6938 4458 6802 4863 3249 
2350 2971 4388 4741 8741 5925 2754 4724 9319 9152 
4312 1296 9676 1013 5682 9603 7088 7254 9384 4613 
4327 4708 9112 5997 5778 6309 4612 1999 6176 9436 
1938 9578 4584 3573 7297 2697 1889 5575 7862 2324 
8813 3468 3443 8104 4936 1316 3992 9017 8026 8255 
3926 7001 8313 1894 4543 7908 5677 4553 3794 6672 
6304 7990 1139 7902 1462 7157 5124 4633 2756 1581 
7747 2942 1597 6070 3617 5827 5927 8141 1890 3757 
3409 3403 7866 2373 2488 9440 8889 2351 4233 6266 
3553 2767 2758 1741 9718 3804 2916 7862 2810 1538 
1773 4363 9661 3363 4666 4443 7280 5635 1055 1659 
6334 5207 1139 6374 5043 5524 9733 2450 2447 8326 
5837 8763 9632 4607 5784 9811 3013 5364 1809 9885 
5934 7606 4176 3593 2057 2615 2827 1151 2219 9619 
8762 2976 1250 3910 4672 1103 7691 2688 8672 2739 
5745 9382 6526 2198 4798 5300 1552 1245 5281 1930 
5566 7542 3567 1839 2773 9094 6669 6698 1170 8974 
6527 9302 4980 3278 4965 5838 2978 1202 4840 5316 
7179 8409 9493 2587 8862 2503 3323 8769 9541 9967 
2827 6552 3390 5035 6336 5619 8597 7155 8900 7609 
6391 7611 1589 4586 3390 8957 5293 9383 3028 3732 
3912 6180 8865 3757 7915 1090 7867 9868 1197 1401 
8263 2212 3052 3286 4190 6657 9836 2423 5716 3341 
3785 1413 6044 7862 5380 2236 6772 7646 4071 8442 
1538 4796 2196 9553 5686 9041 4465 6911 7460 5945 
7215 2513 9418 1555 5834 8633 9350 5422 5325 6035 
6172 9671 8553 1113 3195 3899 6504 4414 6022 8846 
8587 9446 1486 2340 7663 6481 9483 9415 8720 9783 
9823 9443 1662 3362 3506 9189 1869 4918 5380 5281 
3485 7012 8727 3438 5922 4686 4270 4384 6745 1979 
7026 1493 1352 5329 3524 9747 6356 2924 2464 1065 
1771 3383 4651 4444 3337 4714 4204 8253 2160 2514 
3988 7041 8914 2450 5877 3498 9115 4112 1782 1252 
9217 9140 3811 7755 2293 8809 3959 4539 3592 1507 
9699 8623 3431 1432 3799 4652 2655 1384 9005 2043 
8691 4570 3951 7125 4699 8882 6508 8471 2766 8044 
2680 6272 9673 1910 4513 9594 2860 5913 9615 2232 
5506 9116 8894 7854 7698 6052 4890 1584 5805 2329 
3482 9859 6694 4662 1347 2862 5185 9900 8957 9779 
9952 4595 6378 4821 9739 1097 2876 4624 3400 6791 
5202 2100 5600 4074 9342 6051 5769 2123 9762 1188 
1929 9423 8941 5994 6044 3940 6801 7685 5818 7534 
8561 6274 7970 4508 5480 6498 5902 3316 8438 9222 
6356 1928 5524 3536 7588 2123 5918 3849 2024 1251 
5314 9231 6248 2104 6152 1455 3869 7502 7929 8195 
3595 1793 6422 1956 1496 7624 6260 9934 7450 1415 
5851 7772 2760 1476 7794 5295 1437 8066 6475 1301 
9002 9540 8453 5461 5182 5338 6722 8619 1566 5901 
5177 7785 8282 5054 5352 6142 7977 4052 2812 2972 
3600 5781 9635 9505 2030 9128 6265 3804 5892 1275 
3732 6134 8109 2921 7319 2776 4687 1066 6669 7131 
3720 5940 3324 3892 8326 3971 9654 4928 4583 2195 
5764 7605 8207 7579 4857 6827 1541 3680 8537 8762 
2422 8909 5338 4078 4568 8058 1026 2593 5225 1937 
6026 3201 7920 7891 7076 8062 5350 5556 1893 2060 
1229 1527 7069 4038 1829 6340 3119 6045 1871 8799 
1397 7027 7284 3374 2715 6160 8466 6848 7494 4697 
1572 2596 6933 7548 7963 7334 3337 6812 2286 7555 
7595 3889 2305 9463 2035 6320 6274 8017 8696 9645 
5035 3629 8561 1650 5327 5197 4257 5774 3222 9785 
8798 7388 3335 1779 5861 1553 8034 8994 7161 1319 
5269 2279 1567 8432 6592 9849 3233 7791 4480 4055 
3587 8313 4017 8299 6420 9296 9621 8737 1060 8634 
1424 5563 3626 6105 4482 4406 3945 5533 4630 7279 
1897 1595 2653 6864 5672 9946 6172 1924 2197 9423 
3840 4737 6462 3910 5233 2712 7997 5691 5891 9478 
7560 9667 6326 6275 2788 3221 6637 6859 8601 1807 
9878 7439 4064 8458 3471 4450 5529 7880 3891 3141 
6628 5595 2132 3024 7452 6846 7611 4807 3269 3875 
9815 5101 6732 4923 8289 9145 8135 7886 3153 3750 
5830 3958 3087 6069 8519 1276 2909 9223 3722 4378 
2444 3830 6257 7206 4415 2690 7308 3327 6385 8180 
3826 6192 4134 5104 5188 5709 2144 9787 3513 4712 
9569 3628 3937 3469 8951 6179 4678 8490 6248 4028 
7683 1753 1485 4066 7789 2359 4345 5189 6473 7213 
1637 5705 3652 2862 1154 8344 7398 4202 6177 9823 
2143 2439 2052 3475 9158 5284 7367 4105 2607 4665 
5014 1396 5939 2465 3262 1181 4345 9623 6564 5508 
4566 2548 8623 8190 3018 2932 8195 2133 4876 5503 
4510 3820 1772 3832 6219 1787 9686 5331 8638 5062 
4092 6788 1233 9049 2314 7514 4203 1385 1270 5896 
7694 1312 2864 8242 2168 3910 3489 4714 1461 6683 
6028 4215 4511 5262 8318 2647 8964 5798 4811 4007 
7131 6805 8055 3449 2384 4482 8985 9776 1339 2864 
1588 8683 6089 4120 3283 5848 3181 6658 1249 2037 
6854 2496 3311 4372 1916 9356 3978 9739 8776 9256 
5128 9468 9890 3313 1202 7334 6539 5994 7820 4233 
2620 9785 2426 8694 2039 6230 7824 1672 9192 5888 
4128 9128 2945 6411 8986 3814 5060 4753 6792 3913 
6018 8382 7891 1307 1232 7512 7247 6888 1954 5753 
6139 5734 7222 2722 5497 4360 3357 1255 2482 9715 
7990 4382 4252 2230 6824 4154 4529 1485 3511 8489 
5654 6063 1445 3647 2465 6277 5696 9591 3344 3576 
7616 6579 1069 2829 5256 7487 4619 5707 4445 5064 
7510 8859 2918 3580 5608 5800 2414 4812 4518 5470 
8913 3293 2495 4835 8873 9860 6735 4992 2385 6062 
2103 9322 9861 5277 8208 2040 4774 8845 1380 2623 
4675 9264 9266 3898 2988 2489 8265 4103 1440 3771 
5853 2847 8758 9535 7314 4121 3119 2868 9625 8933 
8130 6598 1281 4286 6415 9923 2002 4987 7240 2112 
7502 4765 9006 5257 7882 6687 2568 8564 7880 4950 
3721 1198 4579 2659 8284 3098 6205 7808 9654 5585 
6543 9989 6397 6419 3959 3430 4335 5734 3046 7984 
4557 8555 4883 4012 3831 2265 2066 1114 9422 9554 
7963 9440 9336 5863 6644 5709 3076 8823 5978 8674 
1009 9820 3354 4250 2605 6311 6400 6365 8053 9940 
4345 6601 9472 1397 2112 2660 1030 6051 3691 5369 
7437 6595 7199 3817 7897 6664 9645 2623 7191 3736 
3814 1781 3932 7670 7468 6865 9497 4411 9567 4593 
4395 2793 8875 8145 2523 3071 2379 2219 1047 5560 
7477 7458 5997 1825 5413 8138 5978 3196 2418 6136 
7789 8657 5621 9602 1273 7125 7650 1710 5256 1385 
2881 1163 7066 7886 2352 8813 2753 4233 2445 2840 
7325 1273 6896 6784 6022 4828 6101 6438 5915 2532 
3103 5287 6428 7422 4428 4142 6123 9997 7988 3465 
5534 4627 4346 1613 9837 6340 5957 4436 1277 8143 
2483 9664 1257 2465 2852 4414 8458 2668 9603 6107 
4305 3354 6398 6311 6988 3411 3271 2583 9338 7722 
9649 2651 8969 7829 8381 9790 7440 2214 4009 2920 
8918 9115 1022 5624 4333 8996 7723 8085 8534 5539 
6844 3471 5610 8093 3491 8319 7921 8337 7919 4582 
9551 7247 3903 8113 8637 4023 8766 4866 3703 5050 
3980 3340 2335 7546 9501 5876 3643 8806 5305 2655 
8762 4316 8040 9890 4177 6844 7910 1603 4383 7638 
3581 7392 2664 6585 2622 7628 7769 9736 1274 5912 
2502 3213 5949 5662 9117 3825 1874 3535 6997 3843 
4407 4631 9343 2888 5631 7811 4933 1319 2688 6932 
3949 4944 7915 4488 7325 2002 8869 8917 3943 4722 
6794 1685 8506 7902 8520 6554 2506 5621 4507 1520 
5103 1845 7294 4206 8738 7270 6161 5275 7041 2243 
2522 7990 1547 2857 7750 9680 5891 4280 8386 6698 
1385 2206 3054 1908 9235 3956 3398 8129 8104 1923 
4582 6974 4468 7914 9038 4866 3362 8434 1112 1435 
1037 5791 8201 9087 9246 8880 2937 5203 1778 5571 
5860 6642 9278 4434 7333 4941 6809 6219 6217 6624 
7758 1871 5240 5561 1178 7258 8292 9720 2657 4064 
3512 1834 5874 1765 5765 6042 9840 4901 7304 2667 
8293 8968 9007 6918 5733 1778 6451 8436 5025 7756 
1411 5936 7093 1432 6232 1349 2015 9125 7636 1170 
8762 2407 7633 6197 5440 4821 5238 4452 8908 2358 
3796 1737 5441 8403 4449 3525 1246 8382 5288 3657 
5274 7474 3987 2894 8720 8216 1340 6381 7440 7523 
7035 8458 6552 4641 8005 6630 7052 7865 6404 5440 
4480 8753 3065 2291 9730 7180 5479 5912 6580 2118 
2938 9019 1552 8105 3965 7891 2256 8262 3409 6427 
3723 1242 3423 6861 5767 1168 7562 5466 2037 4082 
8146 3118 8771 5912 1823 4443 8096 2932 4783 9873 
6798 4261 6200 4579 1615 6631 5894 9390 3471 8486 
7684 7738 7948 7652 8685 5551 5268 5179 8409 8838 
6252 7265 9930 1342 8112 1626 4178 4706 5193 7126 
1621 5412 9471 8670 4969 5215 2580 1070 8081 7663 
3474 9215 2981 9454 1792 9539 3859 7186 3950 4315 
6021 5622 2391 7735 5732 7635 5204 7360 6742 5238 
8714 8057 5535 5572 7809 1239 7405 5951 9831 4024 
5721 4294 4830 4068 6032 3669 5492 8071 3015 3908 
6058 8296 3441 1091 7557 8474 1424 4477 5011 5377 
8717 6982 3482 7169 9245 4859 5820 8636 5279 1229 
8841 4167 4771 5164 5571 9967 8999 4344 9052 8871 
2028 1061 5040 6144 6858 8136 8801 7083 1315 6687 
1071 6599 6521 7962 9478 8521 5558 5223 5843 1848 
9513 9567 4161 9490 4110 4759 1081 7395 6158 7867 
7431 3329 7995 8978 5488 9485 1252 4800 8782 2072 
9936 5346 9579 3041 1297 8485 9851 4056 4484 5943 
5680 9603 3288 6461 5987 3058 2174 1745 9458 7208 
5608 9121 7680 9381 8606 3558 6483 5748 1282 1213 
3143 3354 4347 3485 5397 8307 9323 6467 4169 1294 
1167 3079 9989 5379 1835 8464 4222 3593 7339 3572 
6586 6616 6782 9532 5379 9688 1195 3492 6213 5722 
8210 3703 1210 5250 9059 3431 6730 7541 1427 5786 
6189 1443 5933 2364 4302 5706 1644 2265 1557 6527 
3701 9263 6460 5477 3894 4050 4344 1781 3902 6299 
2514 5931 6438 9362 2132 3504 4950 7034 5486 8532 
8458 1346 9151 4822 6759 9800 2385 4337 9502 8727 
5209 8504 8257 7024 6470 9928 2618 5528 3671 2950 
6093 4889 3782 7368 9536 9964 1986 4002 5391 1009 
7364 3366 4727 4465 7311 1473 3976 3745 5543 8815 
9878 3296 7720 6911 1255 7378 8464 7160 6126 2812 
6771 2027 4118 9747 9533 3691 1251 5628 6902 1887 
4503 2726 9845 7123 6701 4390 9089 8444 9227 3592 
4847 2449 9318 1560 7085 6598 8926 8744 6090 5692 
6179 3184 6342 1035 5988 5103 7777 2588 2700 3328 
8542 9976 3888 3474 6295 8368 1966 2191 6730 1394 
8751 8694 9769 9229 8891 3174 8283 9793 9786 5037 
3808 1186 8227 2350 1878 4434 6654 9521 2222 7187 
2854 8824 1049 8362 6642 5862 5204 3068 2036 2245 
4187 3684 3288 3427 4897 2190 1600 1410 4511 8845 
1912 2870 1158 9166 3970 4418 1774 7702 8447 7994 
9590 8082 1326 3488 2459 8192 6017 2844 6911 2434 
2385 7955 6055 5220 9778 4371 8065 4731 2934 4989 
5539 9973 7851 1265 7658 3397 1899 8058 2825 5530 
6168 1066 5702 6274 7231 2319 6046 2221 7924 3322 
8978 4342 7974 5384 7032 9569 1362 6089 6646 8047 
6385 5068 1691 7052 5567 9485 6337 2777 6250 4869 
4109 4953 7894 1010 3799 5869 7764 7986 2879 6504 
2508 7917 3343 5699 7137 8605 4659 5935 6967 2237 
2180 6358 2513 3412 2840 9246 3577 4687 4030 8936 
7727 1449 3733 4171 3914 7593 1857 2834 4743 6777 
1514 8082 6325 9973 2661 5507 3435 4236 7639 2050 
5130 1170 1464 1998 6604 6277 2185 1917 1933 5633 
4835 8463 9916 5788 3239 6049 9818 9668 7795 5798 
1984 2519 6896 7839 7570 1686 8387 2937 8984 5223 
5248 3950 4693 1119 2000 7366 1574 9314 7043 7882 
9683 7025 9931 4731 1054 4937 2334 9396 6184 7777 
2272 2910 3002 7067 4501 6697 8996 9686 5298 7054 
2550 4092 8341 1718 7264 8914 4033 6388 9449 8344 
5378 9970 5034 3649 3894 9861 7046 8513 7683 6717 
1722 1777 2564 7956 5880 8306 9161 2913 7360 2215 
1889 5811 3933 8196 9330 7149 3499 9676 5140 8821 
3067 6769 9943 5969 4581 2529 1359 9825 3735 9686 
6231 7014 1980 9820 6338 5083 1313 2137 9905 1009 
7732 5833 2533 4432 9661 6261 9302 2949 3359 8063 
5454 2173 8033 5807 8402 4155 1106 4132 2809 8401 
9217 5388 8741 4296 9161 4432 1305 4313 6940 6567 
5126 2876 9104 2483 4338 8418 3797 2380 7304 7621 
1985 2732 9292 6575 1693 6683 2806 7829 3160 1056 
9908 1199 4233 2552 9765 5694 3643 4401 5432 8809 
3302 2102 2876 8615 1255 2255 5708 4557 8300 5349 
7725 5606 1640 6715 9748 3167 3690 2653 7570 7793 
2855 8466 8672 1048 8478 6251 6665 2722 3080 6132 
4584 3849 8064 4792 2167 8622 9044 1815 1956 7444 
6834 1859 5024 2167 5579 1428 5121 8674 5862 7034 
2804 7022 3181 4516 2426 6929 3521 9991 5672 5315 
1916 2387 3584 1954 1348 1236 4831 1307 5884 3230 
6808 5172 1608 3031 7797 1831 9584 6902 1972 6679 
2205 5882 2610 6649 9180 7477 8043 9486 4775 8083 
7545 3097 9715 4676 1560 1472 4691 6089 6015 9288 
6166 2781 7571 9293 7083 9462 4332 5740 1798 6350 
6582 3978 3393 2950 7509 8135 9405 4895 8073 8280 
1224 6459 4636 3201 2364 1494 8408 5764 6762 2225 
3785 7121 8460 9493 2082 3181 3708 3405 1143 7163 
4908 4975 2490 9080 4516 5531 3049 3329 8174 1912 
5109 6635 5404 1048 3674 5155 2344 2189 3244 8485 
6832 6540 8813 2035 7213 6524 3376 7471 8702 3404 
8162 6099 7260 5422 5555 3314 7658 9475 4513 4664 
6563 8635 7967 1807 9478 8463 4692 4383 1921 2079 
8455 6434 3996 1163 6284 1947 3258 5694 7618 5692 
5592 5268 5379 7648 5440 4441 9131 8630 6618 3081 
2631 1131 8233 1946 4080 2260 3137 6272 9970 5310 
5584 5149 5174 4278 9015 9483 7869 4791 5436 9476 
4445 6285 1159 7250 4494 1967 9767 5177 8978 7719 
1976 7350 6035 7765 3413 6767 7056 1557 7824 9002 
1617 2319 5059 3731 4508 2012 2552 7379 2038 3704 
1186 5678 9712 3782 5338 4409 2671 8544 7535 9749 
7047 2315 2909 1800 5866 9401 5328 1152 4715 7477 
5989 9054 7211 6817 5296 5929 5262 7474 5020 5441 
9617 1833 3475 2068 1545 4155 6588 4713 8014 1319 
3855 4588 4431 5676 7691 4300 6066 9000 6596 2741 
9733 3858 6594 1960 4979 6508 8646 1453 7170 5182 
8882 3970 7383 4072 4945 5658 8224 8910 9004 6413 
4390 8192 6261 2659 2930 5419 4103 9260 9392 9460 
5655 8249 3938 4762 3628 3215 3718 8659 3072 6644 
1903 9756 5331 6272 3382 2819 9236 3936 3395 8668 
5954 4297 7225 2127 8179 2178 4125 7950 1653 3543 
4429 1579 3862 9917 9011 7879 2026 5379 6215 1098 
1475 4735 6149 5703 3744 1922 9238 8084 7482 2958 
9036 1772 2275 1226 7549 5210 4678 8714 6428 4912 
1331 9828 6172 6654 2108 8883 2673 9041 7348 3979 
5154 3532 7263 9530 6530 2988 9734 1463 3474 3858 
1351 5539 3440 9856 3931 4203 3942 2247 1723 3564 
4387 7216 8989 3148 4106 9203 3147 9794 7326 7905 
8123 5541 2937 5583 7330 7224 2056 5130 1272 2428 
7714 4255 4823 5612 9235 7524 5572 7576 1237 2877 
7201 9921 6290 1301 3340 2775 8471 7477 7503 6482 
9776 6465 3033 3812 2004 6832 3292 6616 8239 3761 
7648 4214 9704 6467 6736 5269 7791 3222 4795 1493 
1848 7326 1761 3656 3817 4528 7487 2848 5346 2459 
8439 6335 5069 3774 3326 6897 7662 6789 2064 9696 
9453 3355 3740 1565 7223 2336 8585 3628 2609 1577 
4143 6429 1354 8858 1436 1316 3788 9261 3995 6964 
7186 3729 8294 4916 8006 4954 9272 1471 9479 1174 
8715 5005 1751 5032 9739 2137 8657 6169 9847 8592 
3290 1796 7296 4543 8340 6524 3220 3798 7236 7077 
8767 3831 8150 7057 2205 2651 7925 1184 1882 3810 
3975 9839 6373 4414 5153 2001 6563 3274 4413 6215 
2765 2116 7753 6184 7427 3491 3143 5629 4753 6223 
1421 8575 2364 5349 3211 3065 5214 1339 6829 3896 
4772 3118 4160 4941 9193 5409 9445 6393 3765 1668 
6540 3585 7324 8993 3231 2664 7200 8712 9141 5800 
5789 8681 4230 2470 7497 4479 2197 6046 4408 2996 
9702 5777 3397 7757 3789 4426 8422 5703 8443 5366 
5736 9182 8681 5041 1864 7452 2950 2822 4133 6219 
3517 7337 5664 1494 9376 4425 2596 9236 5934 5331 
6339 5020 4294 5426 1692 9159 7036 1017 6100 2084 
9282 2831 4852 1512 6342 4111 8991 2214 7847 8016 
3238 8963 3192 8194 1645 3072 8096 9235 5168 4994 
7587 5898 6144 9394 6538 6354 2642 9833 8166 7371 
3780 4322 8863 9336 9807 7989 5571 6659 8558 1446 
6262 2457 9374 1213 7884 2022 9268 5980 7568 4546 
9941 3545 1198 4591 7859 3164 3387 2690 8987 1636 
2226 9126 1031 4877 8407 7472 2688 3306 3163 8559 
4997 4932 6605 7903 9628 3656 5110 2129 7635 7350 
6156 4582 1332 1755 8931 4053 7933 7014 2814 6826 
1599 9104 4075 2925 7654 2746 4377 7511 3777 8551 
4917 5917 4609 2689 1840 5919 4828 5303 6276 3792 
2834 8309 4297 8605 9633 1371 3759 9802 6694 5755 
1262 4794 2565 9502 1089 4958 7479 7402 5347 3990 
6025 9084 5157 1201 7191 9874 9553 1824 9579 1629 
2649 2518 7094 7986 5743 8817 7038 8729 7467 3055 
8900 1137 1114 7040 6036 4448 4842 6732 6728 5638 
3168 1442 1024 8657 2870 5917 2641 9728 9483 3629 
5546 3323 6615 9573 9508 6883 1776 1435 9253 6952 
1054 4746 2660 4975 1097 7141 7563 5299 1112 7711 
3266 3867 4368 6471 5690 6207 3098 4037 9266 4659 
5689 3471 7107 3646 1701 7160 3319 6626 9176 2565 
2471 6725 6157 9805 5950 9771 7536 8855 3418 4322 
6319 3412 1518 8663 9430 3124 3542 8249 7068 7879 
9238 5574 5999 3702 9906 3274 1390 9734 7562 1870 
6668 4527 3516 4099 1184 4307 3035 3526 8384 8026 
1999 4791 5656 2446 7755 5667 2348 8963 4980 7936 
6182 5823 7150 7209 8657 3067 2450 8132 1509 7657 
5259 8929 2714 6985 8880 1586 9333 6228 8563 6863 
7697 6575 9638 8365 9796 3204 9025 6279 6675 9878 
6527 5558 5685 3553 6785 7521 3247 2275 2854 5062 
2575 6079 7779 6689 4055 1450 8144 4506 6205 2305 
5641 1274 7360 7454 4146 1312 6608 8367 2119 6851 
8737 3421 3072 9149 1003 1803 7911 3801 7136 3956 
3419 5780 8063 7661 3102 8666 1284 3273 7455 9853 
7992 9459 7490 6490 7407 2719 7857 1625 9950 7311 
7690 2838 1075 4948 9284 7925 7927 2824 6932 8180 
3822 3861 1182 1783 7562 7553 6506 6013 5714 6457 
6981 9258 6204 1672 6968 1275 8055 5496 3716 6796 
6543 6442 5274 9684 7431 3345 1165 7400 8221 4218 
3600 6566 5597 3415 5788 6533 1670 4357 5828 1639 
9831 5844 5099 5731 4443 5836 7034 2388 1115 4381 
7962 3494 4069 7663 7091 7121 2292 4153 7499 7164 
6974 3278 3371 5497 9221 3115 4279 7665 5119 9534 
3854 7308 8699 2084 3695 2251 5589 3574 7818 2423 
1212 1179 6201 1219 3618 4833 5135 4648 1926 3073 
2084 6270 9595 5063 6669 1696 5806 2833 6573 2479 
5587 9935 3299 7747 4720 1779 5438 4199 8270 8479 
5789 4651 5122 1856 3650 4839 9186 1806 3212 5909 
4630 8954 6149 2622 3657 5429 3903 8566 1777 1248 
8141 7107 1823 7664 5681 4399 6383 6453 4693 2669 
1518 9562 9964 7564 7704 8490 4292 4742 3161 5381 
8789 4078 8654 2671 2125 8261 2865 3437 6200 5720 
1034 3044 6722 2528 6788 7277 7277 7871 6853 7971 
8019 7843 6052 4191 1618 5997 9132 8691 8194 2176 
1138 6080 4609 9126 2055 5519 8562 9503 9338 6518 
5839 3168 8836 4204 6252 5618 5454 1350 7587 8377 
2851 1657 1263 4312 6046 1061 2944 3985 2678 6339 
9872 8275 9402 9113 4140 5031 4005 8982 6412 1740 
3791 8426 9409 2447 9244 9763 7549 4064 9188 4423 
8957 1095 1975 5213 1529 5746 6777 3979 5118 9627 
5882 6844 1069 1821 6316 1833 8221 4276 6020 1780 
5127 1627 3846 9746 1864 8850 1245 9610 5979 9195 
3401 2285 8863 2653 7073 5582 7333 4380 7339 4888 
7564 4003 2113 8046 4342 3526 5128 9068 2437 6354 
5266 4910 4823 3542 1957 5915 5928 7844 7381 8340 
9969 6729 5402 8983 8033 4386 7410 1581 6673 7742 
1096 6780 9785 2352 7399 2231 5933 8469 9021 9464 
7559 3432 6426 5597 1655 5944 2471 7794 7035 6362 
5929 9804 4970 8836 6509 5929 8785 9359 9107 2591 
7334 9628 6814 6692 3201 9470 3256 9517 7573 1816 
4696 6066 1392 1910 1476 8723 5159 7657 2258 9089 
6677 6148 7140 6150 4522 4306 2769 4919 3029 2836 
3860 7928 5006 2206 8651 1106 1717 4373 5606 9824 
7390 7738 5595 1863 7458 4913 2686 8804 5533 8586 
7353 9302 1018 3369 4428 2310 4196 2701 8172 8857 
1622 6215 6569 6351 9495 9833 7427 4870 9549 4726 
4449 9544 5394 8781 3127 4484 4533 4257 6592 5515 
4024 5307 9378 1640 6277 9431 5438 1856 5548 4300 
2924 2513 5700 6753 7798 9674 2766 7871 2398 4007 
9410 9577 2736 5650 1690 7980 6367 2735 9754 8249 
6142 6588 9256 5811 2125 5476 2837 7010 1486 5824 
4306 5336 8692 8507 5033 1279 8703 3801 5871 3128 
9643 9185 6082 8916 2095 8876 5222 8203 4865 7638 
1114 1187 9002 5718 7154 4193 5379 7524 2222 7699 
4023 7889 6197 5170 2221 2389 2528 8488 4004 2956 
2363 2627 8499 9896 5197 1372 4525 5999 6429 1835 
9613 1380 4033 8938 7888 6020 5378 1576 8489 6163 
4501 2046 4519 6250 3046 6226 7015 8580 9991 4511 
4282 8550 5978 9255 3721 2574 5479 5951 1883 4678 
8713 3952 1881 1485 8214 5703 7338 7087 7945 9748 
6410 7626 3243 5670 7783 4618 7490 9275 2153 5633 
8015 2851 4969 9266 6988 6602 1157 3687 1164 1887 
7792 8250 3217 6936 9374 6746 2858 2462 4537 2641 
4599 7219 4991 6727 4501 9966 3566 6245 6238 1830 
5261 1179 2598 9698 7709 8865 1601 6776 2790 2589 
2034 4899 7212 5632 4230 9376 6668 5687 5157 3458 
5660 8670 8060 4691 6228 6796 1470 1854 2590 8326 
6548 1716 8627 6117 8509 3952 9174 4978 4162 3382 
5275 2634 6300 6647 1210 5007 1201 4263 9819 7264 
2037 3921 2408 3397 8806 9977 5787 6207 5548 1789 
8555 2921 4938 5268 9673 8909 5387 6292 6148 7420 
3237 5329 8863 3719 9035 3032 5315 9940 4467 2598 
4926 6954 1649 7914 5511 3639 6721 1468 9473 5807 
5885 2112 6543 8211 4111 8031 4540 2652 3741 3437 
3404 5967 7286 5954 8896 8682 9417 7356 6308 7548 
6096 5580 2912 6723 8839 4202 8899 9650 7174 5915 
5591 2197 2999 5983 2929 6140 6797 9773 5548 7480 
1774 7870 2347 1714 5148 7645 7977 6483 5250 2975 
5799 2918 8834 2700 5839 8827 7558 4259 9399 9012 
1254 1079 9075 7180 8234 3152 3475 1087 8137 2594 
4388 7164 5483 7859 7031 7513 7066 1949 4554 9262 
7338 3515 1901 6937 8915 8967 8009 7824 9192 1468 
9176 9556 3512 7226 4632 8698 9886 5506 4573 5808 
9829 3129 8905 3477 4638 6924 4856 5585 5304 5060 
6634 8419 2755 1519 7584 7105 8050 6873 7584 7691 
6687 6331 2469 4725 3426 2977 5243 8842 4654 6686 
7385 3242 5129 7186 8200 1571 6386 6442 7808 4515 
5150 6114 8038 8323 8067 2211 4041 1146 5067 9560 
7476 9881 9266 3635 4108 3790 9288 2610 3064 1478 
7431 6522 4724 1654 4965 3792 2546 4327 1592 4562 
2159 3387 7520 8328 4448 5514 9406 1467 1714 9792 
3194 2815 8530 3444 6823 1937 3020 6681 5173 6964 
9504 7590 6305 1709 8364 1076 7490 6225 3558 7064 
4236 2178 3696 3708 2935 2262 2759 9169 9777 7754 
9284 9030 8744 9656 8204 4176 5697 2838 7229 2791 
7713 8213 3377 7270 9639 9026 9687 5375 2437 1352 
5975 3989 7018 9350 1166 4641 8609 2694 9738 7707 
4366 1056 4769 4498 5673 9253 9510 6854 5928 9356 
8770 6343 1190 9930 1519 8992 9825 5537 1532 9250 
6656 3038 3448 4183 3833 4689 9072 9754 1491 2116 
6198 4006 3944 7067 3549 5951 3579 5680 5867 8525 
2119 6109 7944 2461 6036 8429 8094 1442 9190 1908 
8517 9332 1770 5281 8525 5767 4834 1188 4976 6410 
9459 6361 1065 1809 3940 8133 8165 2844 9141 9754 
2062 5120 2748 8166 8714 5793 8350 2043 8820 4853 
8018 9079 4147 1649 1816 3969 7068 6236 5384 9176 
7613 7150 5513 2346 9055 1112 8892 1359 8420 2490 
8757 9627 4068 1565 9990 9521 3614 8086 5800 3670 
9962 5967 9469 1512 9346 1823 2835 1465 8551 9927 
2405 5536 1312 6116 1569 3286 8942 7411 9584 1131 
6861 1144 5242 8299 4072 7941 5791 4558 8847 8200 
3071 1011 4428 5593 9425 8997 4465 3228 4843 6789 
9495 9218 4897 2038 4991 2465 9663 1128 5787 1033 
9047 2048 4619 5365 2959 2238 2810 6612 7705 8601 
2459 8715 7716 1538 1063 7589 1086 4499 2850 9248 
9135 4693 6680 2099 7326 2945 3099 2968 4680 7953 
2937 4695 1726 5000 3995 1963 4116 8956 3862 9866 
9559 5851 5097 3828 4717 5393 3441 4321 4509 9688 
6138 5208 8648 4424 8845 4733 7645 1161 8455 3049 
7036 4465 3276 5814 1798 4269 5301 6135 9150 8539 
8859 8195 4235 7740 6369 2863 6855 5853 1640 4362 
3936 6756 7254 4777 6702 2562 3964 2978 3464 7809 
6810 4681 8392 7656 6753 7391 9291 4128 1537 8851 
2610 5139 6345 8230 1977 4932 5055 4119 6736 3301 
3385 8362 8931 3532 3097 4945 6862 5103 4273 3385 
4537 5759 3305 8183 7656 9324 4511 3892 6803 8089 
9429 3057 5080 4930 7038 3238 1619 5569 6205 6111 
2464 7786 4153 9475 8821 3633 4018 9136 3405 9554 
5612 4281 9790 3818 5402 3365 4886 9303 2593 1972 
6319 3637 1960 3656 3430 2650 7025 4169 2941 8194 
2096 1297 2220 1012 6601 5639 7189 5354 9310 1971 
8984 7959 3829 1829 5943 2395 4198 9342 1760 4923 
7795 8703 2648 3806 9413 4000 2341 4280 7466 1985 
4216 2684 7963 1468 1924 9460 3261 9108 5358 9125 
1820 9099 6613 7514 7419 9126 2300 6256 5849 9288 
6924 5824 6617 5734 1192 5680 8024 8027 5790 2991 
7190 8207 4073 8990 1112 7823 3055 4729 5877 7144 
6137 2619 6667 1647 4002 9157 8268 2228 3618 5784 
5114 5230 8170 9897 6836 7632 7069 5246 9221 8449 
3582 9880 9870 2757 3159 9975 5068 6830 3023 2966 
4711 9783 1690 8001 7559 4156 3981 7117 4552 5902 
2027 6298 2879 8871 6321 1710 4601 5876 4691 2372 
7925 6820 4158 1767 2140 6840 6978 2355 1753 3590 
2804 7370 8409 9216 9653 2803 3658 7362 8677 6839 
3855 1317 7346 2745 1299 4212 7921 6573 5853 5813 
9292 7329 4480 2806 6032 8207 3207 1686 1255 3980 
1084 2601 6769 4363 1025 7473 3390 1218 8843 5435 
7865 6754 1972 5884 7863 8804 5682 4867 3658 8727 
6612 9984 4802 3234 1873 9833 6457 2093 4036 2721 
7425 5769 5964 7426 8467 9234 2592 2265 1254 8370 
9758 1417 6743 5664 7636 9602 6021 2381 9382 3254 
2684 1162 6639 4710 2627 9830 7691 6633 9516 6091 
3970 8549 3349 5976 3013 5209 9117 6705 5081 5634 
8595 8904 2416 1407 9605 3402 5781 5427 5293 2617 
2425 6419 5744 5005 9079 2394 5066 5358 6689 5246 
4288 2434 7630 3368 8957 2845 9683 6829 8419 6318 
3628 5510 1915 9435 7555 6243 2952 5592 1274 3679 
6902 8435 3732 2235 2707 3236 6711 2655 8622 7524 
7370 6613 2454 8249 2962 5246 1078 8017 1656 3668 
6820 5743 7938 2138 2356 3373 8233 3806 5874 4302 
5631 9837 8975 8595 3691 8917 2148 2154 4854 3253 
4312 3077 7136 8184 9231 7301 4749 4769 8872 1021 
4149 2419 7300 6086 7955 2179 5049 1607 6525 8730 
6951 9582 8172 2077 7329 8980 2138 8026 8902 3024 
4913 9141 3824 9269 9043 7600 6196 9155 7452 1227 
1606 9088 8866 6203 5104 8075 7863 9653 9657 1348 
7735 9828 3865 6243 5619 2315 9320 8432 9309 4283 
5291 9574 2622 8637 5191 7139 4662 3398 7556 7255 
9185 3503 1331 5883 8400 6476 3922 5036 4166 5502 
2645 4696 5382 6803 8770 5746 6876 7790 3067 4770 
4035 6576 7928 5084 6448 7885 2783 7118 4243 5942 
3212 7078 9561 9785 3852 6342 4036 2436 8997 6197 
2674 9847 5923 1290 9234 6080 8361 5243 4457 1201 
4072 4961 6158 6495 1676 4026 9555 1537 1718 3926 
4053 7146 1656 1957 4051 1552 5099 3861 4341 1722 
8237 8617 6868 4430 1746 9004 2661 7735 4777 1624 
3645 9783 2178 5456 5800 2626 3891 8686 2691 8268 
8565 4806 5877 1066 2096 7825 4520 2754 3110 6956 
8177 2178 4391 2705 6906 5134 9709 9039 3916 3588 
4677 7434 3690 1654 1608 6702 8498 2701 9142 7441 
7457 3840 2454 8553 2208 5992 9679 5519 8098 5909 
1116 1010 8783 6612 8167 2686 7239 4029 8844 1451 
7967 8606 6360 6545 4249 3586 4841 8064 5496 6982 
9763 9189 7117 8165 3787 3968 6918 5825 2388 2584 
7721 4480 4266 1805 2917 7350 3816 4075 1013 1830 
9294 6273 5339 2940 8851 1620 1271 3550 6997 2237 
2636 4366 9963 3059 5365 7301 2548 6801 8517 1224 
8628 4979 8972 9251 5294 3058 4146 9962 8865 8001 
8650 8136 9164 2675 4259 4908 9573 5419 8713 7331 
1697 8464 6939 6759 3690 3630 2620 9006 4539 7769 
2594 1737 4841 6350 2613 2274 2408 8456 9814 1376 
1458 8647 6561 3891 2143 4683 8442 5166 6885 6616 
2084 6930 9680 7740 8580 7342 4172 9554 3103 9657 
2153 4197 6889 2702 9717 2845 3567 1027 7407 1923 
7428 9125 6955 5919 2672 3106 6015 5780 2849 2066 
4887 6554 3973 2242 7264 6266 4853 9770 3447 6581 
7322 1445 8754 6353 5065 2743 5436 7772 2245 4139 
8924 3785 2528 3673 5572 9619 3138 1989 7930 3804 
9861 4322 9779 1885 1969 4021 4839 8661 6279 6373 
2571 2842 9401 1100 7724 6197 9987 5295 3787 3177 
9523 3167 4947 4844 4709 9261 3131 9076 3248 1065 
8931 1630 4188 5372 9167 6864 2076 3877 6440 2949 
5912 5541 9330 8887 8875 5307 1591 3143 7843 7555 
6613 6313 2774 7557 2194 8945 4860 7732 5560 1098 
9156 2360 7964 3447 8116 2353 3419 5981 5822 8777 
2773 6240 3240 1485 4769 4728 3610 1944 7864 2698 
7823 7312 2371 7605 3463 1959 7893 4085 9744 8172 
1387 9697 8669 2561 8838 2618 1763 6213 6349 4502 
7452 6880 3852 4245 9022 2230 9488 7610 2701 3544 
7966 3625 9479 3001 5751 4279 7138 4896 3952 5628 
7115 2395 2219 7307 4454 2939 9631 6595 5216 8201 
7546 6335 7297 6782 7281 4450 2659 3429 2451 7144 
4524 3983 1714 1698 2591 9452 6315 7186 8654 9104 
9696 7937 7943 4868 7908 8733 9673 4329 7591 1638 
6982 3473 7355 8517 2806 6331 1690 8154 8313 5799 
4402 4421 9462 2447 1886 2993 9727 1508 4967 9417 
7788 5763 3781 9582 9505 6534 5442 8801 9301 3470 
4878 5509 9112 3507 7745 4628 9842 6617 6255 4495 
7507 4116 5342 2756 2856 7362 3620 1502 6137 9795 
9136 3587 7363 1262 1238 3456 3784 6537 5940 1387 
4179 7847 2354 5253 5906 3143 1212 1172 7154 8661 
7551 5773 3303 6216 1786 2447 5952 6148 3222 4911 
5017 3840 9086 9246 4276 4233 1682 1027 3525 4223 
1997 3428 7340 7493 7980 5513 3635 8590 9581 1634 
6968 7438 3022 6457 2928 1199 2080 1111 4502 5318 
1660 4681 1570 9026 8655 2981 4336 1745 1347 8322 
9739 8731 4475 4248 5372 1342 8580 2492 9023 4944 
8957 4637 4517 2797 7133 5753 8837 6683 7461 6590 
5782 2558 3329 4891 4945 4542 8222 3319 2174 9494 
2938 4327 1073 2556 7238 1517 1108 6254 5697 2988 
9217 9783 9532 6131 7740 6153 9427 8495 7849 5080 
5453 7396 6841 4075 8844 1277 6063 6159 7545 7292 
2051 3114 3268 9850 1828 8267 5461 2888 2677 1595 
7418 9266 9643 2811 6756 8825 4510 5240 7849 8281 
4138 1220 7621 8858 8212 3476 7885 7438 7358 4487 
6044 6398 8137 6553 4476 2135 2674 6246 1893 9927 
8595 6883 8714 2278 5620 5742 9719 6269 3861 1121 
9666 4859 5483 3606 3368 9343 9037 6563 8867 1238 
7220 6189 1225 9800 8735 8862 7512 9002 7172 1537 
3701 2529 6970 5672 3079 9125 1262 8468 6625 4097 
1676 9723 9148 8125 3016 9038 5764 8540 8245 7892 
9802 4776 9031 2727 8341 3539 1926 6669 2354 1225 
9917 6298 8768 4399 3748 2768 1598 4416 1192 1204 
2677 3889 2509 2957 3823 6155 8796 7969 2572 3039 
8208 8706 8382 9422 3535 3300 7592 4470 1183 1376 
9370 2587 4168 8237 1037 2486 1682 8421 9103 8609 
1422 8594 3056 4042 8200 5793 2737 8065 6604 1970 
5803 6242 3997 9230 5325 4436 4523 1417 6395 3976 
1254 3536 7157 5990 1064 7172 7736 5859 6008 6157 
5162 3368 5561 9591 4486 9302 6019 3374 5362 6366 
6413 3852 4356 7423 6803 1122 6626 1425 6916 4624 
6298 8470 5920 1292 7357 8139 1487 6868 2568 7467 
1433 6063 8634 9469 5616 7572 7806 2170 6656 5263 
6838 6774 2613 5345 1439 3188 4500 2771 8881 5198 
4650 8730 3098 2313 9834 6090 5346 3583 3213 4138 
9906 1145 9898 2986 5455 2464 7194 8404 2716 1771 
6926 5102 2464 8294 1891 9605 3824 7640 7995 9018 
6706 9270 6099 4630 1315 3010 2030 5799 9999 2481 
9851 8252 6387 8158 1207 7027 6204 4674 8188 6859 
9628 1524 8883 9493 6592 7492 1029 5553 6690 1932 
4918 5593 7125 6452 8365 3198 6793 6956 8597 2275 
4175 8507 5481 7422 5396 4786 9496 1478 3952 7840 
5633 7465 1147 5073 9846 4658 9474 2049 7042 2251 
8263 4592 1742 7827 8887 3190 6023 1224 9460 6303 
5951 2496 9445 2473 7029 2681 2502 2624 8011 9322 
3348 2072 1369 3324 1043 6909 3627 5102 6852 5603 
3186 2184 6894 1958 1402 9221 1890 7638 5697 4672 
8206 6897 5072 9716 1912 7797 5083 5290 5667 7541 
3347 8569 7239 4392 5519 4953 4294 2299 9238 7807 
7478 9758 5805 9311 6133 5796 1227 1330 9310 7286 
1361 1419 8146 2507 8963 4493 5929 2190 6081 5766 
8363 5706 3702 8007 5128 8517 6699 2031 3544 7979 
7527 7665 3360 1833 5793 1615 9348 3980 5080 2100 
2248 1142 4312 5979 9974 8381 5729 4036 9444 3182 
4132 4547 8922 7024 8974 3653 5364 3542 4675 6599 
9506 8016 9489 5446 6597 4822 2221 8628 5953 3256 
1583 6544 5654 9733 9204 6898 2782 8752 3295 6713 
5773 8472 3824 7508 1626 4663 8053 6039 6123 9438 
2877 6664 4466 1687 1801 7698 8583 5222 2575 9965 
7047 3149 7356 8271 7887 1961 5596 8683 5803 5544 
9578 6608 8385 5987 8804 5607 9568 4739 4538 6277 
8531 2538 4760 9915 2344 1114 3093 6441 7652 3666 
6113 4101 1062 2211 2869 9930 8354 7637 3527 7598 
1320 6852 5071 4174 1647 7278 8455 1846 7690 7091 
6159 5694 7058 6156 4943 6582 8067 5499 5494 2947 
8126 8231 5834 3065 9387 8780 5522 2292 6805 2519 
4551 7596 7840 3212 8709 3700 6156 9967 4247 5893 
1240 7405 6926 3787 7901 1315 2472 4407 2296 5085 
5248 5399 5704 3241 2903 8084 1501 1439 4618 7712 
7083 4813 7894 8562 5113 7614 8774 9545 4173 3234 
1075 5557 2677 3605 5108 5224 3475 9502 4347 2673 
7930 6992 2266 9135 1202 7718 3701 6813 5841 7738 
2825 8633 6169 8166 7783 9923 7837 4713 8589 4541 
1288 9762 7121 5832 4891 5473 6899 5491 3855 4995 
4810 5028 1285 9554 7171 5877 1032 1648 6992 2863 
5919 4733 7939 8352 9270 5925 5699 3386 7545 6862 
5671 6851 5603 2659 7829 7041 4987 4249 3863 3825 
9765 3269 9235 4593 6382 3439 2478 6900 9983 2831 
2944 7752 6831 9107 9061 6210 7642 9730 2709 4385 
5742 7613 1890 1161 2385 8049 5860 5763 1886 3684 
5664 1146 2746 5076 7921 1968 5481 5747 4134 4700 
1877 7345 4230 5096 4719 1426 8494 8107 8224 7621 
1327 5465 5862 7553 6124 4796 5536 2487 4688 2592 
9485 6001 3087 3656 2447 5655 1594 9567 3552 2528 
1805 6993 4602 4204 7582 9510 4953 9685 4438 2775 
4445 5509 8873 5865 5335 4410 2914 3512 4705 6970 
9087 3703 1995 2883 8658 7222 7860 9502 3570 4534 
3125 6139 5605 2845 6320 1183 2452 2358 1233 6273 
8676 2512 5610 2393 3151 6780 5193 3149 8851 7002 
9530 7831 3812 1639 8329 8155 1102 1098 2400 1525 
4639 6822 5050 5012 2526 5907 3449 5662 4108 1236 
3423 4358 4035 8415 6951 4622 6277 5004 9002 3996 
6416 8986 1351 8336 6800 3655 6845 3422 5283 4078 
4888 6479 2135 8132 9569 5745 9519 2958 5559 2676 
2350 4794 2042 1766 6944 5772 2441 9835 3166 2277 
4231 9013 2014 9475 5536 7584 5501 7442 4816 3084 
4950 6926 7030 8661 7784 4437 2075 5683 8333 1585 
4013 2416 9774 6273 6561 2304 5897 9047 8031 6509 
9893 3576 7766 6328 2878 1844 7423 5404 4596 1520 
2733 3976 9369 3368 9212 5169 9336 2372 3682 6545 
8741 9727 6512 5297 1697 7932 2828 4793 9014 8841 
4654 7681 5202 9622 1538 1786 6834 9084 3806 3678 
4956 9441 8913 3711 5985 3798 1958 9270 2060 6549 
6945 6490 4708 5878 3146 1135 4108 7523 6783 3335 
1574 1216 8745 5078 9953 6458 8583 2593 3669 9589 
1073 7374 1674 9586 8252 4409 8483 8664 6025 7900 
1256 5016 3929 6550 3229 1455 2194 9861 7985 3881 
5398 9730 7591 1518 7753 9649 8447 8165 8656 4904 
9453 4307 1572 3582 9812 2437 5653 3291 4999 1246 
7703 7650 6615 8748 7007 4609 3028 5409 8503 8074 
9310 1706 8701 7020 6804 9955 2115 2006 2019 9445 
3363 1305 5175 3153 7289 6467 6163 5806 8655 4058 
9243 4464 7666 1126 7974 7210 2883 2695 1775 9972 
4402 8257 1827 9343 7715 8011 6335 4307 9133 7180 
7416 2143 7349 3808 1880 9487 6134 2220 7058 4101 
3846 2644 6729 9678 5826 1528 2826 6851 4949 6590 
1475 1210 6611 3386 9779 5133 9673 4452 8299 6477 
1526 9184 3162 9574 2987 8152 8257 1905 8150 4007 
3072 8180 5100 5773 2204 3505 3596 5270 5365 9476 
1213 2526 3537 5060 9498 9678 1232 4383 8810 3406 
9579 2070 7494 1317 9174 2826 6540 9698 8369 3860 
2095 8583 6768 9364 8841 6272 1960 7542 9940 3545 
1581 1964 7678 3944 5443 8038 2581 4253 9299 3330 
9374 4480 2475 5207 7023 5822 4615 7853 6283 8228 
4377 7158 4334 9977 5624 7967 6904 7584 6554 1549 
8191 7155 9620 7499 1351 1179 1569 4775 6508 1549 
7360 1394 2485 6760 5124 6683 9944 3058 3532 9392 
5914 8292 8459 6477 8613 3660 9009 6908 7124 8806 
7616 1793 3307 4002 7816 8272 1038 5789 1875 2567 
3995 3914 6004 7177 8167 8240 2064 1668 5783 8222 
2188 1577 5667 7288 6868 9294 1272 2021 1098 7466 
4394 2615 4124 9012 2801 1591 9235 1004 1358 5124 
8544 2697 7389 7395 6345 9339 9906 1396 4246 9454 
2138 8699 2416 7942 7699 7502 4209 2322 8756 1688 
1948 6352 2923 5344 8113 3982 2692 2531 1233 1668 
4921 2089 1242 7898 9467 6231 4487 3040 2556 3575 
1367 1257 7101 4264 9081 6447 7329 6753 4680 9114 
9146 9555 8322 1731 2892 3410 1847 9155 6956 2003 
2031 6314 3023 7351 6920 3312 8642 7368 4792 7739 
5100 2890 3682 6401 6312 7081 1512 7774 6462 3790 
9943 2142 5723 4557 8486 2412 1930 1883 1663 4236 
3343 8372 5125 3943 2350 1354 8167 7518 8141 2653 
5148 4820 3303 4623 3491 3573 3448 6903 1058 4580 
3491 2333 6350 6557 6748 6436 7098 5677 2208 9790 
5394 8236 2540 9133 8338 1015 2749 2904 4332 4949 
3607 5684 2772 3658 4091 1331 4289 3740 4484 4111 
9413 7929 7329 7371 2835 1701 2649 2368 8164 7797 
7817 9200 5353 3177 6767 2032 9878 8472 6654 1966 
4179 9871 7493 8485 8334 7986 2980 5872 1797 1834 
3243 4622 6320 3719 8584 4670 4009 7838 2201 1815 
1943 3528 2632 4639 8139 2674 4900 9391 9815 8181 
6014 7719 2891 9788 6681 2141 2506 5983 4440 3013 
6893 3350 1994 6492 4491 7810 8027 6905 5243 3473 
2791 3678 6761 4823 1225 8960 1010 8365 2553 5370 
5753 3194 6603 6045 7797 3451 8560 8147 8803 9118 
9787 9548 3558 7564 4746 8686 1875 8844 7824 7527 
8391 1616 8158 8968 4752 5806 5107 6706 3229 9547 
2563 2460 3971 5255 2847 2549 4108 7296 4270 3690 
6644 8420 7199 3365 4151 4977 3854 3466 8362 8229 
7532 7626 8862 5278 1985 8454 5064 7661 4568 7109 
4403 8087 2431 4148 5030 2003 8850 3468 8111 8077 
6722 9853 4722 3934 3866 9459 9896 4432 6238 3344 
6805 2791 8585 4305 2883 8459 8917 7018 7557 7937 
9444 1405 9286 8254 5431 1068 7771 7175 2572 9272 
4477 2019 7262 8542 8593 6677 1479 3206 9521 8026 
5792 6271 4699 6946 8247 5963 3532 4474 5700 7101 
3124 1538 6894 5750 5456 1477 4934 6666 7411 8320 
5974 6895 7406 5343 4840 6933 5475 6516 5114 5792 
4453 5621 2125 9184 7584 9926 8147 9840 7944 8550 
5947 5235 8763 1086 5079 4914 1568 1176 5674 5143 
3297 6432 1980 7252 5699 3267 8564 4543 8104 1498 
1320 2192 5357 5683 9411 3403 5477 4564 7303 7565 
5955 1048 7271 8108 9890 1994 9703 8821 7366 9510 
9624 3491 1875 3011 6449 4289 2955 6193 9524 1834 
1441 1387 1027 2421 1715 9413 1895 3375 7779 3197 
2723 6455 2764 4155 9025 5678 4447 7735 1075 1513 
5754 9561 3535 9784 9557 6676 1679 5625 3162 5960 
2889 7537 1515 9260 9706 1716 2403 1279 9052 7769 
4530 6448 4151 1121 1031 9089 1689 6607 1024 8813 
6923 6082 2739 5322 6032 3257 7039 3791 4458 1083 
9255 6410 5478 8392 3454 7816 6784 7097 3968 9670 
6249 5549 8886 7267 6674 2762 5597 8988 5838 5166 
5570 6755 6506 3281 3367 4189 5603 5693 1899 3609 
2893 5551 3988 2396 4801 7619 2957 7227 9892 3013 
5967 4951 1887 1266 7080 8273 5303 8044 2933 1792 
4172 5301 5249 6226 5681 9720 9975 1253 8870 1394 
3999 4608 8689 1385 1265 6844 8368 3391 7304 1182 
2762 7038 3169 2253 8074 5477 7932 6904 2338 5520 
7346 3825 5522 8417 4285 4175 9000 5481 2981 8489 
6164 4963 9268 7553 6284 2776 9371 4072 3788 1947 
8062 3359 9288 8737 9550 7039 1909 9751 6953 6784 
4782 2085 1226 8246 5199 4411 1367 7780 5049 2286 
7131 2415 2507 9551 9946 3467 5894 3938 5099 3795 
1144 5633 1310 5941 6623 5099 3238 6344 5896 4814 
1558 6109 7147 9302 2413 4329 2467 8656 1623 9685 
6429 5335 7491 2045 3333 5199 6672 9688 9591 3559 
3152 8305 6629 4025 9476 6402 2979 5016 4779 4900 
6052 4129 9624 1956 3723 2556 4237 6389 2656 3665 
4554 2602 7397 5581 3933 4705 1854 5439 4011 4289 
6966 7545 7361 9223 4065 9237 6357 4441 9110 5604 
2603 6992 2992 8133 5721 8174 1501 5871 3392 6849 
8037 1749 6305 7837 8056 8093 5320 8676 7728 1455 
5202 6536 7391 9825 5765 6118 6362 6723 5083 3822 
3871 3179 8025 1056 8140 7243 9332 2485 4656 8228 
9050 9242 4244 8452 6699 9993 3614 3621 7847 3879 
2248 6561 4417 2441 2802 8832 7075 8179 6205 5935 
3387 1160 4980 5707 9011 8464 3289 1052 7604 9998 
2220 1746 2342 4464 2022 4223 9554 3685 7958 9067 
2757 4627 8386 4745 5658 3790 3314 1099 7821 5220 
3116 9638 3639 5712 2124 9553 5503 9679 8769 1502 
6163 2694 5918 7631 9599 8861 3315 1058 2292 3010 
9108 9836 7973 4621 8553 1369 7428 6200 1903 7224 
7333 1333 4133 2543 6234 3690 2218 3027 2185 6246 
8052 7431 7663 2457 9559 2786 7967 5016 1935 3328 
6119 4788 8381 7048 5435 5526 1892 1313 8398 3227 
5776 8920 2228 4548 2053 5905 2725 4044 9930 2841 
1569 1855 3713 8041 5797 5701 6806 8600 7656 2776 
5062 1743 1128 6616 2671 3606 6817 5642 8573 9552 
3696 3754 5249 9944 7164 1052 3735 7571 7844 6110 
7126 4695 3233 3071 3726 6505 9846 8352 9598 9493 
1291 9155 3717 8139 5385 6290 1516 9850 4147 9570 
2405 6814 8336 5704 1689 4077 8004 7027 6717 2924 
7723 2367 7129 1469 4628 3716 9905 5664 6302 2538 
7166 1960 9185 3212 9272 7792 5420 8399 5677 7777 
8882 3701 7552 7859 3522 4015 1293 9779 5788 3590 
2843 9194 4389 2509 1344 1687 1722 8711 1851 1878 
9587 9606 6879 3403 2700 8345 9605 1562 2974 7980 
7720 6766 1453 2308 6021 5385 9150 1677 7786 1868 
3264 2984 4392 5999 6849 1462 8194 6601 5102 3063 
1161 4286 7855 5099 2942 5435 3336 1435 4103 3851 
4345 9406 2626 1671 2029 3499 6190 1567 9024 9106 
2217 6301 2460 9245 1222 7401 4197 3005 8002 7439 
3243 7962 8029 7666 2402 3680 3728 8214 1379 9971 
4256 5817 5219 2391 3625 6930 7683 8245 2677 9264 
1388 1066 9002 9513 9287 5211 1441 4239 3737 3112 
9180 4428 2761 6369 4037 8564 9039 1505 7637 2671 
9593 6776 6597 6678 2802 2075 7711 1262 3568 6985 
8349 3424 9560 4411 1596 7560 2833 6030 7296 7426 
3713 3255 5807 8563 8217 5915 4511 9838 9464 9697 
9456 4288 1256 2476 1956 6835 1668 4919 2758 2180 
9469 8467 3832 9925 2081 5154 3641 8687 4116 3957 
3217 1633 3907 4542 9083 4112 2295 6616 2818 7135 
1540 2574 6527 8762 5093 4379 2073 1351 2411 2270 
3842 2889 1541 3021 3198 8204 6210 8348 3538 5072 
7495 9258 8382 5771 3605 1264 5660 1653 7895 6757 
9846 7032 3133 6362 5349 2965 4340 1732 6237 1809 
1270 4269 8690 6171 6890 9852 9871 6458 1951 8093 
1138 8554 2740 2126 3455 1512 9024 1112 2988 8107 
6216 8342 6734 8194 6307 4659 3458 4203 9323 7077 
5674 9035 1145 8132 3938 4263 2880 5764 9555 2665 
5199 9868 3025 1078 7126 1898 7327 5345 5463 8702 
1703 3380 1648 3249 5870 5178 5047 6703 8085 4663 
1388 7994 9491 5868 9186 3857 5031 3454 8080 8997 
1378 2254 4960 3085 8121 8548 7060 8116 3531 4561 
3870 7980 5353 2666 9393 7285 7676 9859 3341 8366 
7467 6428 8600 1904 6075 2382 9666 8527 9820 3438 
7596 6337 9418 6794 7680 5537 8143 2817 7964 6835 
7458 1786 2693 4785 4300 3524 3676 8317 6464 2824 
1379 5349 6264 2921 9341 2872 8956 9423 4955 7843 
1068 6021 8190 3637 4692 8858 5021 5477 7282 8492 
6206 7717 2943 6080 4442 5892 8610 3830 2283 6175 
2222 8613 1116 8950 4538 5650 6545 9353 9022 7938 
1528 7531 3807 4674 1757 8808 1186 7481 7897 9094 
6569 9141 7972 9935 1498 2887 9813 1289 1063 1015 
7709 4317 2409 2758 5117 6790 8627 5085 3047 6773 
3976 9093 5530 4809 4663 3937 4523 8975 6066 1285 
3571 5482 5361 9643 5245 7886 5929 1086 5239 2959 
2935 7993 2274 8744 9741 3116 5582 1334 2285 6733 
1021 2227 8610 9389 6782 6304 5861 8104 6532 2022 
4366 9400 9876 3280 5967 9432 6725 7117 7477 7771 
2950 8123 3410 5413 3576 7018 1418 9363 2915 4110 
9641 6220 7682 8908 7975 9188 8369 7939 9249 6102 
8066 4328 9859 5990 6989 6516 5154 8717 1685 6072 
2305 5742 2259 3410 9825 5382 7379 1665 1793 1010 
3172 2783 4552 5526 6888 3105 1204 2928 5778 7169 
2022 2485 6243 2686 9846 1628 1695 7768 2183 8736 
8090 4634 2945 5691 6406 8772 6078 5395 3333 6538 
2684 3039 4016 3273 3024 5378 8359 7167 4922 5814 
6868 3891 1152 9914 9274 9569 5617 9165 8452 8027 
6419 5278 4745 2030 5658 2328 1741 4873 1594 8051 
8416 2960 2432 6269 1122 4902 9057 4212 1582 3454 
7820 3378 8026 5114 2070 2264 9396 8355 2121 1250 
2634 5846 6762 1094 2904 3438 1501 2824 3066 8732 
3654 3283 2346 7265 3440 4364 4801 6992 1290 2098 
2944 4764 8176 4095 9446 5357 4694 1368 8750 6875 
4092 9122 6014 2413 7758 8921 1837 7619 7997 9371 
8147 2819 9652 4909 3966 9503 9771 8556 1708 1865 
9984 3446 9595 2222 6056 3732 8280 6966 2705 8968 
8217 3723 8433 3079 7836 8599 2739 1774 5531 4274 
5697 6188 1213 7717 9840 6129 6799 3730 1882 6241 
4157 7457 2159 6485 2398 8856 6654 7655 5366 8601 
2234 1674 4333 9776 9487 9447 8415 4284 3900 2168 
4591 4491 1733 7902 3318 4981 7737 4337 3786 2836 
2616 9174 7898 2443 9291 4401 4398 7714 5341 3365 
4257 4748 6097 2765 1919 2401 5704 6017 7531 9749 
3573 6561 6021 4431 4317 7864 5738 9235 9517 6035 
8688 9698 2015 6750 4995 6337 7837 2975 4457 8065 
6146 4086 4278 1944 1185 2963 6177 9155 6140 6581 
7077 3415 7254 7374 5347 2962 6437 9282 8089 6718 
5172 4844 1937 8716 4405 3277 5472 1925 2155 9663 
1785 2945 7041 6744 2561 8754 3218 6426 4466 8299 
6803 1875 9904 6994 8862 3018 9884 6795 5689 9983 
8349 9359 8643 2383 6851 1063 3706 5007 7964 1650 
1313 5892 4163 8073 8464 3741 9656 5669 1494 2972 
1444 6997 7861 5357 6368 1562 7928 9540 8370 2955 
8835 1994 1372 1459 1539 7221 3744 6207 6400 6792 
5951 9130 8714 8549 9929 8072 8542 1877 3348 8945 
3777 8303 3240 4638 1202 1561 9641 3790 5989 3220 
6573 7626 7398 6567 7341 6375 3898 1313 6494 9237 
1342 8214 8527 9674 5986 2375 4013 9278 7327 2509 
9981 5186 3487 8575 6853 5193 5718 7889 2194 7861 
3705 4201 3876 3642 3082 4581 3846 5806 5156 2089 
3570 2967 3343 2447 9580 7908 9286 7114 3060 9543 
5501 8657 5987 6484 9630 7386 3415 2974 3663 5127 
6502 7100 9560 4857 3484 3707 1972 4521 6368 9732 
5942 4426 2178 9483 4921 6501 5880 4044 6742 6441 
9153 4406 3466 7063 6932 8361 5532 3674 3145 7108 
4449 7034 2149 1600 3998 5983 8885 4222 9914 3460 
9636 5125 7689 1393 5133 6766 8493 2598 8490 1449 
6243 7231 9095 9929 7381 8000 9990 3860 6719 4674 
6170 7646 2185 6948 8172 4702 7123 1687 8931 1363 
3960 6659 8019 9176 6314 2967 8106 5999 4159 8499 
5146 7780 3991 8146 6684 2108 7397 6072 7627 3599 
7100 2394 6619 6757 5295 8833 7086 6440 5754 3051 
1760 2833 8096 6648 7960 3266 8465 8737 7867 6954 
5595 3437 7601 7533 1035 2322 6326 4924 5514 1838 
9134 1606 5791 4739 1974 8451 7100 3182 7276 5132 
9820 7027 7332 9911 1336 5903 5868 8566 8361 5652 
3718 2966 4368 8672 8910 4528 5690 1924 1774 2924 
3982 6380 4714 5272 7245 4509 6317 9360 6622 4189 
2849 3089 8430 9131 7356 6688 3616 9295 5764 9092 
1486 5438 3060 8809 3810 1352 9033 5734 6768 6066 
8926 7298 9893 4550 9364 5845 4138 2704 4911 1055 
1437 5978 5802 6859 5207 5049 4262 7766 3600 2897 
3967 4651 3797 1716 8697 4055 7455 9065 2019 2473 
8078 5973 2851 1949 3456 1642 7562 2300 7050 3436 
8543 2655 3304 9609 6427 5796 1052 1637 8015 6564 
3132 5113 9117 5621 1023 9162 3945 2090 1909 8540 
5188 9624 1071 9382 5274 6038 9329 7595 9532 4535 
5951 7148 2453 5300 1075 2298 3648 5036 4551 3259 
8895 9595 9108 8575 8959 6422 6371 1523 8302 5453 
2903 1684 8163 2071 3319 4312 3707 2467 1653 4292 
2220 5839 8795 5258 7635 8892 9584 2981 1220 1602 
7749 2595 2606 9154 9437 1579 2425 5494 4375 6255 
9402 6562 8162 8940 6182 4605 6511 4890 7643 9072 
3158 8448 3212 2861 9741 8229 2706 8117 4614 9408 
2780 5287 4640 8945 7391 9493 5831 2310 1217 3797 
6475 5782 5889 1496 6138 5865 2181 1544 1448 6978 
1725 3648 1367 2260 3700 3251 1762 2109 2187 4603 
6138 2895 2473 3269 9924 8580 3556 1706 7044 5358 
6179 1617 6085 5775 2154 2261 4759 1875 5078 3584 
8659 5613 7659 8193 7299 1417 9555 4758 8445 8325 
1384 7090 1333 3118 5752 1567 1894 5622 1591 1424 
6118 1048 7642 9713 4120 9196 6679 1282 8842 7523 
1251 7716 6047 2904 3128 8254 5053 6153 6862 3004 
7352 6007 7555 1552 3856 3798 4721 8904 8206 2664 
7467 2619 6395 8920 9572 9832 7699 2498 1408 5418 
2425 7180 9012 5100 4098 5095 9731 5024 2046 5240 
9984 9295 3456 3504 2493 1604 1179 7917 8435 1426 
5135 7043 7257 5657 1363 6454 7696 3013 2782 5354 
4403 7888 9857 4737 8072 1991 4094 9668 9924 2380 
3175 3201 6882 7653 2409 4741 6948 9379 2401 6252 
1054 4339 9183 7822 2928 1733 1757 3115 5626 4830 
4805 9635 1024 2222 2294 9759 7160 7207 8333 1168 
3040 2680 9456 4905 1454 3588 9741 2999 9800 8933 
1301 7715 6144 6088 6421 3001 1691 9547 8526 2328 
9010 8784 4340 5198 3233 8475 2782 5471 2387 5581 
1648 9821 7455 7714 2457 6573 9119 4028 4875 3354 
8139 3339 2565 8404 2722 8386 3936 8284 4850 6457 
1682 3683 5150 9436 2985 9339 2773 8689 6762 8672 
3545 1322 4104 5902 4975 1098 3272 5006 4697 1062 
3222 2728 7965 4034 3135 4410 7578 3902 6244 9673 
1741 5180 7859 6632 3032 4632 8456 9215 4923 1699 
8782 6604 4353 7967 6135 2115 5913 2163 5344 2987 
6540 8645 4202 5199 8818 5132 4252 6824 4001 6037 
4114 8272 5579 6267 9218 1251 7012 8907 6233 1521 
6895 8009 8979 5537 6223 5334 7108 4771 5935 1284 
1326 7832 6894 3576 3334 4022 9611 8010 9884 3086 
4054 3802 6235 5897 2471 9551 4828 7059 2358 4132 
3300 6488 1680 7657 7036 4508 6922 1937 7290 3365 
9494 2699 6314 4224 6089 5725 2321 8694 7857 2502 
6440 9463 7891 5862 7910 3735 2636 6932 9065 9049 
7410 6916 5842 5004 4638 7874 2772 7704 8093 3078 
3696 2781 3138 4641 5596 7284 2996 9805 3050 7869 
8570 9784 5114 2464 5216 1485 5409 9169 9907 2139 
8005 9911 8701 3521 1902 7661 4066 8810 7840 4241 
9688 1128 3565 1437 1126 3105 4507 7117 6379 5848 
5902 3201 5111 7932 5159 9393 4205 4891 8098 5133 
9673 3121 3901 7878 7385 8037 9871 3713 2369 7404 
5709 6860 2618 7765 7208 6655 4490 7603 1379 9326 
1755 6551 4596 3724 8195 2153 6860 8643 6863 4584 
8005 1636 3046 3407 2686 5260 5621 3511 3079 1025 
7318 6418 4937 8233 8148 6146 8952 5859 8322 8448 
4725 5715 7394 8027 9599 1968 7288 2267 3438 9588 
3595 6478 3093 3947 7773 3262 5632 1235 2682 2135 
1309 4411 6317 4332 7303 6429 7339 9776 4721 9731 
3669 4559 8110 7418 9346 9585 8955 3800 2200 6365 
3205 9677 2943 5948 7844 6762 5121 7280 6129 9516 
6116 6215 5678 8118 5173 8906 3209 2654 4964 9131 
2028 6842 8986 8234 8308 2642 1000 6310 9881 2029 
7484 6914 4732 1290 5877 1838 5060 8042 1850 3481 
2126 6062 2757 8712 8996 5195 3794 1631 3379 7954 
5734 2313 5965 8619 9793 5789 1982 1492 9758 8141 
5490 4887 5815 1192 9355 8552 1143 8370 7480 6316 
3871 9169 4964 3780 8747 6061 1723 6433 7176 2227 
8823 9923 7853 4025 4270 1492 8348 7338 1643 1821 
4983 7960 1752 8091 5719 1986 6635 2151 3959 6313 
1646 5004 9090 7554 7024 9183 3170 7820 6898 1729 
9045 1406 1963 7238 2929 5700 5555 6812 2948 6135 
3424 3090 5388 9061 4487 5571 9203 2524 2864 4990 
5455 1515 5654 9171 5707 7332 7561 5273 1818 2011 
9675 1393 4863 2579 1980 6853 9590 5113 6296 7130 
5726 8454 8230 6401 6335 3917 8597 7109 1171 4861 
1071 2528 6143 8325 8252 1824 1518 1445 5393 7059 
4994 9618 1687 6170 7484 9270 3425 4562 6787 7948 
2284 9386 6955 4148 2213 4335 8533 9216 4020 3307 
7413 1824 5036 6576 1061 3881 8725 9309 9342 1060 
3931 5876 9160 7526 4750 8418 1768 9130 4163 7736 
5270 9905 2607 7436 1529 5466 8523 9431 6540 7938 
7933 9724 3586 7753 8638 5031 9185 4337 8362 6224 
6809 4601 3469 6398 3615 6164 5434 7246 3745 4676 
8522 8657 6289 9399 3354 3136 2953 2077 8029 6063 
2057 8895 6645 8224 7710 5290 3638 3313 6850 4391 
5389 3640 6821 7461 4212 8378 4636 9971 6177 3643 
5892 7621 5033 5911 1505 3021 8835 1776 3969 5645 
8195 6086 7738 3500 5639 4432 4442 4866 1952 5755 
1752 9998 2130 7918 1800 8297 9784 3783 3841 8713 
5271 4572 6629 4602 6434 2590 6042 4312 1682 9181 
2521 3379 3865 5904 2630 4760 2467 6503 7071 7965 
4488 3824 4665 2158 9345 3428 9439 6256 9778 3800 
2381 4670 3073 1939 1984 3281 6537 3026 2758 7982 
2857 3572 3828 6100 5392 4114 9651 8186 5265 9767 
7708 7300 5656 7185 9109 7410 4702 4406 7830 6452 
9259 3836 5811 4622 2623 5057 7772 1326 1289 5263 
2387 4468 2477 5033 7397 4505 3461 3548 4716 8238 
5352 1185 9308 7219 8754 9179 5875 5778 8852 6431 
8730 8582 2838 5477 8737 1419 7584 6988 8177 2403 
5448 5134 9898 1425 3824 2953 6397 8166 7901 6328 
2408 1905 5962 8205 8950 4201 9945 1969 3163 7027 
1047 9950 5470 6309 3103 1935 6729 3318 1244 3375 
2008 8322 5233 7074 6695 1897 8616 9949 1837 2556 
9894 2151 7403 6941 1631 2933 9182 1537 5419 5890 
5872 3023 9155 1840 4238 1515 9334 8046 9879 8715 
3420 4892 1075 5802 5565 6237 8602 9167 7572 1368 
5615 1684 2950 2559 4487 1175 8682 1390 4994 2057 
9168 3225 5748 2524 5478 9821 1212 6089 8731 9781 
3331 8798 9300 3945 9183 8057 4764 5736 1798 9055 
2285 1928 7473 5035 6432 7481 4197 2278 3949 2933 
4383 9380 7594 6937 5756 7477 4155 9890 5608 5759 
6338 3120 8519 7124 1327 8154 8678 3987 4712 9376 
7163 6593 2570 7544 2753 8746 3489 1277 9240 7171 
9599 5444 3909 2210 7096 4734 6075 8451 5914 5388 
8652 6974 1984 8236 7400 5200 9281 1629 5756 4177 
2889 3651 3929 1891 7667 4332 9529 7942 4359 9417 
8927 2958 8808 9289 2895 5111 5943 1521 3037 6438 
4792 1562 7840 1369 2397 1660 9909 1353 1586 7843 
7897 4958 8484 3628 4606 6022 7838 5746 4210 8780 
9910 2325 2392 5566 4125 4757 1501 8900 7658 2155 
1106 7250 1533 5983 3735 7140 3450 5033 6241 3483 
1798 3609 4116 3397 6849 7995 4075 3475 2954 4122 
4347 7393 6061 4174 9434 8963 5660 7545 7220 4530 
8097 1665 2045 5781 4359 6311 7352 8433 6463 6615 
9844 6937 6422 3289 6062 7688 9560 3925 6651 3856 
7862 6261 7529 1948 8328 4315 3691 1321 5688 1610 
7208 8549 9379 6739 4685 6997 4371 2786 9265 2604 
5279 4976 9949 5912 7295 2507 6694 2546 6824 2393 
7131 6906 3853 8151 7728 4229 7444 2257 6414 9978 
3963 7669 6725 8429 9352 9666 1582 1048 5870 4866 
4235 2776 5155 9989 9209 3365 8685 3404 5561 6237 
7268 9384 5009 7338 5418 5618 3203 3750 6800 6526 
6325 3157 8964 1044 6108 9921 9551 9020 6417 3194 
4373 1867 6064 1164 2863 5198 3969 9463 1325 7423 
2300 5047 1519 5201 7796 8123 4701 4470 7447 7222 
8162 2934 5950 7616 1492 7396 7730 2169 9285 7573 
4316 5060 5652 8487 8051 5160 6882 9988 4808 5429 
2148 5102 6377 8145 4543 7371 2174 6508 4128 9456 
8495 5441 1240 1273 3143 3815 3160 6607 2074 3196 
3105 7852 6128 5488 1392 7372 8307 8243 9403 5596 
3915 5326 6234 5024 6039 6486 6610 4579 6363 4991 
3441 6599 9605 8188 1212 4372 9747 1040 6094 4700 
7402 2698 4247 2291 8439 3883 3013 6947 4945 8851 
9480 9713 7039 5524 6304 3787 2892 1269 6977 8876 
6474 7132 7381 3415 1893 6023 7828 6621 2750 4893 
2956 7482 5494 3871 2545 2641 7275 2138 1242 5991 
8243 5756 9793 2973 4807 4360 5451 2008 7233 6796 
8592 9784 6127 2525 2250 2551 1985 6851 9375 4309 
1764 9613 8092 6834 9380 6702 4526 8259 3659 6357 
8963 4958 3410 3301 8435 8634 8041 7370 8451 7091 
4840 3114 6166 7441 5696 8691 1224 8072 1169 7891 
3351 8694 4238 2377 5963 9582 4067 3280 5359 4918 
6983 1784 3813 6831 5188 3267 6315 4198 4679 8399 
3636 1085 1462 6396 4998 2947 3311 3844 6443 7627 
3370 9341 6585 6906 9811 6507 2573 7329 2420 8433 
6864 3862 5040 2172 2854 7425 4890 8508 9691 5725 
7839 5409 8010 2810 3767 6691 1569 1458 4210 7175 
7311 4948 1081 5691 5663 7059 2278 3450 6253 4384 
1067 5555 1429 5016 3513 5624 2996 7812 6289 7757 
4856 8178 9012 9265 2321 4802 7911 7317 6698 9667 
9148 5580 1797 7437 5031 7697 5315 6471 7800 7867 
9898 8060 8291 9208 2152 8505 2496 5422 6543 7327 
6196 3040 5756 3290 9780 9218 3075 7121 3847 4041 
2234 7558 2601 6765 5729 4941 3416 4510 3166 8640 
1221 6739 9043 7700 7015 2790 3931 4712 5252 7057 
4275 6671 5816 5706 7180 7348 8219 5184 1226 4439 
1008 6034 6642 9590 9159 6048 5037 1464 6672 3843 
4733 2878 1627 7779 5508 2105 8917 7858 5338 3005 
8347 4703 7293 3900 4900 3721 6696 3846 9007 3599 
2312 3542 6263 4059 2256 1500 2676 2962 8800 1553 
3917 9875 2041 9106 3205 6926 7224 2239 6349 9870 
1978 8338 9949 9998 6773 2809 8907 5031 5625 6105 
9707 2553 1678 6766 6043 2755 8126 7890 6735 1408 
3297 5166 9676 7535 6439 2414 5575 4745 5272 2338 
7190 2216 2288 5814 5555 8141 2677 9289 3033 9168 
8103 4368 3032 1738 8542 2922 2151 9055 8928 3823 
7282 9124 3622 6752 7594 2399 8869 5237 9816 9696 
1115 7721 1553 6035 9858 2050 1388 6258 2603 7764 
5776 6458 3421 4069 8787 5059 3540 7298 4336 3302 
7228 1780 9407 3759 4456 1964 6335 7553 5231 3119 
7715 7289 9382 7170 9520 3677 6734 2974 9437 5572 
3660 5788 2958 7772 5155 3468 1433 3733 9690 9549 
4967 9522 7948 9786 7152 5141 1649 2251 2108 7856 
9017 5211 7209 6276 4664 1943 7470 2461 7173 7240 
4008 9386 4287 5927 6917 3915 9342 9613 8783 4545 
4406 3766 1442 4900 1339 8694 3308 2401 3384 3763 
6114 4648 1833 2174 4677 9799 6745 6541 4502 3305 
6132 6569 9391 9332 2250 3832 9494 1643 6322 2039 
8834 2170 6661 4116 6805 8398 3505 4770 9448 4628 
3711 9801 7464 3889 5187 8853 1252 3201 6795 9707 
8877 4137 1185 8563 9524 8825 8533 7343 7816 3839 
1224 4594 1413 4511 3738 2600 4959 7207 6779 7400 
5135 9281 5240 1251 2779 1081 3241 2100 8534 6122 
5389 9094 9630 3106 6353 2554 8554 1096 8504 7413 
3944 4040 3866 4475 8098 7391 5613 2670 6341 2532 
8667 9773 7409 1630 7513 4580 2936 5236 9517 2240 
3561 2238 9492 2163 9476 6554 6281 8017 9103 4461 
5834 7076 4805 3559 5377 7492 5652 4688 6767 6995 
9403 2789 4740 2693 7130 1476 2746 4556 7553 2564 
2648 1135 3921 8651 8492 9882 5840 3395 3086 8387 
8449 8206 1403 8642 2653 9040 6270 6868 1440 9682 
3032 2213 3451 7174 2629 1017 1601 6066 7029 5672 
1445 2908 2714 7235 9784 7534 5824 6611 8814 5810 
9542 1205 2292 5906 9900 1504 5105 1649 9273 4897 
6537 2823 3429 9028 9684 1460 8768 1598 7354 5986 
9574 7075 2357 6261 2407 5327 4252 3910 9397 6342 
9963 7473 2387 3969 3041 2611 3074 6453 1991 8540 
6123 5992 9294 7801 6767 1756 9604 7244 7971 3576 
9020 8415 8353 3144 6415 9547 9901 6225 2561 6241 
7578 7894 2194 8447 3445 3412 6939 3742 8024 2884 
6047 9895 8330 9420 2548 9662 2341 1895 9692 8411 
2139 4145 6677 1866 7287 3554 8959 2029 6657 2487 
4941 8628 8239 4887 3658 5584 1313 7952 2678 1459 
5497 2651 7675 4666 2416 7378 8896 1758 2456 1466 
4244 2343 5454 1364 8854 7421 4440 4719 4736 4330 
9671 5144 7542 9141 6379 5276 3692 5612 6005 8334 
8202 2257 3869 6694 3206 8095 1425 3533 5193 2275 
5952 3786 1558 8841 1404 3951 8839 1149 3962 2603 
8793 7008 6256 1899 1166 3759 3530 6772 3707 4466 
3288 6259 5624 5608 4648 1831 2647 5937 6129 9947 
4408 1740 9547 3324 3232 4157 6626 6412 9740 6510 
2414 1340 8114 9346 5283 1440 7734 2401 7613 4632 
7370 2583 1008 8414 6248 6690 5992 4151 4876 2182 
7194 3185 6986 4847 6033 2963 3220 3791 5691 9386 
1540 1292 6152 4112 9156 9658 5237 8560 1693 2633 
5254 7769 3356 8097 4963 2662 4914 4063 4261 2843 
8120 3394 8607 3209 1995 3191 9792 7948 1121 2314 
2738 6707 8471 1751 9244 8834 3797 3160 7506 4126 
5940 7050 9055 8175 8953 9082 1410 4778 9936 6539 
4847 9425 1536 4134 7412 6591 2895 4539 5776 4965 
6442 3691 2020 4275 7001 5158 5787 9898 6959 7312 
9529 1275 9725 1913 6371 8999 7776 4551 9221 9115 
4626 8749 9610 1284 4765 4719 9812 5597 8384 2729 
1575 3406 7540 4361 8946 4368 6008 5906 2086 4959 
5885 8307 3396 8997 3588 5822 3488 8501 7156 5323 
5053 3063 4730 2805 7645 6392 3024 7618 7509 6913 
5817 8653 9487 4806 1473 2582 2246 6095 5273 3941 
8766 8365 2453 3386 3184 2436 6373 1274 9174 7280 
1924 2450 7155 4817 1345 2876 7428 8377 1154 5783 
2770 3709 8024 1992 8897 1692 4969 9901 5716 4071 
1613 9770 6925 4398 3346 9000 9541 3456 6216 3898 
4162 8042 6344 3256 5478 6993 6706 6702 5105 6038 
5782 7508 1344 6263 6528 4861 1459 8774 1005 7703 
2142 3426 1064 1559 1964 7190 1644 4290 6315 4463 
4033 1755 4670 3147 2363 9365 6221 2620 1618 2769 
4451 7427 1324 7161 5563 4603 1714 9937 3610 8922 
8153 6109 3458 7391 7346 6716 5401 6018 9677 6968 
3300 6170 8130 6336 3355 9380 8085 1150 4583 9227 
8677 3813 6764 5248 4450 6130 5162 5210 3301 6005 
1656 5328 3011 9765 2491 2721 4971 2280 2076 5456 
3111 1940 5046 2088 5997 3179 9088 2178 5911 1881 
2035 6865 2257 2541 8862 5135 6429 4716 9191 9858 
4461 3561 4324 7388 2089 6191 5305 8766 9997 2177 
2930 9718 7224 5178 2728 4578 4955 2547 9431 6523 
1057 2655 2838 8288 2099 2327 4249 6225 4899 2962 
8537 3015 4052 6108 1080 1724 8165 3389 7280 4959 
4619 4335 5698 3653 9873 2380 6847 4798 8820 4248 
9068 9198 5690 8241 9363 5955 5850 6905 1647 1946 
1111 1213 5651 9700 8502 7337 2616 3162 1320 1819 
8908 5099 9430 6684 2594 5908 8876 7335 1401 7122 
7715 5370 6297 3470 6954 7882 2436 7783 4396 6903 
9997 5284 3814 1138 3747 7667 1072 4751 3323 3110 
7033 1222 9315 8772 3141 3994 5442 4816 3494 7317 
5075 1108 5223 4256 4005 5703 8712 6842 5636 5956 
6095 4075 6958 9527 7264 6765 3281 7647 4882 9731 
1006 1266 3852 1686 6454 9787 4489 4983 6636 1486 
1857 7367 1530 3479 6802 3436 9429 7085 7178 4595 
5033 5145 5981 5943 7600 2501 2155 1867 3693 6676 
3690 7423 5701 9358 6653 4125 4459 8625 5642 3478 
3632 4898 4935 2995 8110 5188 3659 7543 3710 7128 
5714 7312 5765 2938 7771 9518 3111 8714 1724 9647 
4607 4271 6579 5953 7684 8701 9506 6198 7438 5592 
1802 4998 3820 2100 7824 3045 6744 8499 3844 9791 
5836 1546 9104 1600 8082 5264 4551 3590 2222 4111 
8350 7441 2737 7901 5238 6565 2063 5322 2110 1553 
5797 4231 6863 7923 8871 4000 6226 7453 8783 2066 
8494 6424 2864 3164 9414 5779 4079 4651 5508 9892 
5581 3971 8808 6195 1222 6639 8150 9751 4236 8747 
7071 9901 4698 9851 6048 5504 1066 9247 7078 5158 
5273 5149 3144 4301 7621 8717 4534 8172 9276 7023 
8225 7806 6230 4081 1009 4993 5589 4663 6189 3955 
5256 3550 1941 4009 3999 9419 9583 7714 9478 6039 
3882 8234 2623 2276 4706 4795 7800 8305 5727 4774 
3165 2563 6927 5233 9818 2429 5021 4002 2829 5002 
1146 6067 2136 3260 5477 2214 6010 6711 8574 4892 
3435 8843 1969 4257 9431 2359 3886 4482 3181 2083 
3760 5456 5411 6626 1331 9172 5906 7866 4461 9021 
3147 1167 5252 4576 2862 5137 8641 9670 8199 9613 
6009 9433 9138 1820 2804 9643 7245 8415 7405 9017 
2823 3110 6498 7624 8180 2842 9888 7373 4026 5551 
4523 3160 2562 2558 8341 7264 1611 4794 9832 4051 
8110 7673 4196 2025 9424 3649 7087 1580 1270 4530 
7359 9740 6435 8962 5006 8224 6392 8798 4043 6475 
8660 2646 7513 9914 9353 4084 2504 5858 9225 6964 
2841 2613 4927 9330 2856 9016 6031 9554 6109 2617 
8901 1343 1707 3331 5915 5041 4886 2320 8753 3512 
5581 5428 3549 2794 7171 3912 6916 1244 2248 9079 
3281 2992 1385 3137 2374 2576 1134 6193 3870 7596 
1510 5653 4274 1038 6552 6970 1380 4223 9005 7106 
5325 5590 1683 7997 4905 2095 7794 7171 9730 6835 
9158 2898 3550 8586 7822 7320 5438 8747 7248 3826 
3426 2275 3384 9465 8789 3638 1480 3214 3058 2539 
3729 4399 5498 8855 5226 8038 9357 2248 4628 2302 
4306 6044 3114 5069 4022 4267 8701 9189 2094 9823 
4344 1197 6872 6274 8886 4795 1826 3134 9601 6283 
9919 9527 5120 6288 4506 3836 7354 8060 1476 7557 
8111 6116 1020 1180 6961 9594 9192 9419 1619 4201 
1617 4452 8575 4158 2549 9088 9746 5658 1411 4720 
9139 5813 2199 6922 6113 6533 8432 3684 2382 7957 
5936 5214 1465 4874 4585 2875 3767 8773 5962 8256 
5303 1246 7303 1073 4397 7715 7192 4755 1790 7694 
8096 1869 5985 7968 3351 2068 4206 6936 4852 1840 
7762 9897 1052 9623 1935 5292 1457 5678 4731 3756 
4233 2325 2959 7384 1065 6009 6090 3702 7388 9627 
4084 3357 2957 2088 1575 6125 3873 2740 4217 2763 
9949 4971 4248 3217 2101 8979 7909 5293 7040 7116 
5557 5075 6395 8159 9044 7648 6292 5969 1377 3100 
8492 4395 6206 7429 5188 6383 1778 7384 7279 9267 
9349 2377 5106 6566 3618 1597 7759 2369 2262 7683 
8289 6416 5736 2248 7279 4642 8155 1793 5567 7720 
9251 5037 6534 8097 6341 4786 8460 3819 5884 3607 
8222 4425 4209 3211 1871 7318 1384 5864 5919 2358 
3689 3910 7067 3419 4218 8702 3334 4885 2738 3555 
6540 3665 6779 4151 2895 8414 1444 9184 1449 4333 
3495 1936 8751 2675 6564 8373 3767 6741 7591 7165 
7358 7268 7783 3058 9675 6467 4184 3440 7957 5391 
2303 1804 8501 9942 1471 9231 5232 3163 9077 2028 
2056 8184 7100 7063 5951 3082 8461 5080 6021 4611 
1515 6721 9336 6857 2135 1986 4672 5660 2519 6400 
8228 5527 2723 9849 7214 3559 7939 6878 3742 6857 
9555 4886 1626 9083 4905 7917 7824 8647 6032 6186 
4557 7739 1890 6491 4744 5345 9830 6384 9909 6931 
4490 6628 3463 4350 2795 4056 9039 3074 7213 4307 
3519 3761 2035 7395 4019 1076 4195 4669 5669 6479 
9101 3926 2017 1141 9002 6313 1031 2966 8414 9708 
7107 5751 1746 6198 2019 6739 6900 1657 1788 1291 
2144 6165 1536 3846 7802 5580 4859 4681 9895 5257 
7179 4829 9215 3213 4010 9826 7483 6618 7437 8959 
7698 3849 8051 8450 5298 6232 5430 9398 9424 8977 
5617 4624 2404 6527 6556 2049 2016 1101 7856 2591 
3501 7478 1028 4539 8075 8124 4307 8020 6004 6643 
6764 5208 2043 6596 6456 3830 4654 2914 8779 3753 
5185 3114 4889 3112 1217 4370 9988 7125 3301 6468 
5032 2597 8551 3131 7725 8833 9277 4270 5797 8521 
8581 5893 6011 2549 6029 8529 3987 4050 3039 6242 
5612 5057 6841 8131 3658 1037 8680 7034 8050 2039 
8101 1204 9337 9421 6001 9626 6867 7799 2900 8474 
6708 8996 8127 9916 5199 5339 1572 4180 4033 4189 
6873 3943 9406 4617 9850 6435 8725 1156 7321 9927 
1994 1832 4780 5947 2513 4620 5434 1349 9821 3728 
6566 2439 6771 2922 1160 5948 5312 5068 1892 4427 
3351 4695 8428 2332 5696 6367 3096 2000 7413 5161 
2386 8127 6994 6323 3084 2480 1963 3415 3374 6824 
4279 5074 8625 4006 3616 6294 6034 7005 7694 2371 
1926 4705 2286 7704 1075 2978 8728 3760 7641 2970 
1524 3107 7655 9546 4733 3406 2475 9327 6666 9223 
8831 4163 3402 2619 5174 9941 5329 2339 1733 3384 
3907 1986 5254 4318 9483 8539 7352 5816 4846 2041 
2113 7124 8511 3261 5097 3185 8779 4891 7015 6954 
8672 3127 6308 3543 3093 3686 5558 5309 6052 4116 
9953 5551 9808 8757 3520 2761 4124 5873 9851 6028 
8465 3384 6505 4924 1999 3146 8536 1003 2908 7858 
8802 1351 7044 3647 9847 2747 9951 1262 5168 1470 
2420 9428 9226 5430 5823 8806 1092 6402 4179 2823 
4828 1079 6587 1111 1869 5040 1334 1204 7253 7186 
8565 7017 1853 4213 2714 8898 7520 1926 5429 2122 
8615 3396 6981 2571 7114 9678 9008 6702 9454 3316 
4145 6381 3816 2419 8794 4387 7431 7839 4430 6034 
2950 4858 5411 1131 9539 6277 7856 8745 8218 9791 
8099 9383 2036 9624 9734 3991 6359 6883 5376 8575 
1511 5112 7545 9613 3116 1767 4274 9226 9852 1787 
8735 8893 3607 9995 7069 6529 5872 7579 5769 6659 
6609 5720 6971 7126 1935 7896 9724 1400 5637 6833 
3567 3735 9631 6409 2865 6957 5726 2681 2842 9311 
5027 1598 5218 7207 3593 1180 9977 4480 6240 7053 
6340 7145 1029 3532 4140 3043 3382 2307 5034 4775 
5852 9064 1133 9152 8627 1779 7303 4439 9673 1303 
5452 9038 4966 5889 5759 3237 3290 4924 9869 5375 
2740 6541 8262 8692 7807 3852 5804 1570 8551 1720 
8939 8586 1741 9849 4079 2685 7001 6894 2204 5690 
1693 4090 5770 8067 9301 1223 2955 6343 8995 3728 
4574 6205 2064 5026 8213 4329 4648 2571 5055 2628 
1574 7264 5465 3659 4192 4789 8163 2951 7910 9143 
6669 4288 3042 1809 8437 8554 2650 5522 5834 6107 
6481 6617 5647 5769 4250 6583 8131 1002 4146 3630 
8467 5137 3576 7275 5355 5439 7375 3426 9105 1481 
9578 4926 1959 4073 4828 5542 3704 3151 3621 1385 
2621 9222 2804 6405 1385 4210 8525 5591 3890 2309 
1927 7517 3236 5233 9844 2201 8139 6460 3497 8111 
2482 3564 1326 2821 1518 4152 8367 7856 3006 5463 
6454 7919 9456 2751 3949 3312 6045 5352 8249 9834 
3990 3558 9654 3388 2752 2459 5805 1975 8129 3335 
2622 1953 1644 2321 5980 5107 7053 6314 9510 9559 
6622 9225 5769 6848 2228 3172 5824 8464 8327 1812 
2373 5061 3601 5294 9633 7758 9963 4384 5237 3946 
9288 6724 4302 9501 3634 2223 5803 4754 3275 4565 
3037 9354 3025 5727 7860 5683 9837 4277 5285 5868 
8688 8500 2104 1432 8279 2083 5019 2808 9487 1323 
7999 5865 4942 8785 6744 6072 8482 4531 9933 5009 
1581 1593 2647 2701 5074 7956 5212 7514 9682 3915 
2199 1134 7122 2958 3678 2248 1169 3360 7701 3171 
5212 1907 7896 2915 9943 6509 3898 9895 1522 4145 
1070 2707 7222 9256 3700 1796 8352 2667 7658 6042 
1537 6383 1962 7098 2675 6915 2150 9532 2789 9127 
5334 5555 1172 3607 1439 4018 1925 4176 9395 7546 
5809 7412 6112 3766 1000 7128 7239 2296 3287 8336 
3360 2871 9546 8977 3361 1726 8743 3641 3290 1844 
6433 5801 4582 7468 6128 3511 9837 5167 1781 2179 
1268 1889 5018 4607 1607 6134 2837 5677 5752 6680 
8802 6926 9818 5493 8516 2151 7456 3473 6971 1911 
5508 7951 6854 7961 8295 5598 4482 2467 3452 8702 
6392 9500 8702 8355 3245 5498 8469 2930 2897 1667 
2886 8829 5899 5330 2622 5858 1884 8847 3488 5555 
1166 8824 2213 8049 6099 5504 4486 1620 6640 4023 
3504 9036 5047 6419 1404 5642 3270 1282 3815 4954 
2430 7218 7052 3767 6941 9267 1065 8187 9539 3005 
6370 9220 1585 9026 5303 9372 3770 4964 6884 7377 
9179 1083 6680 2950 1587 8298 5936 7848 4857 5542 
2027 7593 3891 7433 7501 1095 9199 2367 6080 7572 
4251 1494 4465 1129 7937 5150 7711 3805 2402 5552 
9015 6323 9189 1096 3027 4232 8688 2694 4873 9116 
4590 7995 7784 2451 7714 1168 1483 2919 3716 2163 
4673 9881 8682 2530 4680 8185 7471 8136 6166 5905 
3402 5818 2937 5787 9880 7664 7420 2702 4011 1968 
2871 7059 3590 4192 9694 6570 9306 9913 4242 3153 
8519 4999 4016 4892 1391 8512 4303 4718 5126 4828 
7939 6381 6115 9470 9141 3945 2274 6627 6275 3906 
2901 6231 9510 7517 4483 7775 1806 6041 9943 7069 
6711 7874 6313 9372 3948 3009 4710 9581 4171 8457 
5789 8498 7407 5703 2400 8935 9364 9049 8151 3048 
4896 2948 2302 7423 4751 4589 5047 9430 7447 6432 
2230 4267 1588 7050 2745 7573 7545 6804 1210 7224 
1194 1021 8753 1079 5718 5831 4963 9940 3116 9034 
6915 8137 2992 6589 8111 1806 8564 3743 6480 9049 
8491 5339 4734 5175 6876 7384 2549 3486 9941 3106 
9934 5618 9151 8508 6773 5686 1777 7140 7369 5143 
5510 1969 8378 1078 2354 1846 7078 9677 3294 5824 
7670 6198 1752 5897 3728 2453 5555 9297 2650 1220 
6057 4284 2839 8490 5753 3851 5101 4432 3637 8522 
8504 5467 5009 9901 6928 1994 4747 6104 9385 5790 
9183 6210 2902 3086 4471 1797 5264 3527 3637 7422 
8246 7528 9595 8635 7363 1524 3421 8579 9584 8531 
8423 7810 6729 8537 1072 2366 6263 5684 5326 3019 
4999 7226 7645 9760 5886 3003 5934 8137 2441 5521 
6285 1304 8112 1461 4436 1985 4194 1229 8140 8454 
3800 8635 7974 1648 4086 2020 7646 7808 1806 9316 
7143 5651 3291 3933 9009 8627 1823 9980 5846 7598 
3609 6993 7871 7628 1448 3125 3503 4258 4409 7648 
8661 5957 9910 8950 3748 6140 2391 1056 1005 5722 
4514 4855 8915 2680 7915 1039 1531 1884 1413 6024 
1126 2344 1255 9259 8475 7226 1094 3568 6677 7572 
4768 3978 8074 2840 9976 6676 9760 6655 5426 8776 
3891 7790 7804 9438 3865 4162 1715 5284 8661 2034 
1482 6209 2218 9734 4587 3001 1573 1306 4085 1321 
2539 3941 3402 4645 3124 4041 4967 5709 1309 1187 
5293 9943 8000 4079 4862 3230 8261 4236 6745 3409 
1219 4732 5199 8686 2941 1648 5955 8577 6347 1824 
1904 8346 1315 4269 8021 4796 7114 7377 4510 1386 
4622 4012 8105 6306 2849 2847 7086 8560 8288 6878 
6821 8547 2991 3194 2722 8298 6611 6240 3232 8057 
1711 3664 9436 1411 7823 2779 7100 7422 9912 7522 
6714 5284 2225 8312 3849 6237 9355 3487 3978 3856 
8815 9397 1362 2946 8609 5360 8832 9535 4602 1682 
1462 3637 8952 1251 5198 1125 1748 6597 7741 1395 
3024 6639 4633 7250 1322 9073 1873 1146 3441 1131 
6133 1029 7183 6011 3036 9455 4043 6509 6204 7397 
1474 8972 4253 9545 6876 6410 4524 7648 9822 8658 
9327 3146 5184 5203 5881 1759 2686 1346 5078 5896 
8551 6637 1813 4979 8935 6455 7917 8458 6772 1022 
1869 6436 6762 3305 3616 4104 5840 2308 8054 5248 
1899 1112 3927 9543 2424 8440 8866 3925 4813 5070 
6261 7215 4057 5297 1617 6885 1978 4166 6843 7981 
8224 4460 9735 7405 3801 3184 6294 7657 1086 3114 
4495 9537 4164 8448 2314 2007 6973 9066 4860 4948 
7492 4486 3565 8005 8551 4786 9454 5768 1522 4563 
7183 8375 9205 7862 2110 5258 1281 5003 6404 2537 
7962 5550 8860 6011 4786 8822 7838 3818 3925 9129 
4858 7010 2949 8600 7146 8871 6617 1416 1925 9657 
8589 4417 7453 3399 3738 3861 4253 6630 7177 1737 
6915 4845 9422 5663 2537 9806 8301 5047 2527 8142 
2774 5305 1746 9828 1758 3561 5720 9671 6943 5345 
5067 1236 5488 4356 2414 5859 8937 4970 2203 8136 
3528 6180 4702 1853 3632 4865 2542 5043 7407 1465 
5273 4042 5529 8564 5259 3773 2696 7525 9435 7475 
7512 4474 6227 1397 5207 4820 9111 6941 1106 8928 
1419 7727 6314 3303 2179 7119 1930 6155 3190 6262 
8518 6599 3405 7545 4303 1465 6391 1898 5728 5279 
1532 2499 3946 2891 5731 7053 4957 4302 2314 1288 
5534 7862 4837 9797 8002 9905 2739 1699 3174 5881 
5145 6527 6973 8215 1267 4145 8972 7002 5417 8813 
5947 1792 5992 2121 9371 3228 6550 3233 8868 3901 
6645 8296 3928 8815 9758 6606 4405 7066 3834 1416 
4489 9502 8937 4969 1859 7229 1352 1590 3638 3665 
5590 1862 1196 7078 2106 2699 5515 2540 1661 2308 
9316 1262 8932 5368 7487 1489 4254 7834 6675 9058 
6252 5571 7014 6717 6776 4672 4358 2394 4047 1923 
3540 5810 5517 7020 7002 5902 5472 2687 9907 5477 
2926 4982 5425 4889 2185 8604 2937 1029 6717 7882 
2993 9340 8051 2949 5931 9713 2073 4513 5036 6146 
9459 5983 2069 5791 3755 1607 2944 9000 3598 7421 
6698 9450 4066 9378 5493 6472 3702 9660 8883 5499 
4955 5520 8894 2652 5898 2557 1410 2849 8113 6827 
5994 7210 3452 7436 6842 1677 1656 9681 7976 7090 
1401 6451 6637 3163 2843 1063 3969 6606 4911 4824 
6447 4173 9261 4443 5244 1231 2942 6395 3025 7886 
8667 3034 7464 6319 3188 6039 1595 6346 2577 7771 
1974 3421 5939 9447 9543 9775 7300 5852 9815 5552 
1700 7832 2914 3143 5815 9865 7458 7002 4266 4422 
6007 5471 7171 8409 6820 2871 2970 9412 1678 1199 
8543 7947 5927 5391 5791 5942 4667 7302 7274 7743 
7160 6174 1611 5276 5825 8218 8848 4071 2391 2485 
6812 1409 8158 8808 5927 9662 9521 2402 8767 5162 
8681 4560 2789 1885 4072 6204 1819 6328 5173 1384 
8667 8933 6457 6070 8092 1734 5927 1067 5780 3258 
3299 7780 7127 5921 8033 4794 4159 6995 8888 9833 
3404 5430 1607 2827 6234 6646 6923 8638 3116 1057 
5756 9328 3915 9527 9582 6227 2223 6655 5774 3945 
3121 5535 9955 3877 8236 3169 1724 4675 8902 5787 
7814 1241 1920 6456 7391 1574 2011 2854 9141 9870 
7300 1441 9176 8701 9854 6591 9630 5894 3161 3838 
9825 2651 8428 9900 4640 9797 4002 9206 9866 4407 
1482 3381 8808 5046 8929 2251 9906 7599 7457 2362 
3779 6987 8129 8362 9544 2853 5690 3980 5105 4554 
9656 8584 5544 2039 9238 5205 8740 8787 3416 7695 
8456 6680 6349 5257 8932 5293 1164 8877 8864 4736 
8661 9458 9923 3916 3250 2888 5523 8562 9887 3502 
2268 2423 7538 3883 4371 5240 9900 7430 3599 9340 
6281 3918 3994 5018 6360 2744 6135 5164 2860 9666 
6547 2408 3514 8871 3081 8124 3378 6462 9343 7568 
3496 4087 2224 1541 2898 4798 2085 8269 8413 9709 
5891 5989 9578 4964 3190 9398 4531 1149 3921 5393 
4770 6169 9738 4832 4844 8642 2884 5234 9761 5535 
2073 8746 6056 2578 2021 8146 5905 1292 9735 8728 
1258 2305 6380 5078 4266 5904 7157 9918 1591 4910 
5402 6357 9784 5930 4276 3681 6136 7592 2742 7019 
5171 4048 5858 2334 2756 6628 1633 7875 3541 1519 
5521 6869 7719 1543 4087 6882 5776 1033 1476 5556 
5164 2043 8695 6199 7399 8581 1198 2695 5029 4009 
3763 1362 9285 4669 3534 4147 7303 2785 5169 9726 
4315 4337 5395 8268 6614 6134 1395 5344 7641 1166 
8724 1540 8748 3165 9805 9406 4791 5287 6103 1397 
9466 7653 9729 7043 8219 7561 6814 3462 2301 5378 
9876 2112 5978 4178 7214 4202 1930 1515 4485 1799 
7112 6434 5933 9310 5982 3497 3104 2420 7788 3499 
4606 3565 3536 1222 5478 7802 8861 3692 7558 6314 
6827 7399 3962 3288 7547 9523 1319 3252 5171 9100 
3940 6521 7717 9904 8291 9421 4349 4291 6349 6180 
2703 9621 9437 2551 8712 6390 4015 4060 9883 2939 
2026 8079 7502 5005 5265 5078 2580 5746 1889 6048 
4102 9120 7545 7241 7836 5329 3808 7343 7661 4256 
3388 2926 3558 2876 1063 8277 4572 5137 4659 4448 
8327 6759 9368 2828 4264 4775 9352 8086 1185 5381 
2978 3886 3557 2932 3272 7873 4421 6189 8567 8895 
6547 9206 8092 4256 4232 9297 8423 4468 9114 9131 
8632 1342 6024 8337 7626 5011 5290 1449 6788 9986 
6421 4199 2469 6642 9817 3253 7369 5149 5386 9100 
1942 3390 7880 2215 5862 3190 5174 6504 6748 3354 
3281 7178 3405 4692 7270 7426 2696 2403 9803 8858 
4081 3132 9881 2146 7038 3092 3205 6377 7228 9208 
8701 9021 8681 1875 8345 7774 9484 7206 7645 7754 
5313 7212 4871 3328 7070 1765 9469 1764 2803 2798 
4953 9627 5466 1332 2578 9782 8016 2428 8737 5506 
1913 6093 3434 7790 6113 8183 8989 5625 4982 2083 
9968 3749 2584 6812 2746 3118 4644 9560 1230 2267 
6512 7271 3705 5620 6553 4434 6165 8032 1870 8750 
8614 9966 4037 4115 2498 6272 1261 9049 9515 3503 
5283 3020 9084 8750 8418 9963 2861 9949 7188 5914 
8653 4371 3106 7975 5264 7756 4665 7677 3221 6098 
4068 9433 5486 2109 5806 5445 9304 5704 6264 1325 
2564 8790 5846 7616 5040 6440 7379 2008 7520 7266 
2799 1922 6854 2552 6932 4945 5711 7788 1138 3585 
7873 9744 3625 8802 8220 5199 7706 1150 5927 4518 
8802 1273 5587 8960 7497 4814 7337 5479 3627 5436 
5738 3737 3680 5174 5119 9259 7657 5456 1704 4415 
4159 4255 4728 4225 3519 5034 9812 9020 2781 7049 
8562 9910 3426 6740 4279 1800 3476 5431 6713 4756 
6807 9904 1804 3126 3644 4414 3811 1908 4414 1805 
5657 7256 7447 9664 3779 8095 2803 6700 5808 9317 
2626 5770 3020 3273 5933 2315 7721 2577 5531 6360 
2832 4333 6359 3981 3231 4808 9405 1561 1460 6511 
4513 7118 6352 2864 1874 7368 4289 6596 2941 9638 
4639 6705 4592 7898 5934 5627 5114 2969 8027 3290 
2923 1412 5408 6759 7777 2667 2216 5767 5196 2141 
6425 8676 8188 2249 5482 4730 8097 2631 1661 4024 
6948 9996 8744 1246 8904 9746 9929 3373 6188 7613 
8724 2859 9890 5775 4600 1806 3740 6909 5479 6897 
4947 5334 8629 1544 6408 1969 6476 1318 7474 3858 
7409 9915 6451 6106 7223 6067 5446 9698 3357 4250 
7484 8385 4423 3027 1753 1910 9467 8297 5708 7678 
2264 1196 3297 2205 9804 4877 7953 6164 7775 6903 
1989 1423 6080 6555 5898 1223 9881 5231 7582 2446 
1329 4961 8746 6709 4922 7613 8545 7917 1398 9919 
9879 7330 1347 9947 1813 2610 1036 4605 6308 3734 
6438 2872 1334 3097 2724 2335 1803 9987 2249 2697 
2015 6135 1109 6733 8158 3947 4102 6135 1227 4441 
8608 4055 2987 8977 4357 1974 4702 5055 4129 4096 
7932 9181 6240 1940 8388 1183 9675 8118 8417 1519 
3607 8438 2395 7514 8261 7798 5268 4298 5319 9492 
1028 4629 6300 2462 8855 7867 4277 7493 6752 2880 
5527 7285 2934 4614 4812 6316 5324 8790 7908 7577 
7247 5215 1663 8058 1509 8226 5744 9351 4867 4434 
9006 2580 2266 1277 3265 1746 4848 3869 7849 7819 
6302 7287 9608 7769 9177 4619 9348 7787 9089 4105 
2095 7719 9929 9501 7555 7881 2488 1751 5429 3791 
6209 9389 3468 2844 4151 1276 5798 1576 1081 1549 
5620 5461 9614 3601 8026 8433 9162 3666 8372 2461 
5388 2379 7394 4123 5683 7825 3335 4317 8023 8284 
4870 8201 4117 5162 3921 4903 2277 3459 8488 5799 
8642 2798 9814 1116 1191 9722 8659 4971 5117 2450 
6773 9428 8275 8601 6936 5075 6830 1399 4554 5909 
1836 3873 2687 8154 9281 2622 4330 6386 6414 3129 
4681 7486 2863 5347 3970 8037 4633 8616 6480 1760 
1780 9140 5921 9148 1557 3206 2250 2431 2661 1757 
3370 1814 2378 8326 3285 1608 6770 7776 8967 6516 
5893 3015 5225 5598 9942 3934 5374 6015 2997 5902 
1979 5368 5447 9693 1078 7504 1748 2223 1498 5330 
8108 9770 3673 2036 4212 8485 4701 1654 7624 2033 
7775 2573 1212 9056 8995 4825 9075 3599 1634 7952 
6902 4752 6926 3385 4845 4007 6549 5149 8891 9014 
7853 9313 8138 1155 8489 2562 7456 8766 5704 5843 
6310 2783 1641 2638 1140 2026 3611 4794 1630 8783 
2688 5797 2753 1915 3681 6107 7849 8086 2985 6452 
3905 4318 9372 9273 3993 6363 2432 5515 7964 5950 
5208 2292 2964 4767 6099 1678 6189 5294 9274 5698 
1819 2377 6137 1232 8474 4435 9689 6960 9618 8307 
5733 8334 6770 9744 6704 7572 5987 2431 3067 5490 
1562 3064 3536 9582 6487 1203 5424 7595 2240 1633 
1858 9867 8578 2619 7467 6421 7596 5626 8102 8148 
1818 4386 2803 5526 3205 7255 9341 8255 8160 9294 
8892 2484 9629 7999 8964 4557 6712 2273 4735 4188 
9325 9031 5353 5421 8957 2855 7359 7009 1842 7879 
7091 2421 8265 9112 7791 4187 5722 8237 4544 5766 
7917 3635 5085 1712 8602 8858 2421 5670 6041 5497 
8325 5398 9045 7205 3916 5277 9932 5608 3801 2813 
7829 6786 1980 1147 6488 8907 2646 7878 8779 2707 
9113 4511 3981 1367 5301 8831 5068 2247 5792 7379 
8858 6902 5163 2425 9530 6796 6127 1716 8199 1254 
5090 5143 2877 6623 2781 8073 6458 2520 4189 8965 
6024 2141 2099 2357 5342 3328 5662 9091 7436 3090 
3602 3317 7295 8543 5995 4477 1568 1538 9392 8108 
9652 7837 2229 5326 2197 5273 7367 5772 1616 4312 
5783 9696 1895 2052 4851 5356 3970 8876 6292 4709 
7629 5113 9209 8527 1219 3723 7303 8758 5729 8889 
6391 1915 6120 5179 6138 4235 7329 2633 3302 2867 
1813 5717 9899 2045 6659 3721 8256 2389 1696 6631 
1844 1135 1997 4150 9042 1407 2977 2894 7805 5571 
4014 1201 2416 2709 5837 3508 4459 8809 2585 8322 
3932 1091 9215 9371 3231 9336 7075 5392 5908 3181 
1082 9400 3037 8554 8422 4396 7257 1078 4184 8267 
6740 8306 9400 5435 2435 3036 2201 6634 2347 5481 
8554 9885 3402 3113 3515 1429 2925 6733 5657 8817 
5330 1513 4381 5370 3494 8401 2917 5715 3974 9011 
1556 2702 7143 3119 9406 5437 6340 3744 8508 2180 
8554 7879 9966 6860 9032 7743 3268 3194 4426 6948 
3050 9537 8745 8987 3884 5494 5803 6919 2128 8592 
4213 8715 1534 3631 7857 7814 1050 4971 9754 2615 
9203 9127 5913 5240 2464 4206 6055 2079 6557 2578 
9289 6690 9602 2148 3248 7961 1479 9658 2960 7347 
6888 8818 6768 4057 5529 4368 4095 1132 6034 8514 
8056 1466 4278 1582 9145 3931 3698 9793 5934 8309 
5530 5677 5246 9600 4059 2804 8061 1019 9454 4043 
2705 1814 5168 1480 9801 9294 3807 9389 5376 6608 
1736 2848 4870 6545 5332 4006 9424 7649 9905 6631 
1412 3902 3491 4970 1829 7157 2138 4050 8729 1817 
6122 6898 6748 4886 5081 1728 4106 1699 6176 5111 
6608 6221 1039 7372 6945 9224 6231 3986 6752 2192 
3684 4404 1223 8204 8558 7206 4656 3357 4421 8900 
2853 3548 7270 2890 5132 5587 4068 7214 5416 8965 
4187 5136 6290 8351 1250 9043 3398 1128 1022 4836 
8128 5923 9064 9840 6645 4251 7540 4629 3815 6934 
5844 2189 3961 4149 7943 7563 5722 8307 5308 2934 
9837 6482 6489 9082 4638 5753 6247 7149 7825 6932 
4850 2394 4551 6969 3429 8657 8884 2498 5322 8103 
1632 8336 9295 3897 6540 7295 4702 4594 4793 7795 
6681 9931 3068 8723 9497 9527 6156 2002 4889 8582 
5866 2400 7618 5124 1432 9090 4108 6055 3968 8414 
7054 6979 7676 5010 6632 5975 9780 1641 5827 3661 
1340 3112 1244 6912 1638 7380 1425 9846 1770 1176 
3228 2907 7003 9420 9912 8470 4892 8239 1479 1942 
9493 6305 7663 1176 6877 6100 7317 2563 8215 1862 
9818 7050 6100 6784 5352 8120 6768 4616 1493 6178 
4527 3951 1300 2786 2083 2545 3082 8436 5574 3059 
2087 3619 8382 2960 9867 5959 7169 9323 9308 9909 
3817 9846 2864 6029 2760 4082 4002 5756 2909 8539 
5097 3866 3055 5035 7580 4976 7185 2812 2529 9175 
8564 5223 6242 4204 8338 2740 4606 1582 3966 1198 
3525 2486 4312 9347 1908 5919 7595 4315 1182 9604 
7115 6836 9520 9462 1633 4902 4702 1905 8839 6581 
7602 2979 1229 9510 7944 6970 6606 8692 8910 7093 
3250 4338 5121 2179 6460 5064 5699 4821 5320 1780 
7171 5263 7289 3680 4728 7379 8912 2270 1532 5246 
2700 2889 8981 6380 8001 2886 3645 3591 9831 3172 
8387 3950 5266 6794 6542 9856 6908 1725 9956 8741 
1029 9720 2879 8011 1882 8793 6954 4643 7369 5951 
1090 7076 2970 9994 7911 2476 7553 4771 3810 8300 
3154 7690 6268 8581 1993 5282 8018 7400 7846 3052 
4993 7862 3540 3222 2815 1953 7722 2455 3800 8093 
2439 7235 9131 9303 6921 2911 6833 1663 9620 6640 
2490 6322 9366 5243 5906 7039 3823 2797 9816 5706 
5205 6589 8620 4488 2863 8437 4540 4576 1913 1632 
4989 6265 9100 1817 9132 9832 7587 2335 2913 1609 
2405 5998 5973 3589 7172 8244 1857 5440 7500 6246 
6557 4436 6489 2742 8613 3756 6382 5322 4719 8502 
4732 5209 3083 7675 2547 3978 1358 3366 6995 2185 
3863 9393 6333 3786 6174 8433 6248 4789 5278 2189 
1049 7311 4497 1824 5290 1809 1640 3116 2919 3434 
5733 3546 6268 8446 5329 9164 6588 1805 3929 9471 
7972 2672 7947 8432 8017 9936 9080 9896 7465 3603 
4756 7481 7921 3273 1005 2969 6671 1241 4301 7282 
8680 6996 5993 9468 1945 6623 1668 7823 7795 3267 
5681 1541 6152 7443 9484 9818 8153 3432 3159 3038 
2773 6536 1601 2301 8309 6503 6883 8304 8936 7510 
9301 2193 1824 8779 9476 5058 5343 5039 1870 5734 
2147 9910 8925 5426 4328 5384 6207 4602 9498 6157 
1742 2009 4102 5424 6429 8258 3364 1552 5330 8260 
8804 2229 3807 2919 9802 9419 6228 6407 5680 2753 
3569 2019 8697 3571 1209 6270 7315 4882 5538 6866 
1797 8881 2109 3836 6700 3061 9887 2414 9239 9931 
6716 2492 1734 3719 3594 6194 2503 2267 1681 5134 
5644 5015 7805 8507 9743 9168 1921 4819 4227 6121 
3485 2099 3705 5500 2248 8905 6884 3812 8863 8505 
6263 4605 7029 4013 7596 5904 7272 3832 2909 1230 
3767 6922 3681 9428 5210 1900 7526 1094 8207 3442 
1681 8573 6437 3516 8799 1870 7071 9739 5140 7948 
4292 4080 3314 2543 8634 6880 7357 1439 5166 4241 
1515 2463 5912 1349 2132 9914 7584 3463 2475 7217 
8765 8914 5723 3925 2417 8963 3962 4290 2349 9319 
8172 5071 3694 5768 8375 4520 8538 1400 4594 5848 
5552 2812 6137 5723 4405 1340 3541 7053 3291 2952 
3871 2433 2314 6748 4673 7282 9302 6678 4931 2723 
6443 2136 7575 4641 4372 7422 6296 4979 8812 8152 
5896 8735 9508 5178 7193 2150 7487 3517 7497 7665 
4378 5380 5112 1200 1187 7127 9933 5122 9999 5916 
1882 5544 2141 4077 9819 2756 8415 3815 6328 1224 
9345 9389 9692 1028 5998 1686 5533 5788 1186 5089 
1354 9626 8871 9124 3777 6021 6249 4366 5268 9369 
8357 2997 1605 8966 7717 1330 6335 8222 4710 5206 
4625 6159 2746 2868 7229 9361 3552 3507 6384 2342 
4623 1301 4560 5432 6485 5929 2614 8733 4756 7547 
5703 1256 2837 7390 2521 9929 5124 9739 4987 9536 
8345 2782 1011 8962 2388 5493 8733 8487 7380 9318 
5978 7536 8734 7348 6707 1886 5771 1903 8509 1715 
8592 1545 3769 8974 9394 9599 1522 1707 5404 6535 
2640 2389 3076 8085 7748 7007 5391 9572 3875 1255 
4983 7773 5261 2081 9460 7565 9881 4650 9380 1360 
8647 5077 7656 3494 7391 2551 5050 6261 3385 5155 
8011 1612 2830 3875 2780 5393 5151 2016 7364 9229 
1569 2759 2275 7734 5763 7329 2279 3857 1670 7400 
7266 2725 1667 2950 8706 5352 4765 1139 6543 2284 
6989 7688 7533 2022 2849 3545 4874 6830 2382 5394 
4826 7384 3344 9899 6229 5450 7843 7386 4476 1160 
3755 4796 7077 4044 8291 1655 3008 1196 7533 5125 
3381 1604 2429 1542 9242 8643 3449 2847 6869 2824 
6325 2890 6070 7025 3947 6635 5661 6474 2402 5279 
8664 5722 4746 5718 3167 8580 5854 5795 5372 3184 
3722 6615 2820 6051 4155 3477 5688 5453 7346 8524 
8933 2336 8685 6412 5803 9203 2927 6295 3127 8622 
1205 8981 3850 6144 3993 1363 8733 6097 4355 9301 
7031 7184 5967 3789 8362 1576 2583 3804 3204 7648 
8886 8437 7492 9448 8875 2466 5073 1871 2526 1450 
7575 6119 3590 6858 6430 2125 1307 5265 8773 7938 
7464 2100 9684 2947 6336 4304 9341 5274 1321 4955 
4704 8509 9016 5988 5796 6334 9502 3353 4016 2593 
3513 2104 2736 6121 3036 7001 2504 9318 6725 8760 
8630 9956 7672 6517 1129 6001 9079 1203 7592 4856 
5289 4130 5842 9122 4543 3379 1588 2841 2426 5310 
3743 9284 9848 7672 9006 4091 5136 9334 8709 1179 
9014 8254 1102 3502 7482 1899 2112 2517 3440 8210 
2981 2590 3993 9066 7325 9466 2374 7352 7206 1561 
9091 5578 4820 7932 9061 8253 8220 6397 8474 6752 
9578 1497 6180 3888 5165 8522 5281 8381 1101 5769 
9080 4406 2303 3784 2009 7590 3659 3307 1828 3229 
1422 7610 8528 1092 3330 5989 1844 4560 6425 5947 
7926 6437 7591 6600 3136 5678 6954 1828 8505 3855 
5777 8284 5957 1623 9272 8474 9566 6419 7797 3740 
5633 9449 9106 6310 4397 1881 7801 2424 5946 8395 
9758 4687 7196 3232 3773 7337 3774 7356 6226 7520 
5099 8902 7697 8557 8905 6628 2481 1602 8132 8669 
2199 1470 8975 4585 7440 3071 9290 8114 8514 2128 
9344 1468 3843 2607 2658 6094 7738 2264 3598 4168 
9058 8688 9492 8497 5552 6740 8662 7964 2773 2398 
2953 7491 1114 9703 2102 1729 2224 4989 4863 4944 
8299 8655 1620 5385 1805 6324 3926 3789 1376 8354 
4750 7557 1713 6998 3770 6844 9359 9626 9297 1054 
7075 2415 2697 7840 7560 6517 3915 7486 7527 6049 
4634 9355 9992 4166 5680 2516 2838 2446 1026 5056 
6952 1014 9079 1391 3943 5788 7053 5710 3632 6440 
2268 3938 9219 3672 6052 6490 4491 4062 1320 8762 
2150 5575 6816 4510 1064 2824 8104 2008 6336 1208 
5057 4637 8446 9482 8606 6554 2335 5515 1219 9997 
6244 8028 7114 5160 8020 1277 6736 7034 6358 6659 
7357 2418 8214 1337 8752 8445 7387 3857 5959 3348 
7851 1032 6582 6763 3172 3062 1085 1098 6120 9280 
4833 5408 3247 3098 6089 5868 2078 9227 7609 4416 
7501 5905 6360 9305 2798 1269 8865 3426 5610 2473 
4410 1795 2384 5518 8227 7693 8363 6208 3903 5444 
5061 7882 8743 7475 3386 9517 3786 2093 7231 1669 
8014 2478 1358 4701 6054 5976 1288 9021 6502 8931 
6564 6662 3789 9651 4459 7511 4686 3013 7407 4947 
9105 3099 2200 8187 2913 6671 2771 1164 3202 4254 
8128 8045 8027 4551 7530 6728 4439 5808 8349 8633 
4273 7629 4060 9721 2418 2730 7579 5306 6518 5750 
8272 4445 2556 7335 3366 1081 9758 4225 4271 8367 
2235 5065 6970 7498 7488 8720 3209 8719 6509 7458 
6888 8834 7735 1917 4547 2863 1971 9324 2613 7734 
4866 1085 4477 5213 8420 1068 9638 4242 7027 9104 
3309 8636 8063 9590 7665 1712 2431 8413 1346 4989 
1469 6875 4015 1399 4816 8459 8899 6899 2783 5936 
9593 9817 8307 2118 3020 8723 1824 9083 2424 8058 
6178 8320 3037 5847 9535 6581 2838 6945 1283 6067 
2775 1315 4160 9518 9589 9282 4170 4458 9486 6547 
7966 6938 5831 8908 1652 2781 2363 4744 7988 3045 
7994 4278 7101 1232 4831 2564 5669 5399 1616 1447 
3370 5254 3868 7880 7619 1332 7326 5718 2465 2710 
6612 2932 1350 5469 4743 6212 5358 1520 2385 3651 
5526 9128 9783 9619 8648 1067 7264 4870 8546 6770 
3173 1629 3342 9765 3422 5237 4358 1368 8534 6317 
9844 9311 1506 6042 8341 6967 2332 6363 5685 7228 
1185 8191 5048 8814 8791 5662 2011 7846 8696 8772 
9586 3512 9474 4913 5975 4451 4803 1112 5297 3442 
2993 1103 5921 3449 7955 6144 3263 2834 9947 1494 
2934 9557 3284 4026 5279 6617 1781 1089 2945 8246 
2524 2062 3201 5163 2921 2820 2499 7246 9488 4655 
6093 1904 8255 7941 4059 1729 9453 5852 2213 4877 
2986 3103 2683 5752 3859 6812 8865 7982 1851 8017 
4997 8357 2259 9904 1378 2218 5874 9920 7294 3203 
8799 6984 6974 5624 6787 4846 6486 7439 6051 7615 
2560 9987 3917 2601 4685 1040 7997 6027 7718 3252 
6004 6531 9868 7949 2015 7548 8562 3109 7924 6957 
7636 1147 6483 6964 8062 7222 9735 7730 9836 2026 
9282 5242 9310 1720 4375 1529 2366 7948 9111 6848 
5593 2850 1788 2058 3472 5952 7591 8879 2724 5056 
7436 1441 9261 2440 1803 5704 8727 1325 2365 3902 
2959 9250 6565 2927 8781 7203 7592 4898 7472 5924 
2514 8555 4203 6162 7949 6841 1525 7775 3982 6108 
9282 2071 7056 2939 3466 2889 4874 5707 4873 3051 
4022 4842 4379 1029 1495 3253 4978 5289 5445 8242 
3688 1498 7768 9006 2109 7238 2972 4812 3694 4989 
6830 2717 1803 8253 2305 5083 9223 5884 6765 1258 
2967 7633 9463 4260 1313 2141 3570 7068 8230 6316 
6184 1745 8604 2353 7950 8895 4722 7158 2643 7448 
7596 2753 2554 3654 9215 1921 2776 5079 4628 5779 
2066 5681 8860 2280 9629 7970 2201 1714 2052 6796 
9313 3049 1299 8602 5544 8568 6586 3125 2653 9182 
1979 1700 2889 1100 4247 3487 7900 1337 6439 3915 
2213 4867 3410 8774 7811 5367 6058 3774 5210 7357 
2310 9354 4567 5735 5764 3090 9480 4071 7332 3320 
4030 8947 9441 8416 5837 1525 4232 1604 9811 1848 
5980 1944 1497 4802 5620 9083 6130 6178 3219 5617 
8786 7765 5573 3915 4714 4924 7382 1928 5734 5860 
4085 2462 9671 7882 8095 8450 9486 3085 7603 9233 
8977 9074 9748 8759 9684 8295 7821 3324 3844 7372 
5508 5339 3792 8602 1112 8647 6239 9688 8767 8782 
5845 2642 8796 6976 4823 2010 6439 1739 4770 4457 
7592 5903 3334 4210 7236 2295 6543 1030 5233 7292 
4247 1905 3430 8426 7855 2204 7266 5559 8062 2775 
3825 9232 4906 8707 5153 8067 8184 3343 7505 2589 
2570 5109 1657 7269 1576 7115 8631 3885 9011 9450 
4904 2797 1952 7067 2912 8937 4307 3112 2029 5282 
3472 2365 9207 2753 3587 9481 2292 4098 6475 9899 
7598 8210 1393 3045 3183 6076 1498 8718 5659 7404 
7815 2804 9593 8678 9922 6228 5268 9009 4748 5877 
8803 2486 4542 4848 2628 3414 9133 1068 3835 4991 
7764 9208 6660 8811 9326 2389 1485 4854 9074 1518 
4219 6584 1299 4614 1941 2596 4733 6278 5139 9791 
4552 5751 3270 7786 8268 6638 7659 2499 9479 1860 
4246 3989 7249 6170 8618 2155 2801 8384 5753 4603 
7178 8157 6492 3354 8055 3935 2328 5360 3083 1410 
5276 2513 6404 7001 2777 4598 5112 4700 7755 2914 
6966 5563 9480 4356 1261 6937 7055 9682 4023 1761 
2957 6452 9499 6234 5407 6480 3707 9849 8742 8382 
2564 3049 4094 4729 8665 1027 6497 3314 9265 5872 
7330 6872 4214 8309 9017 9935 6317 6747 7357 4648 
4643 1125 1642 9441 9367 5775 9493 5747 5661 4776 
7573 1563 6959 1720 7065 4501 1910 7359 4091 6434 
5658 6225 2745 8525 8011 1392 8449 6999 3033 4380 
4564 1626 4575 7876 1345 2716 7649 1662 5682 4528 
3346 6216 1414 8665 2864 9399 8132 9039 4573 7767 
2814 7209 8507 9774 4153 1045 3724 2036 2047 3575 
1675 9505 2937 4699 9127 7296 9578 5554 4304 4482 
6666 1193 7985 1835 7558 1930 1779 5171 8861 3834 
2543 6002 5763 9355 1985 4368 2462 2815 9719 3223 
8482 4873 8038 2816 6238 2088 9491 4941 3214 3819 
9649 2527 9883 6822 8599 7504 7623 5812 8684 2173 
1549 2220 1365 7348 2499 3432 3128 3716 3058 6562 
5501 6748 1696 3409 1594 1144 1702 5730 6292 8259 
7605 9953 6831 5888 7612 7781 9269 4563 8476 9885 
9901 1078 1219 6820 2559 6358 6113 9402 1583 7967 
6805 1739 2226 8445 4888 6721 5532 8770 6767 3652 
7379 5462 1514 3327 4378 2953 4057 2528 4282 2882 
9679 2470 4306 7981 5234 8674 8980 8771 2786 6606 
5623 6808 9370 8576 4873 8339 8598 6665 4381 6794 
1541 8474 5516 5325 7111 2598 1753 9186 8157 5544 
8121 2731 5042 6857 5303 9050 5190 9593 5681 8271 
6774 2636 4639 7803 8715 1159 3183 7033 4596 8367 
2553 2167 4219 1739 6268 1383 6047 6382 5012 6942 
6831 6737 7786 5878 6084 1416 6782 7023 6552 5976 
1001 1776 3630 9853 4563 3388 1635 3244 1969 3013 
7139 4278 1978 6987 2490 7892 1458 1083 3293 4092 
7896 6718 3470 6543 5168 1936 6297 6624 1877 4730 
6783 4889 2914 7130 7462 3649 5376 5138 7683 4460 
2938 2938 8507 5079 1915 6593 8193 9507 9089 9289 
7995 4716 6396 8289 1533 1084 4008 3670 7113 5000 
6029 7213 4587 5981 8192 2116 2743 3239 4542 8939 
2098 5744 8321 3316 5048 6665 8612 4787 9172 7007 
7336 9678 2733 5602 5963 8768 5626 2898 7984 8057 
9337 9071 5658 9648 1382 9603 9934 2680 4468 1398 
6042 8499 4276 5386 5902 6337 9070 5844 8265 4230 
5383 1123 8179 1891 9827 8400 3491 8717 4666 4453 
9019 5305 2335 7408 6262 6300 3611 7490 9029 4756 
7279 1355 5172 8420 6616 3598 5990 4602 1216 1472 
8088 2419 3834 6267 4082 9301 4287 5997 9945 4832 
1041 3290 9746 2565 5409 8591 4841 8649 5424 6371 
9696 4526 5017 1954 3702 7419 4330 3210 6470 6192 
3618 3218 5307 1444 5814 7099 2850 1288 3267 6336 
9340 9970 6417 8194 5515 6051 4749 4839 9337 5626 
2222 2181 8345 4393 1672 4852 3389 9572 8199 9614 
9277 5663 7260 4288 9526 6979 5568 2391 1191 7208 
9246 3148 6939 9827 8369 7275 4815 9353 6639 2313 
7999 2576 3868 6086 1281 4536 7206 1809 2283 5468 
3508 5820 6111 4931 4020 7561 9328 4482 7372 5173 
4787 5700 3901 3126 6234 4940 8602 2402 8102 8037 
2332 5417 9402 3826 9292 1536 5225 6571 3861 6459 
2855 9812 7986 3034 8681 2911 1381 8421 1949 2252 
1328 5910 8949 3547 6978 4546 1917 2720 9670 8898 
1776 4951 7421 6692 1507 5130 9555 5056 6726 5004 
8432 9607 2917 6413 4943 7277 5162 5211 5976 2064 
9536 1984 3589 7188 1438 8312 1399 6383 5927 9514 
6083 7802 7488 8379 1250 6907 9167 7282 8754 9664 
4049 8148 9206 4022 8238 2115 3140 8789 2104 3202 
6572 9608 7060 2500 8605 5060 7582 9966 6276 5082 
9644 7897 1946 7042 5496 1489 2237 9035 1775 6887 
9129 7544 8201 3215 7591 7851 4333 1572 9312 8125 
3943 4160 3734 1099 7315 9602 6702 4540 9872 9195 
6788 3076 6519 4569 2779 3616 7148 9464 7372 3387 
4517 6566 9662 2486 7907 8157 7899 3837 1261 4252 
7997 8494 3085 6160 8059 9837 2876 4337 6136 4619 
7181 6320 6934 5352 2599 7068 6367 5841 6931 1088 
2013 7449 8201 6996 1631 6706 9543 7921 7046 2310 
5662 7698 6042 1608 1651 8306 9392 8741 7749 9984 
9538 2789 7089 1402 3553 1845 8860 2317 6532 4515 
2689 9775 5370 7582 9656 2187 7337 1614 9370 4961 
8992 1697 3757 6816 2152 2542 4421 5861 7037 6089 
3092 5461 4051 3672 7085 1863 4607 5068 9919 2013 
2491 5837 5249 9433 6242 4659 5969 6557 7370 3654 
7974 8833 6816 5266 7659 6757 4671 4636 9395 6600 
7900 4978 2553 6323 9561 1884 5892 8340 8584 5775 
1857 6222 3454 9031 8976 1584 9669 4677 6986 7603 
7502 5284 6474 2587 3679 5476 3208 8597 4677 8637 
2742 5214 3740 1252 4965 8416 3743 3895 2318 5664 
1602 8817 7862 7142 2540 4357 7177 4914 5008 5242 
7838 4757 1460 3914 3906 1678 2261 2644 6026 9969 
6400 3875 9406 1551 6949 7198 9203 8585 3249 4602 
2455 4448 2181 9114 8934 9297 7095 2589 6164 4064 
3397 5416 5755 8737 7065 8482 8325 9307 1992 1859 
5277 9519 4787 2618 8435 8401 2525 3803 5437 3932 
1996 8396 2793 1625 1642 6674 4502 8839 5977 5202 
2738 1878 2682 9564 7612 6583 2858 3179 9344 5291 
9659 6317 2251 8922 1208 7131 6796 8351 6359 8022 
1477 7575 3979 7760 4573 4267 2396 2664 6398 6671 
3363 4819 1693 3123 2122 5336 9779 7115 9635 4248 
5346 4746 5816 6095 3129 4404 2966 3476 5282 5300 
2268 8400 3739 1138 2825 2641 4005 3764 9974 4272 
3862 6456 1390 2246 8622 9577 2362 9421 7765 3861 
6502 7810 9295 8054 7056 1741 8787 3324 7477 1360 
3732 4759 1072 3638 1043 8083 6745 7426 3343 8125 
9665 3227 9204 7223 7553 2126 9630 1365 9791 7739 
5962 5842 6800 6086 4845 1606 9229 8428 3892 8197 
7863 3809 9251 8354 4522 8751 3365 9811 4739 8695 
1236 3177 8384 8757 3319 8976 2664 1743 6797 6815 
6538 7119 1839 9733 2340 6685 6273 4714 3054 2131 
2182 8069 7320 6735 5729 5617 3329 3165 4514 9299 
5731 6029 3449 4225 4663 9168 6723 3428 5815 1074 
5696 9568 8847 9928 5000 7430 5611 6522 8583 8034 
8382 9618 3678 9314 4838 5300 3896 7892 6017 2789 
5673 1891 6262 1601 8074 1651 2932 9072 3299 7402 
4212 2033 4113 2665 7490 1643 1447 3019 8312 6603 
9501 2144 8249 3649 7241 5677 9980 7531 2864 5385 
4768 8272 9005 8092 2297 8917 1183 4870 5294 7041 
4215 3323 7398 7286 1283 8922 9508 3214 8038 9510 
7318 5616 8257 3756 5002 5716 7014 3135 4772 3277 
9795 6295 5867 5756 1144 8819 1212 3943 8833 7023 
4761 5617 3376 9223 2658 4796 7223 4702 4742 3539 
7623 1339 6638 9116 3897 5777 6672 3970 9903 6046 
7136 8352 9913 3001 8634 9587 7398 3037 8291 1861 
4550 7060 4967 2105 1576 5268 2646 2090 2900 2696 
6196 5392 5656 1746 7262 9960 9850 6525 5202 6774 
9539 2343 8513 1748 9385 3282 4923 2332 1533 8675 
4816 5925 1062 1682 4013 9679 2103 3654 1313 6031 
8368 1716 5935 8474 9445 5319 1589 8148 8986 4569 
2923 4080 9659 8673 6603 9990 8199 3881 7094 9371 
6661 5397 8912 9367 4211 7399 3013 4983 2639 3692 
9806 9985 6978 4218 2706 8818 5060 3845 7168 9230 
3216 4215 6571 6099 5173 4064 8674 7350 3654 8594 
2264 1683 1642 3434 9871 8628 9186 6436 6154 9732 
8283 1122 3618 6913 3751 9224 6903 5015 7008 8724 
2395 3731 3607 5367 6859 7467 1009 2156 1645 9682 
3375 4055 9830 1646 7295 4837 4932 4605 4129 8130 
8751 9425 5520 2941 8800 5491 6940 6266 6598 7289 
1406 1288 1139 3290 4068 1821 9535 8101 8394 1004 
1709 5506 9814 9565 6631 3586 3117 7652 9510 4198 
2389 5566 7842 2813 1052 1140 8137 7814 8617 7098 
6286 9721 6898 2965 9989 2354 8650 2236 2672 6295 
6096 3787 4515 2163 6012 4646 2130 9438 8775 6970 
5744 1965 3171 1521 9131 7253 1930 1837 2689 3254 
1768 4141 6288 2211 5872 3017 5724 4908 4751 5807 
1399 2507 4951 1394 5989 5851 1894 7597 4732 9575 
6106 6681 3135 5154 2529 7264 9770 2170 5087 4902 
7203 8419 8940 2755 5639 8505 3306 9295 4239 1767 
4313 9073 6153 4675 6802 2226 9261 9659 6227 6504 
8822 7857 3909 5385 6406 7646 3129 9030 2732 7554 
7896 9446 8088 7043 2759 6207 1699 7950 2498 9733 
1311 4718 4985 3222 8076 2352 6016 9700 5977 5024 
6869 1219 3952 4128 1952 9249 8267 4991 3583 2852 
4265 3384 7376 7859 5587 2134 8755 5366 5299 7166 
6699 2134 1558 3491 1867 2885 3168 1697 1731 3477 
6340 4512 6232 9099 5692 5042 7912 4364 6840 3091 
7435 8556 9544 1911 9396 8599 8359 1852 3538 7396 
3219 3158 1822 2600 6562 8818 8479 2213 2004 2932 
6559 8133 8720 4476 4520 4566 9579 6378 6663 7971 
3020 7597 5954 5769 3075 8932 6589 8422 9764 3427 
3643 8346 1121 3900 1204 8967 6817 8116 5770 9679 
5131 2206 6367 1217 4786 3981 2693 6536 7575 7975 
4708 9383 9686 7241 1409 7606 4144 2933 1792 4073 
6739 7033 9407 1407 1325 7601 5070 4824 7777 8895 
8561 2742 9078 4153 3214 2367 8919 5021 4773 9401 
7982 8753 1178 2550 6263 6374 9109 1830 2148 3096 
3371 8389 5478 9970 3741 3446 7048 8169 9716 9290 
5249 6292 6149 1232 5080 7170 4257 5166 3172 8630 
6690 8680 4560 7435 5868 9480 9334 5565 2083 5150 
3804 5640 1320 9386 9371 2106 4798 8305 1611 1050 
9760 7532 2228 5577 2688 4864 6681 3931 2720 1873 
2982 1604 9223 1088 6568 4409 2605 5941 5023 4719 
2989 3748 2663 8219 5789 8858 2102 3387 8133 5913 
1765 8541 1797 5113 1503 6738 2802 4895 5531 6052 
1718 3581 8819 1911 2456 6730 5646 7431 3167 7989 
3061 3567 3372 4572 3091 4994 7542 8233 7115 4934 
3677 8907 3305 7615 1563 2888 3520 5312 1409 5297 
2552 8382 2254 6206 7614 5771 1791 3121 4025 7053 
3570 6240 4272 9258 9376 7460 9324 9865 6922 8972 
2802 7023 1833 4378 5160 5464 2349 7259 9263 3056 
2617 7764 8164 7152 1672 9653 1399 2526 4197 2943 
6428 8643 4835 7629 7573 2849 4601 1458 1667 6786 
4557 2935 4950 5236 6412 7730 9795 3859 7402 5698 
3849 2079 9815 2679 5839 4492 3573 9975 2344 3467 
2763 3691 6869 8039 5122 1430 5900 7441 8505 7581 
8362 7362 9268 7845 5495 8075 6929 2085 6877 9793 
7207 4566 5181 1466 6251 3542 3010 7815 3349 1060 
5798 5433 1003 2760 9227 5591 1297 9362 2906 8948 
3386 5615 9468 1500 9686 3765 9243 6666 4681 9055 
4526 5877 9631 6555 6138 1496 3501 8949 6960 7773 
2461 3161 4760 7500 1749 9380 4126 1332 8415 9750 
5819 5636 6283 7331 8560 2406 9232 2145 9872 7710 
7257 5240 8388 2285 9762 2900 6546 4750 2257 9867 
8757 8221 7695 6093 3371 1689 9432 6530 2189 6854 
3980 5866 3788 1588 8787 1800 8505 5826 3347 7157 
7789 4796 6838 2725 1007 8850 9413 2960 7175 9797 
3299 3204 1476 4680 6538 5337 6077 1137 5971 5143 
4974 5731 6423 3366 8030 8892 1102 4095 4743 2545 
6236 3980 6896 5344 8980 1810 6311 6430 9043 4251 
3217 2719 7378 1598 5115 5323 9398 1419 9054 2985 
9006 5459 5892 5116 3722 6087 3334 7508 9909 3087 
4763 5422 1556 1102 1818 5960 5649 3485 3743 9417 
9014 8950 7838 1900 4682 3620 8868 9676 2693 9233 
3693 4747 8567 8921 3959 7029 3893 8268 3104 8800 
9082 7783 5507 6420 9682 2851 1239 9668 4672 6651 
7581 2984 1695 3479 2264 2561 6161 1719 3520 2731 
5256 1242 1974 5230 5230 4077 8176 6985 3713 8708 
6792 9486 4873 1263 1412 9416 2296 8370 7201 8093 
2515 3027 5806 3048 3000 9244 6151 3962 5846 2066 
2430 4763 3821 7638 2383 3363 3665 5853 3779 2182 
5036 8564 2614 2935 3139 2434 7804 3255 8462 9365 
1094 2146 6852 6173 9315 4059 2742 3180 2814 6624 
4554 2322 6771 3747 1120 4281 9443 2403 3236 3135 
3594 1825 2449 8480 5112 4641 6562 7155 8323 2367 
4911 4098 2010 6074 6704 5629 7249 6700 7577 2139 
4816 1340 7844 8195 3415 9760 2939 3163 3557 3607 
1031 7041 2350 6762 8810 9667 9668 7188 1996 7405 
8384 7008 7144 7411 9869 2427 2068 3133 7083 8823 
5586 9402 2549 7375 2190 1900 3598 5943 4397 9133 
8214 6598 7608 9948 3206 9944 3454 5660 3594 9492 
2306 5572 2403 1329 9597 7141 9945 8730 7447 2666 
9061 2818 3364 7123 4205 8654 8901 2290 9658 7994 
5961 7097 1030 4043 5944 5854 9143 9929 3098 5345 
7454 9477 4041 4763 2508 7968 3946 9811 9930 4370 
2958 4701 8197 2358 3384 9824 3585 3317 2213 9298 
6115 2566 7925 7497 6853 8660 3717 1780 5333 2543 
5822 2198 6680 8963 2648 8687 8634 6549 2281 9108 
3520 7247 1230 9588 4927 9600 7783 5830 3740 9413 
2353 7392 9523 2049 4766 2707 9966 1829 3521 2509 
6211 8270 1953 1804 6986 7365 3346 9785 2430 7252 
1764 4922 2753 4899 8438 7397 7274 9038 6271 8181 
2612 2040 6732 1635 3058 7947 8725 2176 7940 6935 
1490 7679 2482 9622 9150 6523 7573 8048 8026 9266 
8426 9760 7021 6829 9782 2460 2628 1099 1208 7948 
9550 2521 4298 1886 7314 8676 8570 2013 8003 2120 
6906 9734 6305 4849 8518 3952 2265 8703 5105 9085 
5867 8489 5785 9804 3571 3338 2283 9926 4862 5298 
3417 2135 6445 2459 2534 1185 2443 5828 6825 6957 
7634 4913 3646 6683 7042 3517 9510 9158 3875 4909 
5911 2818 3163 7545 2245 2360 3713 4188 1985 9758 
5322 8788 2394 1484 8320 4070 5166 9335 9040 1419 
3026 7456 5263 6392 8742 6085 7820 7714 2901 1848 
6899 2338 5884 4203 3238 2692 2606 4734 2592 1279 
7476 3050 6297 8812 3255 5947 2653 8918 8195 4516 
8546 1105 5637 9622 8827 3627 4404 8370 5892 6782 
7485 6655 8661 1328 5071 3072 9933 8253 3908 1955 
8350 4494 6168 4107 8283 3532 5837 7043 8466 6789 
6635 9978 3886 4289 1556 1947 2439 1620 2031 8535 
2558 4484 3863 4016 1583 1976 7328 7997 6090 7619 
3672 2223 3011 9460 2030 8525 8796 4429 8373 6680 
3666 6495 6743 5449 4451 2537 9619 7259 6850 7830 
8140 1916 8840 3919 6457 8862 2461 4015 3501 8410 
1450 1667 9569 1729 8327 7376 8326 6392 7655 1622 
7449 6018 6705 6066 8856 5322 6195 8424 7103 5028 
5565 4455 1776 2337 9428 2736 9479 5808 1268 3621 
7290 3844 2666 8505 8927 8829 3251 8467 3597 8368 
8224 3717 5330 4533 7718 4156 1133 2480 8493 9823 
3590 4058 6355 8640 8192 8383 6682 1244 3622 7498 
4525 8567 5483 9422 5385 5689 3602 6480 9923 4519 
9843 2979 4951 6907 6260 8536 4440 3738 5128 8380 
9026 1352 5420 8206 4397 3340 9466 2926 7509 6235 
4998 6103 3435 5934 5031 2762 6066 3688 3290 7329 
7524 2499 9103 6389 3086 4065 2684 5977 8526 9506 
4656 3419 1371 5662 6952 6215 7077 3077 7354 8072 
2180 6276 7869 7409 7606 6730 2968 9005 8309 7784 
3397 9369 4376 4613 9402 7835 1322 6877 8710 7124 
2656 9358 7318 5285 4538 9224 6377 2969 1507 5832 
1820 2464 6771 8217 3683 6893 1543 8236 2492 6771 
1745 9501 1237 3415 7435 4198 2248 3384 1997 3151 
7409 3007 1846 4024 2887 9420 8321 5793 7073 8201 
8501 8180 8051 8642 7692 8727 6924 4333 2482 7657 
6811 9807 7712 3889 9591 3212 7523 1664 6208 4345 
8029 9419 2976 2392 1583 1640 4122 9862 8939 1593 
2221 4378 4279 8875 8453 9709 8894 1357 6106 9569 
5818 8986 7511 2823 3517 6904 2686 1839 9749 8929 
7583 9008 1941 2730 2949 5382 8887 3322 8467 6881 
9719 5364 5959 2041 6169 9285 3964 5338 8828 1718 
7390 8066 5948 7835 3837 2112 5443 8588 8039 8521 
2189 3590 8086 8186 9197 4838 1006 4930 3457 5527 
4162 2198 8138 8093 7603 7702 9790 4657 3932 2702 
2062 1343 3033 3148 4515 5539 7277 1020 2200 9350 
1998 1247 3377 2151 2259 9887 2710 4715 4534 4735 
9063 1607 2012 2031 7900 4487 6037 9682 8242 3996 
5927 5593 2797 7006 4485 6761 6049 9139 3098 9479 
7147 2990 9159 9040 9739 8914 5960 4578 6854 6817 
7375 3207 9421 6859 3648 7554 4498 2657 8201 5461 
2235 7772 8094 8018 6389 8820 7307 2043 9570 4559 
9520 6659 2579 6736 2582 8698 2459 3896 5660 6501 
5732 2126 4347 9335 2473 3389 2474 6053 8861 9423 
1607 5597 5037 5964 9763 3425 7983 1378 9725 5663 
9955 4390 2345 4237 7361 5080 6483 7811 9885 1112 
6129 7766 9812 1646 7436 6656 4268 4598 1260 4913 
8721 6286 6226 5972 3359 7229 6034 4688 5691 7313 
1775 7222 3082 6821 4374 5445 6572 7194 5238 5422 
4033 5937 7899 4073 9912 7684 2542 1049 9523 1896 
8962 3367 2857 9662 9196 5858 3307 2046 2144 6114 
7592 4698 4348 3347 1244 2136 1602 3494 9273 3250 
7372 6944 2230 5266 1157 4952 4984 2032 1065 6836 
4117 9486 4828 1331 4457 9050 6371 7102 3471 6265 
1855 8552 8261 1129 9708 3568 9435 3454 3277 5388 
4356 6175 5814 8404 6722 4597 3909 6856 8563 1087 
7535 6729 9809 2478 7397 8806 9957 5059 5361 3623 
2087 4651 4381 4144 7421 7485 3424 5837 5525 3054 
7667 7679 5896 4539 7209 9930 3036 7989 7368 7490 
7535 4570 3372 8405 9335 5355 6130 9089 1857 4283 
3501 3478 7256 7978 9911 6906 1181 6925 8929 3313 
1485 6913 4353 5752 2535 1281 1445 5698 8548 7939 
5843 9969 3803 8639 4572 6278 9132 2709 3414 6092 
1326 1567 3647 8969 1368 3048 6489 2631 7318 5993 
7663 6055 5727 4852 6462 2889 4755 6278 1551 7276 
6875 8969 7113 4760 6805 5669 8927 7493 6267 8907 
7575 3320 3067 9886 2116 3726 6251 2172 6924 9345 
1782 9533 6568 1020 3606 9175 3076 9636 3657 7563 
9391 5344 6570 8838 6902 6747 7767 5114 5486 7668 
5231 9173 6818 3694 1674 4744 8676 4740 2765 8446 
2626 8891 2330 5309 5545 2677 2002 9134 9990 6080 
5381 1789 3240 3999 5772 2023 6851 3981 5431 8240 
7643 7688 2452 5945 2077 9060 2534 8120 9394 6210 
7122 9707 3859 3519 6427 8661 6541 4014 3318 6832 
1934 9941 2404 1375 2224 6685 9748 2270 2035 1592 
8316 9489 6366 2379 3032 5842 1741 4308 6522 8527 
2792 1645 1582 8010 2922 7742 5602 3407 6557 2472 
9069 4164 8699 1125 4622 8786 7285 9535 3400 1387 
8101 1408 2274 7162 1164 7522 8840 2066 1317 9130 
9587 5872 5642 9988 7414 8619 1173 2831 5961 6402 
3220 1773 7113 8469 4309 5024 4314 4076 9350 6156 
8808 7908 6924 2222 1555 8744 9293 3711 3699 3898 
1553 1258 2131 1071 8711 8544 8446 7111 2024 2229 
6630 2166 7080 8573 7441 1756 2004 2473 3305 4080 
1671 7233 5915 9476 4266 8355 9289 3300 1093 3681 
2902 5532 2452 9130 8619 4398 3028 8931 8392 3025 
1799 8123 5240 4334 9126 6234 8063 6114 9070 2454 
5634 6054 4496 9908 4404 1378 8395 4435 1783 8251 
4642 1706 7753 3853 2188 5628 1082 1051 9755 4382 
5796 6228 2358 4501 1167 4294 1364 4151 9286 2338 
9296 2817 3579 2510 2845 3711 1571 7553 9170 7479 
3214 1452 6996 9096 8080 7374 1461 3396 2880 3482 
5673 9842 9277 2681 4428 7004 1595 7398 4761 4154 
9213 4691 2201 3332 2100 7566 7035 5075 3826 9183 
2018 5258 2887 9102 7415 3721 6424 5304 8516 1148 
8300 3620 8659 9484 2969 9987 8104 8220 1211 3749 
3881 1807 8319 1659 9987 9410 9716 7720 6229 2627 
9653 8150 5486 3846 7154 4871 8175 2178 6582 6212 
3823 4694 5340 6303 2393 7743 8863 9371 8276 1681 
4637 8616 8077 1248 4242 1503 5851 2292 9822 7614 
4483 8181 8746 2772 1372 6281 4862 3318 3944 1502 
1949 7511 7361 5401 3599 4953 7859 4311 8964 6790 
6607 6100 9763 8995 6767 1401 6703 6722 2106 3619 
3006 6414 6417 9390 9693 7469 8503 4238 7546 6581 
6229 6409 6820 9136 7568 9546 2726 3493 1882 2470 
9505 2328 4991 4619 4446 1051 3114 1692 1353 4731 
8996 4656 1479 2322 8546 2668 6729 9784 3245 3064 
8850 8075 1525 1101 3214 4732 9993 7524 2293 2168 
4412 1965 4856 6456 5804 9684 2304 7388 5645 7557 
3403 7554 4995 4320 4244 2709 8881 9694 5186 4497 
2471 2366 3878 6977 4320 6413 2268 5892 9326 4403 
7301 1124 4861 9657 2134 4265 9534 1261 5364 3818 
8769 8631 8236 7875 7476 8707 5925 6730 5954 5919 
3044 2703 1472 6088 2593 3894 7617 9097 6732 8154 
6561 4899 4445 4028 8303 4020 9188 8585 5544 6231 
6428 6383 5894 5563 4301 2454 4983 6219 8360 8075 
8738 1707 8317 1132 2372 1963 8901 4606 4743 7810 
2654 2348 6867 7643 3214 7559 6788 5537 2680 4311 
3552 6432 4573 8978 6442 6411 3006 5413 3593 5255 
7394 4195 2568 2940 2352 1007 1047 4965 4395 1731 
8581 1725 1688 6267 1967 7441 6189 2700 3332 6559 
7370 6891 5061 8632 5348 8967 9541 1830 7780 1263 
1248 2527 9499 1093 4224 8878 8506 1931 6904 8975 
9331 9267 3819 8387 8306 3854 7865 4428 3371 8472 
2851 1660 8929 6250 4018 6090 4574 5549 6986 6727 
6772 2032 1015 1498 8379 3751 3070 1743 9825 4137 
9327 9637 8839 2902 7823 5841 8165 2840 4063 6684 
9115 8295 4062 4325 1828 8738 8216 3688 2702 2674 
6444 5840 9936 9516 5661 3653 6281 8731 7863 3682 
8914 6591 2547 8575 5746 5614 1445 7479 3564 5706 
1910 3662 6047 7635 3089 6450 9829 4555 3764 6827 
8663 3450 4066 8090 3252 9798 3448 6534 3293 4992 
3070 9029 6451 8800 7084 9511 3106 2630 9071 1613 
9318 6764 2781 3550 2421 5040 6762 4459 3656 3136 
8484 8061 4488 5841 2257 3755 1639 8851 2818 8796 
6988 7596 6770 1812 5707 6452 8439 2300 3212 5438 
6225 4912 3751 8856 8336 7069 6195 9923 2171 3254 
2787 7879 6447 3028 4770 7445 6579 1516 5903 1998 
8858 6234 5788 6695 1326 4741 7596 4083 9785 5673 
9897 6712 1653 6918 6906 5014 6020 4150 6734 3255 
7776 2767 8929 9008 2328 4646 9683 6133 2902 7916 
8556 4319 6846 2982 3810 2945 7920 3479 5692 3355 
8818 8915 1037 9602 2106 9124 3198 3314 2682 5278 
2932 8023 7367 7763 3538 1903 5619 8168 8568 7577 
4540 6312 5020 3346 5355 9283 1110 7962 6296 8381 
6585 7650 4607 6538 7784 9383 6557 6984 4616 5616 
8527 9349 6541 1285 3539 2548 5210 7417 2799 9801 
9506 7045 7665 7212 1024 7997 3157 4837 2890 7015 
4885 8209 7936 3206 6963 3998 9582 4516 3591 6710 
2337 5359 5535 4349 1096 5298 7573 6077 4900 9155 
8934 2552 9398 9443 1966 3669 1798 6105 3330 5341 
7459 4792 1211 4867 1593 4947 1992 9683 4138 6037 
1794 1819 4345 5733 7835 9580 2623 9282 5955 7344 
6442 9389 9860 6315 9504 4206 7630 6393 1754 4190 
4603 4225 7164 3949 7770 9482 8561 3650 7680 9858 
4800 2786 2558 3482 2745 4877 5860 7086 2337 7327 
1829 6056 9778 9298 7425 3467 2836 6803 7915 1609 
3654 8610 1205 2676 5478 3952 9472 8477 4546 3798 
1209 5945 3161 4544 2916 3242 1130 8415 4724 4250 
5324 8349 4863 3360 9967 6425 6389 2287 3094 9875 
8470 3941 6362 2538 8058 8519 1951 6360 1891 4786 
7506 5925 9919 1918 9352 9614 3100 2067 2037 4453 
4689 6334 5800 8625 6073 5606 9319 5077 5599 2364 
5508 9814 7937 6064 1281 9263 8449 9851 2643 3496 
5030 3289 5636 3586 6268 3157 6545 1459 9527 4879 
1888 5434 9753 6586 1656 2072 1615 9512 4029 8591 
5295 7631 2791 6076 7841 2099 4723 6164 7664 3192 
1001 3251 7164 3186 2703 3151 3867 3427 2503 4233 
9627 3100 8958 6859 2448 6715 5924 7102 8761 5319 
5593 5063 8932 5494 5847 4623 5656 7016 5296 9014 
4269 4627 1440 3767 2564 4730 3275 1674 4931 5099 
5713 2415 2919 9593 3912 9196 8511 4819 2870 5700 
3328 4113 5684 1356 7336 1558 4612 5268 3238 7423 
3723 5458 9729 9371 5014 6895 2819 5606 9093 7542 
2726 7173 1912 1094 2457 5765 1279 9287 8518 9293 
9053 2142 8230 6515 5795 2133 6614 6282 4976 6647 
1385 9110 2778 4771 9093 5096 4181 9935 1688 6641 
2744 5197 4609 6301 5376 4942 4026 7146 6716 5225 
6137 2563 2301 7026 4793 1643 1334 8964 4381 4654 
6838 9629 8737 9739 4896 8351 9758 8690 2816 8154 
9948 9247 9416 5152 5008 4769 7731 1206 7918 8752 
3073 3216 5026 7838 7578 4450 5250 4511 5737 4619 
2646 5534 6816 2455 3891 7209 4256 3913 4215 7140 
6742 8449 5424 9586 9970 2328 1351 1560 3143 5773 
4646 1274 2923 6902 2103 8509 2110 2779 3954 8556 
4546 2927 2799 2268 8432 5452 2191 2792 1671 8889 
3695 8554 1300 4239 8297 1580 9369 1008 1578 8730 
2858 9920 2254 1744 2560 6897 4030 4117 1387 3122 
1003 1065 4731 6977 8121 6898 2648 6244 5184 7866 
6657 7311 3856 8148 1773 1050 7846 3083 3148 6146 
4182 6739 8630 4090 4313 2627 8803 2842 8587 4272 
1532 8250 1124 7978 5447 1234 4004 6378 1876 8926 
6268 6732 3607 4936 6805 9523 8268 7274 8076 8683 
7627 3065 7042 8875 1627 3447 9109 1686 6754 3372 
9313 2031 5534 9369 4844 6864 8299 3254 5654 4056 
1429 9245 4679 6962 2764 1928 1432 2649 6319 5950 
7925 5799 9894 6888 9558 5781 6022 6682 8360 6997 
5664 4640 3025 8756 9888 6472 1352 2234 6866 5752 
6004 4027 9069 2426 9766 2057 6663 3771 8136 6851 
6246 1077 4288 1657 3213 4106 7573 1478 6707 3940 
7300 7831 5799 5766 2976 4317 2135 2257 3273 5863 
4969 3983 3085 9568 6399 8109 1622 2280 5642 6017 
5496 9753 9537 6909 1962 7446 7648 6448 2265 8237 
6166 6831 9653 6407 4816 4460 3905 5260 7380 7224 
5530 8867 4951 7271 1605 7472 7760 2516 4893 4963 
9854 2400 2771 5597 5540 6428 7821 9871 4606 9472 
3836 3133 8609 5396 1874 9264 1665 5607 3995 6186 
5743 7632 1196 9015 3274 6061 4266 6470 9249 5646 
1262 3368 3330 9704 6497 8548 3795 6334 2250 5466 
1422 1125 3277 7011 4090 6203 1701 2475 6871 5088 
3059 1641 3738 1661 4820 6943 3714 8932 7639 3418 
9092 5657 2281 8321 9754 5954 9533 5890 5264 8341 
5938 1226 9971 1375 8870 6145 8779 4219 9255 7689 
4491 1851 4916 8206 2599 8485 8319 3749 1220 3069 
1109 6476 1863 6026 2496 7190 1100 2782 3012 9737 
9446 7068 9788 6115 9198 2116 1913 5319 2171 6730 
3272 1911 7887 2067 7094 5848 5962 5026 4610 1911 
7716 9345 5986 7521 5725 6946 9774 2517 6145 7097 
5299 8006 4447 5160 6963 9057 8144 2500 5295 3557 
2723 4356 6171 4867 6576 7726 6969 2630 5084 1594 
3435 8510 4106 3980 9577 8927 6593 6252 5780 9572 
9460 1498 6817 7769 9881 1131 9635 3351 4964 8117 
7380 5802 5253 2637 1815 4619 8371 6996 1279 6860 
8924 6729 9507 7357 4762 7003 6703 7737 2124 2545 
3100 9803 6872 1706 2722 8936 8935 7733 6380 8410 
4296 9407 5201 2034 9177 1363 9623 3419 4223 3590 
7910 7130 4572 8206 6120 1623 2620 2939 3648 6693 
5999 7002 1988 5631 4513 8243 1892 4944 7157 8396 
3922 7035 3951 3123 2480 7025 9847 2470 4291 5176 
7120 2503 1324 2980 3196 3218 3751 9448 5186 7273 
4619 1973 1187 7154 8049 5794 3533 7371 8241 7203 
3633 7971 1909 1946 8994 4142 4485 8053 4728 6040 
4623 3179 5139 8397 1493 9045 7594 8044 1055 8317 
1922 1108 8627 8484 4748 5668 8118 2869 9094 2149 
7936 1325 8045 8012 4874 8818 1920 9352 5001 9945 
7714 8417 5591 7301 3114 4968 9510 5559 3753 5727 
9334 7493 4956 6614 5889 4826 6496 1885 3342 2686 
3090 4905 4879 1720 1532 3619 7598 9168 2184 3372 
5555 3281 6201 4182 4377 9746 5656 2062 4930 6510 
1343 3920 9100 2443 2290 7991 4947 5766 3411 5061 
4590 1872 8474 1650 3536 2453 1518 1628 8903 4887 
3090 1031 7342 6284 5082 6239 5730 3076 8374 1245 
1811 1204 4579 8000 8429 8973 8916 3400 9269 7168 
9121 8438 5112 5932 4413 5573 5054 9309 3197 1513 
8847 3534 6151 6524 2412 6022 2608 7942 6337 7687 
8353 3535 2605 3446 1145 7661 6976 2905 5115 5472 
9452 1034 7392 7882 6173 6676 5630 6155 8816 8259 
2518 1169 8075 9198 9145 7927 2175 7821 9493 7651 
4533 2929 3354 2893 1811 7448 4968 9981 4784 8894 
1792 8011 2383 7501 9637 5785 6987 7814 8595 7868 
5889 4495 5388 8190 6806 8430 8072 6687 3323 4114 
9523 4921 1956 9705 7061 1771 9914 8091 5125 3743 
7020 2716 9034 5353 3436 8612 9817 5512 1220 2837 
2184 2425 4213 5266 3302 5019 1113 1199 6220 9370 
4518 7413 7745 1718 9602 4546 3737 2384 8613 2909 
9741 3765 8020 5802 5678 9457 1956 6124 3479 6688 
9486 4460 7669 6602 1266 3673 3578 2269 7689 5164 
2642 6291 2005 6509 2604 3172 6111 9204 3431 5636 
7545 4101 4651 6226 8612 3757 3891 2355 3069 6484 
4911 3932 1162 6252 3751 8243 2203 1859 5160 3303 
5578 3584 7840 1180 7938 1955 2292 8184 9134 8508 
8807 6926 8910 3291 3697 3401 7219 3293 4241 8374 
6731 8741 3831 8621 5458 2343 9630 3211 4857 1453 
3509 1898 5229 6741 7517 4410 7180 1716 4160 4782 
8309 3444 5438 3221 8763 2671 1830 5630 7909 7154 
9952 9367 7982 8029 4408 6609 7844 4378 8585 6109 
8811 8178 2570 2603 6001 3955 3529 8605 2228 4168 
8167 9834 8089 6690 5197 8810 8941 4796 1420 1827 
5988 3646 3574 8552 2842 9610 1453 9681 3107 9070 
7370 2595 6750 1892 5256 3775 6678 3216 4473 1074 
2518 1307 9430 7716 1052 4602 6305 6609 3523 7447 
4680 9954 1153 4485 9287 1501 9459 2030 6110 4747 
8299 8615 7639 9710 3277 4485 1734 2726 3580 2445 
2863 4487 1812 2290 2549 5060 4156 2516 8315 7925 
3914 6511 4525 5728 1694 9180 5043 2384 6865 1100 
1856 4490 5290 4289 2789 3098 8305 4349 4015 2844 
8028 1924 1947 6601 3352 7368 4062 3278 4270 6796 
3233 3132 4996 8390 2950 7116 2728 7796 4814 2072 
2493 7241 6098 6345 7786 5107 9655 7590 2450 9024 
2164 4293 7203 1507 4902 7027 7750 4224 1982 2348 
1030 4420 5885 2201 2144 6667 5626 6668 9145 5092 
6995 7641 7873 2347 1554 1161 5950 5115 7171 2147 
5237 8818 1782 5512 1737 6096 3362 9189 4227 9320 
3495 2520 4601 8405 8013 9555 2486 8406 3070 9223 
2057 6806 4933 9239 6925 4856 2898 3264 3881 6281 
6495 4022 1485 6280 7806 1568 3092 2695 3918 1630 
2886 5688 4858 1323 7712 3919 3078 3694 5746 1501 
7283 9945 1217 8641 9605 1004 3980 1511 8040 9848 
3146 2254 4203 9628 4073 5891 4457 4637 7516 4542 
1326 2952 1391 2193 5720 8675 3705 3561 6285 9470 
9273 7896 9887 8241 4111 4335 8692 5284 1451 8370 
9403 1588 8097 4600 2050 6856 9272 8746 6598 2867 
2588 8836 5735 4677 5267 8542 9246 4504 2321 2050 
1733 2971 9387 6855 6002 9471 3624 2542 8854 5329 
4774 5504 6578 9274 9608 6826 5747 8007 1507 2353 
3405 8500 9055 9818 7967 5359 3133 4300 6164 7148 
8393 3542 6114 9073 3185 5830 5303 8105 5267 7436 
9035 1750 6821 6737 4860 9036 9765 9750 5550 9086 
4736 8097 6763 7353 3432 3103 4013 5654 1985 1380 
6534 4850 9542 4628 7689 5301 8551 6076 9165 1423 
4951 9776 7113 8382 2469 1280 2834 5699 5919 7035 
2193 2635 5159 8253 5567 2018 9101 8287 2630 8050 
4349 8943 5222 4586 8258 2602 7840 4930 4748 1474 
3604 4874 7381 2295 9620 9918 4736 8750 2496 2992 
5069 6418 3620 2476 5281 1818 7971 3193 7995 9265 
5409 9512 3835 3158 3028 2855 3701 3060 2355 5551 
1029 5711 3266 4850 5431 5175 7606 7081 1384 6371 
9994 5057 6845 2144 8493 2351 4054 4460 8934 9049 
4091 9224 8776 4894 4177 3767 5344 6061 7900 2374 
6508 4598 9784 2200 4344 2205 3891 5395 8950 4787 
9379 8725 1972 6160 3898 6399 5729 2276 7394 4446 
1181 6499 2667 9001 9196 1064 1088 8161 6077 1500 
6946 3944 1550 8696 5319 7796 2007 4881 7543 8953 
8584 5345 6014 1903 5901 4953 8727 2454 5297 7842 
7787 1429 5008 3876 7845 8788 6261 5297 8079 5138 
7261 7660 6328 9341 7448 7473 9099 7041 8166 8615 
3607 6681 1989 4063 2149 5641 7654 6482 3130 3418 
2367 1553 9993 6352 7149 7289 5966 4084 6117 8452 
6363 6358 4046 9109 2094 4368 5441 1318 1979 7239 
2203 1669 3886 4902 1054 1937 5866 3472 3010 5818 
6942 9697 8747 6974 7841 1688 9252 2825 8747 7871 
2738 5503 1862 1698 3735 3944 8140 1684 8792 4619 
6247 8203 3427 3886 6350 5012 8273 4959 5188 9389 
9571 1992 9746 9711 9135 2018 8230 9475 2424 2122 
8262 9878 6539 8578 9970 2614 6274 8273 7630 3887 
8962 2675 5221 5650 9784 1659 5004 6368 5381 3363 
5948 7607 6036 4486 3003 9968 8898 1553 1254 3395 
3714 3646 8748 2164 1311 1411 9351 4536 7244 3327 
1646 6885 8536 2795 5175 5665 1587 7842 3566 7197 
7277 1318 8940 2176 5351 5733 8443 9845 4834 7077 
1609 1069 4551 5979 6446 7544 3060 5130 3919 7560 
4999 4358 4362 5840 5389 5706 1375 4988 8068 2727 
9540 8280 6160 6478 3288 6140 9286 9213 4365 8556 
5815 3039 5776 2981 1411 7185 6623 3434 7060 4439 
1487 5310 3447 3512 3878 8207 4304 8009 4513 1205 
2745 2443 9940 5580 8208 1913 2485 8190 6537 7639 
3735 5710 3934 1165 6020 9874 8063 8477 6064 9449 
9945 9717 3389 3103 9373 6759 3745 5341 1223 3550 
2530 9728 4156 9357 1064 8353 3526 7408 6890 6300 
3343 7255 9008 8912 8361 2893 6774 5924 8681 6616 
1673 8543 3860 6049 9507 8919 2122 5143 8925 2727 
7048 1211 2195 5725 7562 6809 6639 9425 1568 8437 
1981 8730 6247 8121 4050 3748 1124 8001 7420 7327 
5696 3557 2591 4386 2700 2437 4167 9769 3998 8216 
5208 6343 5375 1445 4240 8368 7948 8448 8223 1061 
8070 9668 3616 3866 6866 9021 5444 1603 4459 1970 
9238 5327 8300 5197 2934 1103 5206 7642 8451 9483 
6186 2352 4130 9858 9399 5873 6931 6159 2278 1537 
2464 5405 7442 5730 5515 9001 2844 3997 4446 5820 
6599 8283 3849 6364 4597 4999 1463 1519 9213 8890 
6713 8461 2209 4775 9795 9824 6220 6700 4410 2194 
5662 8956 1644 5815 2702 8067 2729 6566 9415 6105 
6971 6196 7764 9110 7055 7300 2101 3504 6500 1933 
4512 6221 8553 8021 4656 8441 7889 3597 6098 5050 
3818 7642 9804 4875 5684 6610 5330 5332 3727 6343 
6308 7477 5272 4562 2566 7747 3343 6714 5668 9071 
7531 4575 1777 1448 6216 7862 3283 5932 3494 9017 
1767 2482 9107 6629 6104 9392 5810 9129 7953 6190 
3237 7775 7050 1406 3055 9826 9169 8821 2988 9902 
5043 1035 9737 1255 4697 5560 7417 4460 4448 4205 
5928 4565 7214 1551 8268 8658 6733 9336 2415 6218 
7128 3715 6526 1588 1073 8202 4685 2731 7032 7032 
6263 6140 1696 4241 8048 4996 9080 3600 5139 9481 
1121 1414 4165 6664 8102 5755 1477 8962 7729 2052 
2294 7058 8799 9307 4853 8445 6585 9492 2162 9657 
3044 3222 4290 8848 7009 5116 7885 4872 4045 5410 
9054 6034 9663 9718 9588 3604 4635 7263 6444 6808 
4030 2653 4890 8826 4950 9405 2976 8224 4802 5959 
8628 2205 3050 6503 6326 5118 7052 7050 2132 5860 
5929 4527 4964 6684 8643 1480 9604 7461 3345 5840 
2427 8188 7385 1380 9363 2527 5820 8215 8468 8832 
4108 5387 3044 6735 7530 6133 5033 1551 5564 1526 
5706 2794 9843 2207 6047 4869 6690 8685 1209 9490 
1683 4623 3899 3202 5845 7492 8919 9807 8014 3578 
7203 9448 9892 5499 1672 5373 3697 6832 4812 6200 
5175 2282 1725 6725 6867 3478 8273 8731 4512 8178 
9252 3402 9340 4637 4429 1691 6557 3237 8949 6123 
8759 6941 2585 9091 1452 5784 8140 1133 6924 5076 
6617 1405 9429 4919 7966 6771 6724 2301 5476 7409 
3620 5989 3107 2974 1049 9055 7879 5145 2990 3240 
7679 4435 3504 7934 1613 6735 6724 6500 2838 8808 
3379 2535 1615 9266 6490 8385 7340 6224 3254 1992 
1425 8505 9532 8876 8281 9498 5278 8519 8045 4724 
4444 1708 4591 8901 9501 1097 1110 3208 6581 8294 
7418 7847 8606 2383 4545 3608 4971 4203 6110 2325 
7239 4717 5095 9023 3870 3091 5526 4066 2264 4348 
1897 4571 8605 8852 2351 5102 3765 8332 1345 3783 
9056 1252 2365 8531 9469 7728 9974 3528 3289 7683 
9922 2000 2138 9592 6105 3942 3382 6904 7538 9870 
7905 5658 4302 7401 1445 3141 6245 8533 3549 4765 
8548 1516 8145 1927 4887 1090 4457 1012 9963 2407 
7162 6512 2598 2670 1270 9235 9957 3545 2051 3153 
2537 5906 3136 8641 3185 4627 3156 3073 9006 2257 
7822 8994 5076 3221 6120 3830 6074 8064 7966 5673 
4345 1632 5830 2113 2433 4406 4273 5920 4661 9070 
8109 2407 1368 4101 5404 1301 2779 3727 5337 3155 
1026 9520 6357 7997 5158 8713 9820 8569 2502 5845 
2336 2548 5386 3202 2255 6073 1145 2569 3313 7900 
8768 5733 2406 1845 3234 1976 8482 9375 9429 8563 
7346 3746 1273 4136 9854 8442 2640 7850 3523 8884 
8822 6973 5293 6236 8412 9654 1780 6707 3804 1199 
4552 6184 2030 6514 4544 6986 9809 5850 1278 4488 
9780 4753 7928 1225 6235 7636 4863 8221 5199 1189 